Source,Expected Positive,Priorität,Straftatbestand (Verdacht),Kategorie,Begründung,Name,Username,Profile ID,Date,Likes,Comment,User Verified,Comment ID,Profile URL,Comment URL,Thumbnail,Lfd. Nr. (Original-Export)
test-data3,true,mittel,§ 130 Abs. 1 StGB; § 140 StGB,Billigung Willkürmaßnahme,"Billigt die Handlung des Ladenbesitzers als richtig, was eine Zustimmung zur Willkürmaßnahme gegen Juden darstellt.",laura08.p,laura08.p,51061578599,2026-06-01 22:30:04,0,Er hat alles richtig gemacht,no,18144255622506929,https://www.instagram.com/laura08.p,https://www.instagram.com/p/DZDH8YstgWl/c/18144255622506929,https://scontent-eze1-2.cdninstagram.com/v/t51.82787-19/658112772_18055077857698600_1489459530867472543_n.jpg?stp=dst-jpg_s150x150_tt6&efg=eyJ2ZW5jb2RlX3RhZyI6InByb2ZpbGVfcGljLmRqYW5nby4xMDgwLmMyIn0&_nc_ht=scontent-eze1-2.cdninstagram.com&_nc_cat=104&_nc_oc=Q6cZ2gFxyvHcYDHwYOqQhbrGyX5lvuRiIzTmLa-IN2H8TGoutZ_mVbngtKkALW63ZFVsAv8&_nc_ohc=HJXefbXyX-0Q7kNvwEmsrjC&_nc_gid=iky_bkw_Yq1PXuLyWlf_fg&edm=AI-cjbYBAAAA&ccb=7-5&oh=00_AQAbdqQEoijxg2byDH50jDE3us1DroL2fkerO8OiihsuVQ&oe=6A6AF9EF&_nc_sid=0985b0,389
test-data3,true,mittel,§ 130 Abs. 1 StGB; § 140 StGB,Billigung Willkürmaßnahme,"Aufforderungscharakter, dass sich ""alle deutschen"" am Verhalten des Täters orientieren sollen, billigt und propagiert die Ausgrenzung von Juden.",iburnic,iburnic,47938763528,2026-06-02 00:13:53,0,Bester Mann so sollten alle deutschen sein,no,18077869649400994,https://www.instagram.com/iburnic,https://www.instagram.com/p/DZDH8YstgWl/c/18077869649400994,https://instagram.frtm1-1.fna.fbcdn.net/v/t51.2885-19/573323465_1219825463302212_7278921664109726296_n.png?stp=dst-webp&efg=eyJ2ZW5jb2RlX3RhZyI6InByb2ZpbGVfcGljLmRqYW5nby4xNTAuZXhwZXJpbWVudGFsIn0&_nc_ht=instagram.frtm1-1.fna.fbcdn.net&_nc_cat=1&_nc_oc=Q6cZ2gH4b-h3jBuC1Ll0YZj1NH5sWX2rF6EE7-xnPnF3uf_18zSEc4HyWmbW7FVecuyxVsE&_nc_ohc=vUGxye7DTtYQ7kNvwH4xAsM&_nc_gid=AfIzmpA6l0rqBucSGcRLXA&edm=AJ9x6zYBAAAA&ccb=7-5&ig_cache_key=YW5vbnltb3VzX3Byb2ZpbGVfcGlj.3-ccb7-5&oh=00_AQAswCNX1A9XNsY3PQ6E7G0DMvqljTynu8atcrZiztHBHw&oe=6A6B08EA&_nc_sid=65462d,977
test-data3,true,mittel,§ 130 Abs. 1 StGB,Aufstacheln zum Hass,"Abwertende Verballhornung ""IsraelHell"" mit unterstellter böswilliger Fremdsteuerung, entmenschlichender Unterton gegen Israelis/Juden.",klodja7,klodja7,70962065459,2026-06-01 23:04:54,0,Wir müssen alles reinlassen was IsraelHell befiehlt,no,18078708899230108,https://www.instagram.com/klodja7,https://www.instagram.com/p/DZDH8YstgWl/c/18078708899230108,https://scontent-eze1-2.cdninstagram.com/v/t51.82787-19/643091878_17906305098361460_6916762602161824497_n.jpg?stp=dst-jpg_s150x150_tt6&efg=eyJ2ZW5jb2RlX3RhZyI6InByb2ZpbGVfcGljLmRqYW5nby4xMDgwLmMyIn0&_nc_ht=scontent-eze1-2.cdninstagram.com&_nc_cat=108&_nc_oc=Q6cZ2gGoRh-mGgodevo4QlLspcX7B8PahW0b8SB6NS1m_8fonqYph2qz5QBeTw_2RxmZW1Y&_nc_ohc=Hap4Xd4v7qEQ7kNvwEjby53&_nc_gid=vgJ0G_fMNYvbt8D-6xUDjQ&edm=AI-cjbYBAAAA&ccb=7-5&oh=00_AQC4N9VNUyAfyuZgAwIuVPVFv1r6516UVIbK6Xyvf2FsVQ&oe=6A6AFFFB&_nc_sid=0985b0,581
test-data3,true,mittel,§ 130 Abs. 1 StGB,Billigung Willkürmaßnahme,"Fordert eine Ehrung des Täters (""sollte geehrt werden"") für das antisemitische Hausverbotsschild.",a.h81x,a.h81x,1948926825,2026-06-02 21:20:47,0,Der Mann hat Eier und sollte geehrt werden,no,18093116597192950,https://www.instagram.com/a.h81x,https://www.instagram.com/p/DZDH8YstgWl/c/18093116597192950,https://scontent-eze1-2.cdninstagram.com/v/t51.2885-19/11333623_1624595397787657_1327633946_a.jpg?stp=dst-jpg_s150x150_tt6&efg=eyJ2ZW5jb2RlX3RhZyI6InByb2ZpbGVfcGljLmRqYW5nby4xNTAuYzIifQ&_nc_ht=scontent-eze1-2.cdninstagram.com&_nc_cat=101&_nc_oc=Q6cZ2gE_cNcSO2qfGLAZ8ygOUJsiffrN3BhX-exemmTunhu2kadWKTpLPza4mr_YevnkrKs&_nc_ohc=Rt_VeJRgIsIQ7kNvwEF2LNs&_nc_gid=RcMBT0Msm-52mftmbJkokg&edm=AI-cjbYBAAAA&ccb=7-5&oh=00_AQCM3IFfkZP92AROztUZUr9G3eCqmpwiDAR1iFHxNYnKGA&oe=6A6B1A1A&_nc_sid=0985b0,3606
test-data3,true,mittel,§ 130 Abs. 1 StGB; § 140 StGB,Billigung Willkürmaßnahme,"Bezeichnet den Täter als ""Held"", der einen ""Orden"" verdiene; verherrlicht die diskriminierende Handlung gegen Juden.",ali9670299,ali9670299,78452738961,2026-06-02 01:24:00,0,Der Mann ist ein Held und müsste dafür einen Orden kriegen unbedingt 👏👏👏👏,no,18115623361642055,https://www.instagram.com/ali9670299,https://www.instagram.com/p/DZDH8YstgWl/c/18115623361642055,https://scontent-eze1-1.cdninstagram.com/v/t51.82787-19/589303182_17847028203610962_933045587946427902_n.jpg?stp=dst-jpg_s150x150_tt6&efg=eyJ2ZW5jb2RlX3RhZyI6InByb2ZpbGVfcGljLmRqYW5nby4zMjAuYzIifQ&_nc_ht=scontent-eze1-1.cdninstagram.com&_nc_cat=106&_nc_oc=Q6cZ2gGxS6S0mFeiim_iEpNQqAAkM_oXWrox0S1v0AIaHYVylAjhfZx_gxcoGlTtRb37hok&_nc_ohc=DvN98Dxz2pMQ7kNvwG0h5i_&_nc_gid=22-tlho5iaWT-8CyqMAZ4A&edm=AI-cjbYBAAAA&ccb=7-5&oh=00_AQA8dwqalmksYPzuKSrmz__ZXpPZGyFKLmcy1JIoaQrVHg&oe=6A6B02C8&_nc_sid=0985b0,1247
test-data3,true,mittel,§ 130 Abs. 1 StGB; § 140 StGB,Billigung Willkürmaßnahme,"Ausdrückliche Zustimmung zur Tat des Ladenbesitzers (""wir brauchen mehr leute wie ihn"") billigt die diskriminierende Willkürmaßnahme gegen Juden als Gruppe.",gb.gonzalez69,gb.gonzalez69,71079560055,2026-06-02 00:12:30,0,NIEMAND IST EMPÖRT 😂😂😂 wir brauchen mehr leute wie ihn !,no,17973844965069672,https://www.instagram.com/gb.gonzalez69,https://www.instagram.com/p/DZDH8YstgWl/c/17973844965069672,https://scontent-eze1-1.cdninstagram.com/v/t51.2885-19/468531429_986030146874147_1395717063272190774_n.jpg?stp=dst-jpg_s150x150_tt6&efg=eyJ2ZW5jb2RlX3RhZyI6InByb2ZpbGVfcGljLmRqYW5nby4xMDI0LmMyIn0&_nc_ht=scontent-eze1-1.cdninstagram.com&_nc_cat=111&_nc_oc=Q6cZ2gFefdEEjFN0GqVMVdcsntNA9yAMXW79onrqemn3_ADlPiCyUbi4OciW35blojUl6bg&_nc_ohc=fvqagJIAhmEQ7kNvwFCowmp&_nc_gid=WF7HRP2X5aA72YC1xYTJ-g&edm=AI-cjbYBAAAA&ccb=7-5&oh=00_AQCEZfhCQSzhu5HKvIBKhdMaaq0tUs4Lx8yTd0XWnZyfUw&oe=6A6B05F8&_nc_sid=0985b0,968
test-data3,true,mittel,§ 130 Abs. 1 StGB; § 140 StGB,Billigung Willkürmaßnahme,"""Free hans"" fordert die Freilassung/Straffreiheit des Täters und billigt damit dessen Handlung.",lorenzo_g59,lorenzo_g59,9389644423,2026-06-02 02:11:22,0,Free hans,no,18374344723166826,https://www.instagram.com/lorenzo_g59,https://www.instagram.com/p/DZDH8YstgWl/c/18374344723166826,https://scontent-eze1-1.cdninstagram.com/v/t51.2885-19/217424822_830383644531977_8041618178403364631_n.jpg?stp=dst-jpg_s150x150_tt6&efg=eyJ2ZW5jb2RlX3RhZyI6InByb2ZpbGVfcGljLmRqYW5nby43MTkuYzIifQ&_nc_ht=scontent-eze1-1.cdninstagram.com&_nc_cat=105&_nc_oc=Q6cZ2gGmZljf3BRSkO170gxDqy8p7kf534XqM2D6DhQdi-oNo6Z_QJz8j7mTaiR1Gq8F0s8&_nc_ohc=qPhACrS8Sa8Q7kNvwFTfu8o&_nc_gid=PJ6l6j7NIIk05K7-0E5qPA&edm=AI-cjbYBAAAA&ccb=7-5&oh=00_AQBG91MtDIXOtnvAP5mPPNEPF_tRuIfV6vCs5byUMD8Fhw&oe=6A6AFF79&_nc_sid=0985b0,1422
test-data3,true,mittel,§ 130 Abs. 1 StGB,Billigung Willkürmaßnahme,"""Macher"" im täterfreundlichen Kontext lobt die Handlung des Verurteilten.",silversurfer_200sx,silversurfer_200sx,34009819208,2026-06-02 00:03:30,0,Macher,no,18154978234475378,https://www.instagram.com/silversurfer_200sx,https://www.instagram.com/p/DZDH8YstgWl/c/18154978234475378,https://scontent-eze1-1.cdninstagram.com/v/t51.82787-19/719828173_18099610565131209_5539628270625608685_n.jpg?stp=dst-jpg_s150x150_tt6&efg=eyJ2ZW5jb2RlX3RhZyI6InByb2ZpbGVfcGljLmRqYW5nby4xMDgwLmMyIn0&_nc_ht=scontent-eze1-1.cdninstagram.com&_nc_cat=109&_nc_oc=Q6cZ2gFJfIsg4ul4p8ArgfrrkODARU39mR7HzwzsRj38foBDqg2rPNAtTmwedj5o64ris5I&_nc_ohc=Kc91gyAMCC0Q7kNvwEu4DBj&_nc_gid=YrzuNyzzogGfc-a3QYyuaA&edm=AI-cjbYBAAAA&ccb=7-5&oh=00_AQAovtW755BTFTlGP4Uz1wo9c8SrzLLyUGLbRA0R2GZf1A&oe=6A6AFDC5&_nc_sid=0985b0,927
test-data3,true,mittel,§ 130 Abs. 1 StGB; § 140 StGB,Billigung Willkürmaßnahme,"Billigt die Tat ausdrücklich als richtig, ohne dass ein anderer Bezug (z.B. zum Urteil) erkennbar ist.",wittmann683,wittmann683,59370746606,2026-06-08 02:06:59,0,Alles richtig gemacht,no,18104411984020950,https://www.instagram.com/wittmann683,https://www.instagram.com/p/DZDH8YstgWl/c/18104411984020950,https://scontent-eze1-1.cdninstagram.com/v/t51.2885-19/447078801_351277241307105_6740623570502825616_n.jpg?stp=dst-jpg_s150x150_tt6&efg=eyJ2ZW5jb2RlX3RhZyI6InByb2ZpbGVfcGljLmRqYW5nby41NDAuYzIifQ&_nc_ht=scontent-eze1-1.cdninstagram.com&_nc_cat=109&_nc_oc=Q6cZ2gHh5MhqYl2vFM_4hNkzbKZzTmjZRNICWMOnlFgye1ptqAft-EHF9x1PRz_oKmBSCgk&_nc_ohc=osxz-2L2nbUQ7kNvwFnZbtz&_nc_gid=KuwWMFrtGQ5oLfeysdhwqg&edm=AI-cjbYBAAAA&ccb=7-5&oh=00_AQDNopkDLRu926LLK2jEtEJfpFIICCALt5po0fRbFM2dtg&oe=6A6AEACE&_nc_sid=0985b0,4391
data2,,,,,,manu.me96_1893,manu.me96_1893,49061947053,2026-06-01 23:59:06,0,"Die Kommentare bestätigen leider so ziemlich jedes Vorurteil, dass ich gegenüber RTL Zuschauern habe...",no,18081895775172313,https://www.instagram.com/manu.me96_1893,https://www.instagram.com/p/DZDH8YstgWl/c/18081895775172313,https://scontent-eze1-1.cdninstagram.com/v/t51.2885-19/234175300_203506661731078_599102986938622150_n.jpg?stp=dst-jpg_s150x150_tt6&efg=eyJ2ZW5jb2RlX3RhZyI6InByb2ZpbGVfcGljLmRqYW5nby40NTcuYzIifQ&_nc_ht=scontent-eze1-1.cdninstagram.com&_nc_cat=110&_nc_oc=Q6cZ2gFJfIsg4ul4p8ArgfrrkODARU39mR7HzwzsRj38foBDqg2rPNAtTmwedj5o64ris5I&_nc_ohc=caAfAFiArIoQ7kNvwGvfp-t&_nc_gid=YrzuNyzzogGfc-a3QYyuaA&edm=AI-cjbYBAAAA&ccb=7-5&oh=00_AQBkpCJQRslV0SNRPquFSfJ--sZfRQALFByz2-ofFSahPw&oe=6A6AF722&_nc_sid=0985b0,
test-data3,true,mittel,§ 130 Abs. 1 StGB; § 140 StGB,Billigung Willkürmaßnahme,"""Geiler Typ"" mit mehreren positiven Emojis billigt die diskriminierende Handlung des Täters.",60bubu,60bubu,32412411452,2026-06-02 02:04:12,0,Geiler Typ ❤️🙌👏,no,17955326097136928,https://www.instagram.com/60bubu,https://www.instagram.com/p/DZDH8YstgWl/c/17955326097136928,https://scontent-eze1-2.cdninstagram.com/v/t51.2885-19/472503077_1142050040806609_1322463445413021054_n.jpg?stp=dst-jpg_s150x150_tt6&efg=eyJ2ZW5jb2RlX3RhZyI6InByb2ZpbGVfcGljLmRqYW5nby4zMjAuYzIifQ&_nc_ht=scontent-eze1-2.cdninstagram.com&_nc_cat=101&_nc_oc=Q6cZ2gGmZljf3BRSkO170gxDqy8p7kf534XqM2D6DhQdi-oNo6Z_QJz8j7mTaiR1Gq8F0s8&_nc_ohc=9wWVD9DFO7QQ7kNvwFSLPqc&_nc_gid=PJ6l6j7NIIk05K7-0E5qPA&edm=AI-cjbYBAAAA&ccb=7-5&oh=00_AQD0Ag0rY6sgJdlAS2oplnKeAZZUvfpnujN2NT4gUaVfWA&oe=6A6B16C9&_nc_sid=0985b0,1397
test-data3,true,mittel,§ 130 Abs. 1 StGB,Sonstiges,"'Goyschland' ist eine abwertende Wortschöpfung aus dem antisemitischen Begriff 'Goy' und 'Deutschland', suggeriert eine jüdische Fremdbestimmung Deutschlands (Verschwörungsnarrativ).",bazillus9,bazillus9,4060354454,2026-06-02 13:57:34,0,Goyschland.,no,18220251883321221,https://www.instagram.com/bazillus9,https://www.instagram.com/p/DZDH8YstgWl/c/18220251883321221,https://scontent-eze1-1.cdninstagram.com/v/t51.2885-19/480403133_601029442910062_5827027575809892091_n.jpg?stp=dst-jpg_s150x150_tt6&efg=eyJ2ZW5jb2RlX3RhZyI6InByb2ZpbGVfcGljLmRqYW5nby4xMDgwLmMyIn0&_nc_ht=scontent-eze1-1.cdninstagram.com&_nc_cat=110&_nc_oc=Q6cZ2gFsZamjER4JTrapvAdLWKy6OGsTRI8sYhvrtNbPfVOlO9_bmniLvlDmUjXa3CE8dAE&_nc_ohc=mV-eUcj3nd4Q7kNvwGfXvWt&_nc_gid=rFRXkwMfudjLSQofWKirww&edm=AI-cjbYBAAAA&ccb=7-5&oh=00_AQB-gLBLqZfLJ8kytM0PZ88SWeC_5vzdbjs9UQP9Ot-DuQ&oe=6A6AF2FB&_nc_sid=0985b0,2756
test-data3,true,mittel,§ 130 Abs. 1 StGB; § 140 StGB,Billigung Willkürmaßnahme,"""Hans Ehrenmann"" mit Zustimmungs-Emoji, namentliche Nennung des Ladenbesitzers - billigt dessen Handlung.",trksvtsgl,trksvtsgl,61544158537,2026-06-02 09:51:51,0,Hans Ehrenmann 👍,no,18062232812709379,https://www.instagram.com/trksvtsgl,https://www.instagram.com/p/DZDH8YstgWl/c/18062232812709379,https://scontent-eze1-1.cdninstagram.com/v/t51.82787-19/651189152_17963488722054538_4537727394411049877_n.jpg?stp=dst-jpg_s150x150_tt6&efg=eyJ2ZW5jb2RlX3RhZyI6InByb2ZpbGVfcGljLmRqYW5nby4xMDgwLmMyIn0&_nc_ht=scontent-eze1-1.cdninstagram.com&_nc_cat=110&_nc_oc=Q6cZ2gH-GmhL3n0D3szlTHUgVwbWHv52WQecArKeXjsXwz3m3eS6zDRgbtQvubmht4Egbog&_nc_ohc=n46g8eZXYR8Q7kNvwEO-H9C&_nc_gid=1HHB9ytEXrMhg3sCH7JS6Q&edm=AI-cjbYBAAAA&ccb=7-5&oh=00_AQBRhMkn8H7iVzXr_olXCkaXLg5NrOvTPoB62pfrzdImuA&oe=6A6AEE63&_nc_sid=0985b0,2138
test-data3,true,mittel,§ 130 Abs. 1 StGB,Billigung Willkürmaßnahme,'Ehrenmann' im Kontext der Verteidigung des antisemitischen Schildes billigt die Willkürmaßnahme.,kasapmelo_64,kasapmelo_64,67440948763,2026-06-02 12:44:56,0,Ehrenmann,no,18074181902306032,https://www.instagram.com/kasapmelo_64,https://www.instagram.com/p/DZDH8YstgWl/c/18074181902306032,https://scontent-eze1-2.cdninstagram.com/v/t51.82787-19/674528102_17931003366252764_3879450464136784787_n.jpg?stp=dst-jpg_s150x150_tt6&efg=eyJ2ZW5jb2RlX3RhZyI6InByb2ZpbGVfcGljLmRqYW5nby4xMDgwLmMyIn0&_nc_ht=scontent-eze1-2.cdninstagram.com&_nc_cat=108&_nc_oc=Q6cZ2gEzLi-XJ68h95Rd6yyRQ7ndEZxMZZCk2bBzyEo3AMJ5rWHZ3sv7D27NW2nrOnJvhGA&_nc_ohc=-pECD-jcgXQQ7kNvwGWtPvy&_nc_gid=hbdSeAVv6SC1TEvzFicUPw&edm=AI-cjbYBAAAA&ccb=7-5&oh=00_AQBEe8y2uGPqqzX9t8VA5WgGwcSrOImC23XeiHQtNq4Fog&oe=6A6AE8C8&_nc_sid=0985b0,2572
test-data3,true,hoch,§ 130 Abs. 1 StGB,Aufstacheln zum Hass,"Bezeichnet Israelis pauschal als 'Israel terrorist forces', die 'Kinder töten', kollektive Täterzuschreibung an eine ganze Volksgruppe unabhängig vom individuellen Verhalten.",hmlvdb,hmlvdb,75632509003,2026-06-02 13:49:00,0,@m0rice.kch stimmt überhaupt NICHT!!!!! Israeli dürfen nicht rein..IOF / ITf Israel terrorist forces... töööööööten Kinder.... kommen nach Thailand für Urlaub!??!,no,17930082795311684,https://www.instagram.com/hmlvdb,https://www.instagram.com/p/DZDH8YstgWl/c/17930082795311684,https://scontent-eze1-2.cdninstagram.com/v/t51.2885-19/505753409_17842395954525004_3569783258162210697_n.jpg?stp=dst-jpg_s150x150_tt6&efg=eyJ2ZW5jb2RlX3RhZyI6InByb2ZpbGVfcGljLmRqYW5nby4xMDgwLmMyIn0&_nc_ht=scontent-eze1-2.cdninstagram.com&_nc_cat=104&_nc_oc=Q6cZ2gFsZamjER4JTrapvAdLWKy6OGsTRI8sYhvrtNbPfVOlO9_bmniLvlDmUjXa3CE8dAE&_nc_ohc=YcMEZFPKbqwQ7kNvwE2o2Pg&_nc_gid=rFRXkwMfudjLSQofWKirww&edm=AI-cjbYBAAAA&ccb=7-5&oh=00_AQCUhaGWUIzWQV4jB3KEBCP5vfZj3uggOfZ06uHlN2WHuw&oe=6A6B0580&_nc_sid=0985b0,2741
test-data3,true,mittel,§ 130 Abs. 1 StGB,Aufstacheln zum Hass,"""Good goy"" - erneuter antisemitischer Code, der Kontrolle/Unterwürfigkeit gegenüber Juden unterstellt.",halblings.welt,halblings.welt,47949473192,2026-06-02 10:34:26,0,Good goy😂😂😂😂,no,18084248201388552,https://www.instagram.com/halblings.welt,https://www.instagram.com/p/DZDH8YstgWl/c/18084248201388552,https://scontent-eze1-1.cdninstagram.com/v/t51.2885-19/194953166_748311642503273_973626155754006730_n.jpg?stp=dst-jpg_s150x150_tt6&efg=eyJ2ZW5jb2RlX3RhZyI6InByb2ZpbGVfcGljLmRqYW5nby4xMDgwLmMyIn0&_nc_ht=scontent-eze1-1.cdninstagram.com&_nc_cat=105&_nc_oc=Q6cZ2gGRKIN_u46ylObHfLOQ1cliQiFRgPEEbFR0LJZYpE3uSspjuHoakAgs3MdpgdbJQKM&_nc_ohc=Jb2DUJXo5U8Q7kNvwE7XEGW&_nc_gid=8AVAm4LMoUPtYllax7dJyA&edm=AI-cjbYBAAAA&ccb=7-5&oh=00_AQAUFQ1Q9MefS-RzWl9XzTBihDonHHxPCXKa--moyy0QMg&oe=6A6B15EC&_nc_sid=0985b0,2246
test-data3,true,mittel,§ 130 Abs. 1 StGB,Aufstacheln zum Hass,"Kündigt eigene pauschale Ausgrenzung von 'arabs' aus dem eigenen Geschäft an, was einer Billigung von Willkürmaßnahmen gegen eine ethnische Gruppe entspricht.",under.wood101,under.wood101,78201434339,2026-07-16 00:28:12,0,Hausrecht. Ganz klar. Bei mir würden halt keine arabs rein kommen.,no,17911194423245863,https://www.instagram.com/under.wood101,https://www.instagram.com/p/DZDH8YstgWl/c/17911194423245863,https://scontent-eze1-2.cdninstagram.com/v/t51.82787-19/619217668_17854413684602340_7595189986942051869_n.jpg?stp=dst-jpg_s150x150_tt6&efg=eyJ2ZW5jb2RlX3RhZyI6InByb2ZpbGVfcGljLmRqYW5nby40OTYuYzIifQ&_nc_ht=scontent-eze1-2.cdninstagram.com&_nc_cat=100&_nc_oc=Q6cZ2gH7Nl82ArK0Vlbr9K88HBVUWHtl6ndHVPCBWBFeu3pfwVrOZl6ilWFnyu4njBen-U0&_nc_ohc=V2bQK1oqZZoQ7kNvwFBlBaW&_nc_gid=w-N5XI8z3j0vC9fn6GXpTw&edm=AI-cjbYBAAAA&ccb=7-5&oh=00_AQBcYSHPQ_ft6bocw5VfsJpRpcpzA-b8G1Hgihs6ki0ywQ&oe=6A6AF6AC&_nc_sid=0985b0,4663
test-data3,true,mittel,§ 130 Abs. 1 StGB,Billigung Willkürmaßnahme,"'Volksheld' als Verherrlichung des Täters, der Juden ausgeschlossen hat.",kevin_bier_zu_haus,kevin_bier_zu_haus,48872941545,2026-06-02 14:38:30,0,Volksheld👍,no,18357528148239478,https://www.instagram.com/kevin_bier_zu_haus,https://www.instagram.com/p/DZDH8YstgWl/c/18357528148239478,https://scontent-eze1-1.cdninstagram.com/v/t51.2885-19/241021185_909041359699205_3605900554782155563_n.jpg?stp=dst-jpg_s150x150_tt6&efg=eyJ2ZW5jb2RlX3RhZyI6InByb2ZpbGVfcGljLmRqYW5nby4xMDgwLmMyIn0&_nc_ht=scontent-eze1-1.cdninstagram.com&_nc_cat=105&_nc_oc=Q6cZ2gGIPZ8-ZhKuHQysFuAhR_hlkDTfEb29CbufMAkTmvkGw9oEMCahO97976yaNrxU_-Q&_nc_ohc=Q1A0N7ES394Q7kNvwGYwn1P&_nc_gid=tFH9vaNpUjdfCKd1GklJ2g&edm=AI-cjbYBAAAA&ccb=7-5&oh=00_AQDgc2u3tGFS5Sr50PeznPQLVTya9vC0yYuJwnLD_vpsVw&oe=6A6B0301&_nc_sid=0985b0,2869
test-data3,true,mittel,§ 130 Abs. 1 StGB; § 140 StGB,Billigung Willkürmaßnahme,"""Ehrenmann"" mit Applaus-Emoji - billigende Zustimmung zur Handlung des Ladenbesitzers.",buddycool4521,buddycool4521,6835526616,2026-06-02 11:22:14,0,👏👏👏👏 Ehrenmann,no,18131801635598356,https://www.instagram.com/buddycool4521,https://www.instagram.com/p/DZDH8YstgWl/c/18131801635598356,https://scontent-eze1-2.cdninstagram.com/v/t51.2885-19/167278825_273897240939180_525654280349875153_n.jpg?stp=dst-jpg_s150x150_tt6&efg=eyJ2ZW5jb2RlX3RhZyI6InByb2ZpbGVfcGljLmRqYW5nby45NjAuYzIifQ&_nc_ht=scontent-eze1-2.cdninstagram.com&_nc_cat=100&_nc_oc=Q6cZ2gHO7MG-bpYVI3HQYID0A1hP-w0yKBLexaPI-fIVkQc_uE8IjXhoiGyo65QQwEHeLSc&_nc_ohc=MzJB-4bD-H0Q7kNvwGz-h5n&_nc_gid=wIGp_SMY_r0uB0dtCACt7A&edm=AI-cjbYBAAAA&ccb=7-5&oh=00_AQC-V2_ePlWlFkHr0osufeM98WZ2dmu4ZB36nO4H6_Fz_Q&oe=6A6AF241&_nc_sid=0985b0,2367
data2,,,,,,krdmr_ugur7,krdmr_ugur7,42595421944,2026-06-02 07:47:37,0,Sein laden seine regeln 😉,no,18079209320644657,https://www.instagram.com/krdmr_ugur7,https://www.instagram.com/p/DZDH8YstgWl/c/18079209320644657,https://scontent-eze1-1.cdninstagram.com/v/t51.82787-19/722520805_18086776610421945_6187008594864052607_n.jpg?stp=dst-jpg_s150x150_tt6&efg=eyJ2ZW5jb2RlX3RhZyI6InByb2ZpbGVfcGljLmRqYW5nby4xMDgwLmMyIn0&_nc_ht=scontent-eze1-1.cdninstagram.com&_nc_cat=109&_nc_oc=Q6cZ2gEi5cVqnRTque2D9l6RfClHe3Qjqq5JfQ8lM3W2q2UnP3fI1orTEUOFOdWqE2rFHsI&_nc_ohc=EBBjOIKuvlEQ7kNvwGCnT1O&_nc_gid=SQM2PusNa8_ZFJVizXEaSA&edm=AI-cjbYBAAAA&ccb=7-5&oh=00_AQCywTOYd-fCwhxIzlV9qz7XPAcX-_smYKIfIpb_q2TbNQ&oe=6A6B1907&_nc_sid=0985b0,
test-data3,true,mittel,§ 130 Abs. 1 StGB; § 140 StGB,Billigung Willkürmaßnahme,"Bezeichnet die Verurteilung als ""krank"" und ""unglaublich"", billigt damit implizit die zugrunde liegende Tat.",_.cxro_lina_,_.cxro_lina_,2375097311,2026-06-02 00:49:03,0,Krank das er verurteilt wurde …. Unglaublich,no,18135518767560186,https://www.instagram.com/_.cxro_lina_,https://www.instagram.com/p/DZDH8YstgWl/c/18135518767560186,https://scontent-eze1-2.cdninstagram.com/v/t51.82787-19/753546359_18551047660073312_5936162690483542186_n.jpg?stp=dst-jpg_s150x150_tt6&efg=eyJ2ZW5jb2RlX3RhZyI6InByb2ZpbGVfcGljLmRqYW5nby4xMDgwLmMyIn0&_nc_ht=scontent-eze1-2.cdninstagram.com&_nc_cat=108&_nc_oc=Q6cZ2gFGol7qb3X3CS0h-v7KrbACorAlMG6bngrCn_16G1vR-jdIW-LglFk994SIYGR0lJs&_nc_ohc=dgJh3Fpqv1wQ7kNvwERO4Al&_nc_gid=aaM4gx5cCxKlb4t5Rlom1A&edm=AI-cjbYBAAAA&ccb=7-5&oh=00_AQC3AkDfafI7JDvssAikbrVCmvpLJchImjMA9doBXV0y-Q&oe=6A6B0BC0&_nc_sid=0985b0,1113
test-data3,true,mittel,§ 130 Abs. 1 StGB; § 140 StGB,Billigung Willkürmaßnahme,Billigt die Tat ausdrücklich ('alles richtig gemacht').,maurice316_,maurice316_,39325462024,2026-07-21 18:02:18,0,Alles richtig gemacht,no,18614288830029805,https://www.instagram.com/maurice316_,https://www.instagram.com/p/DZDH8YstgWl/c/18614288830029805,https://scontent-eze1-2.cdninstagram.com/v/t51.82787-19/589917457_18092379737310025_1398473656789962259_n.jpg?stp=dst-jpg_s150x150_tt6&efg=eyJ2ZW5jb2RlX3RhZyI6InByb2ZpbGVfcGljLmRqYW5nby4xMDgwLmMyIn0&_nc_ht=scontent-eze1-2.cdninstagram.com&_nc_cat=101&_nc_oc=Q6cZ2gGnVpVmfeNnAHWLaygWzShvyQ4K8EsBvWaZYU6sHsrax5-voa0eJOs-VhBg9cq8I2w&_nc_ohc=Nnb8V9hKXMQQ7kNvwGFSz7l&_nc_gid=NHnkhQ4eWclZLVvAvWi6OA&edm=AI-cjbYBAAAA&ccb=7-5&oh=00_AQAA_xu2Zi1PufCVMNkduMsW7-5qduhUSsDHeE7JmzdTQw&oe=6A6B07D9&_nc_sid=0985b0,4718
test-data3,true,mittel,§ 130 Abs. 1 StGB,Sonstiges,"Bezeichnung Deutschlands als 'verseuchtes Land, das nicht mehr den Deutschen gehört' im Kontext der Debatte trägt Verschwörungsnarrative über fremde Vereinnahmung, anschlussfähig an antisemitische Stereotype.",ari.12sh,ari.12sh,289523773,2026-06-02 15:13:50,0,unglaublich.Ein verseuchten land was nicht mehr den deutschen gehört.,no,18108596992745968,https://www.instagram.com/ari.12sh,https://www.instagram.com/p/DZDH8YstgWl/c/18108596992745968,https://scontent-eze1-1.cdninstagram.com/v/t51.82787-19/728093303_18607769017051774_6361867537463329231_n.jpg?stp=dst-jpg_s150x150_tt6&efg=eyJ2ZW5jb2RlX3RhZyI6InByb2ZpbGVfcGljLmRqYW5nby4xMDgwLmMyIn0&_nc_ht=scontent-eze1-1.cdninstagram.com&_nc_cat=110&_nc_oc=Q6cZ2gEuWXuH6_xt_8eQlz-nKJDUVA9sbkPbbSK1I59JwDOU3MT7k-VjE-3KdCbFFhh405s&_nc_ohc=HT2dJ0078NgQ7kNvwH-hver&_nc_gid=AmV9HJcF1GPWlAn7gH1xXw&edm=AI-cjbYBAAAA&ccb=7-5&oh=00_AQCmOKeMqirrjqx5ojvPMTq7Qv4-2TtXlEjx50qtfxbOyA&oe=6A6B0433&_nc_sid=0985b0,2958
test-data3,true,mittel,§ 130 Abs. 1 StGB; § 140 StGB,Billigung Willkürmaßnahme,Billigt explizit die als Volksverhetzung gewertete Tat des Ladenbesitzers ('alles richtig gemacht').,74_mato,74_mato,6809320550,2026-06-07 11:19:07,0,Das ist crazy. Der gute Mann hat alles richtig gemacht!💪,no,18064875707459741,https://www.instagram.com/74_mato,https://www.instagram.com/p/DZDH8YstgWl/c/18064875707459741,https://scontent-eze1-1.cdninstagram.com/v/t51.82787-19/747160785_18368595724224551_8338427101039905236_n.jpg?stp=dst-jpg_s150x150_tt6&efg=eyJ2ZW5jb2RlX3RhZyI6InByb2ZpbGVfcGljLmRqYW5nby4xMDgwLmMyIn0&_nc_ht=scontent-eze1-1.cdninstagram.com&_nc_cat=111&_nc_oc=Q6cZ2gF6ItV5BdiygrNqcilfJz5Bxq7K2gdc8Of-BmhN7gJwp_Vha-DoneOUaAjvw_kB81c&_nc_ohc=cdItRFtlMwoQ7kNvwFZkiLQ&_nc_gid=DxPAZg8FE7wj6FNy2JU8ag&edm=AI-cjbYBAAAA&ccb=7-5&oh=00_AQA7hKc6SMyU3J4YVmfdrCr2hkXcWJctnkyzqBOBiF0meA&oe=6A6B1E35&_nc_sid=0985b0,4361
test-data3,true,mittel,§ 130 Abs. 1 StGB,Billigung Willkürmaßnahme,Ausdrückliche Solidaritätsbekundung mit dem Täter billigt dessen Handeln gegen Juden.,mnct2503,mnct2503,63849437361,2026-06-01 23:25:58,0,Solidarität mit dem Besitzer. 🙌,no,18119204866634055,https://www.instagram.com/mnct2503,https://www.instagram.com/p/DZDH8YstgWl/c/18119204866634055,https://scontent-eze1-1.cdninstagram.com/v/t51.82787-19/751496429_17963704161133362_8589045417535684876_n.jpg?stp=dst-jpg_s150x150_tt6&efg=eyJ2ZW5jb2RlX3RhZyI6InByb2ZpbGVfcGljLmRqYW5nby4xMDgwLmMyIn0&_nc_ht=scontent-eze1-1.cdninstagram.com&_nc_cat=106&_nc_oc=Q6cZ2gGIkHaFha-pjjgrMPBRg9vSdfKLQkaP2Aw9DL96V73-gzohNTZHSA_HhKJjhajFjaI&_nc_ohc=C6Por9SdMm0Q7kNvwG7CBgK&_nc_gid=7sKxbd0sCPdog9KPBjaBkw&edm=AI-cjbYBAAAA&ccb=7-5&oh=00_AQBm-AwLVuFPw_44ueiDsFvN3tygU72ZXs4mL9w650H1-A&oe=6A6AF3C9&_nc_sid=0985b0,669
test-data3,true,mittel,§ 130 Abs. 1 StGB,Billigung Willkürmaßnahme,'Der Mann ist der beste' als klare Zustimmung zur Handlung gegenüber Juden.,chameleon.657629,chameleon.657629,73793580883,2026-06-02 13:05:20,0,Der Mann ist der beste 👏,no,18066079664430833,https://www.instagram.com/chameleon.657629,https://www.instagram.com/p/DZDH8YstgWl/c/18066079664430833,https://scontent-eze1-2.cdninstagram.com/v/t51.2885-19/573323465_1219825463302212_7278921664109726296_n.png?stp=dst-jpg_s150x150_tt6&efg=eyJ2ZW5jb2RlX3RhZyI6InByb2ZpbGVfcGljLmRqYW5nby4xNTAuYzIifQ&_nc_ht=scontent-eze1-2.cdninstagram.com&_nc_cat=1&_nc_oc=Q6cZ2gF6Q6RFt7xnrGptOchvQ7rvAe-lXEYCVswutgVV2Iw1gRPQue5pPll7S1U2cyKb8Hg&_nc_ohc=vUGxye7DTtYQ7kNvwHyWyhS&_nc_gid=UQSp5_q_w4lgaSB1vxizLA&edm=AI-cjbYBAAAA&ccb=7-5&ig_cache_key=YW5vbnltb3VzX3Byb2ZpbGVfcGlj.3-ccb7-5&oh=00_AQDXwzu_Foh6KDkZ6eqhifgwR2RmCECViL3xD3ON-Y4INQ&oe=6A6B08EA&_nc_sid=0985b0,2635
test-data3,true,mittel,§ 130 Abs. 1 StGB,Billigung Willkürmaßnahme,"'Er hat alles richtig gemacht, Respekt!' als deutliche Zustimmung zur antisemitischen Handlung.",ecem.37_,ecem.37_,19063742713,2026-06-02 14:38:39,0,"Er hat alles richtig gemacht, Respekt !!!!",no,18320883817277458,https://www.instagram.com/ecem.37_,https://www.instagram.com/p/DZDH8YstgWl/c/18320883817277458,https://scontent-eze1-1.cdninstagram.com/v/t51.82787-19/754143757_18128805475638714_160690723502154310_n.jpg?stp=dst-jpg_s150x150_tt6&efg=eyJ2ZW5jb2RlX3RhZyI6InByb2ZpbGVfcGljLmRqYW5nby43NjguYzIifQ&_nc_ht=scontent-eze1-1.cdninstagram.com&_nc_cat=106&_nc_oc=Q6cZ2gGIPZ8-ZhKuHQysFuAhR_hlkDTfEb29CbufMAkTmvkGw9oEMCahO97976yaNrxU_-Q&_nc_ohc=XcmhtnQWSmoQ7kNvwHMp4KN&_nc_gid=tFH9vaNpUjdfCKd1GklJ2g&edm=AI-cjbYBAAAA&ccb=7-5&oh=00_AQBGhpITUeTingk250XLMWAsrprkOfMGGKc747qMYOkXqA&oe=6A6B1E19&_nc_sid=0985b0,2872
test-data3,true,mittel,§ 130 Abs. 1 StGB,Billigung Willkürmaßnahme,"Erklärt ausdrücklich Unterstützung für den Täter (""Weiter so"", ""bin der erste der hinter dir steht"") bezogen auf das antisemitische Hausverbotsschild.",mck._.23,mck._.23,6848074123,2026-06-02 19:48:35,0,Weiter so mein Freund bin der erste der hinter dir steht 🙌,no,18084504680119154,https://www.instagram.com/mck._.23,https://www.instagram.com/p/DZDH8YstgWl/c/18084504680119154,https://scontent-eze1-2.cdninstagram.com/v/t51.82787-19/684156763_18362027356226124_5177857639334934003_n.jpg?stp=dst-jpg_s150x150_tt6&efg=eyJ2ZW5jb2RlX3RhZyI6InByb2ZpbGVfcGljLmRqYW5nby4xMDgwLmMyIn0&_nc_ht=scontent-eze1-2.cdninstagram.com&_nc_cat=100&_nc_oc=Q6cZ2gHohZq7gjB2KqNBPUE1xUIYz3475E6H98x4JP7ZjalYxvwQe42ghoq85OPImbAnCMs&_nc_ohc=kHlvDETf6VMQ7kNvwErUkLL&_nc_gid=sepFE-NkmmDvunaX6CVJXw&edm=AI-cjbYBAAAA&ccb=7-5&oh=00_AQDeF7H_6F2Jr5Rp1cULrXpttnAQuX4V8M158jfiPeg1GA&oe=6A6AEABA&_nc_sid=0985b0,3453
test-data3,true,hoch,§ 130 Abs. 1 StGB,Aufstacheln zum Hass,"Bezeichnet Juden verächtlich als ""Deckelträger"" und ""Sekte"", behauptet pauschal, sie seien ""nicht umsonst"" 109 mal aus Ländern vertrieben worden - dies rechtfertigt historische Verfolgung und stellt eine böswillige Verächtlichmachung der jüdischen Gruppe dar.",bavarian_barbarian91,bavarian_barbarian91,79567902622,2026-06-02 09:16:14,0,Sehr gut gemacht! Diese Deckelträger sind nicht umsonst in ein paar hundert Jahren 109 mal aus Ländern vertrieben worden. Langsam sollte jeder checken was das für eine Sekte ist.,no,18159001795458179,https://www.instagram.com/bavarian_barbarian91,https://www.instagram.com/p/DZDH8YstgWl/c/18159001795458179,https://scontent-eze1-1.cdninstagram.com/v/t51.82787-19/742897103_17877499887654623_1340123895138921707_n.jpg?stp=dst-jpg_s150x150_tt6&efg=eyJ2ZW5jb2RlX3RhZyI6InByb2ZpbGVfcGljLmRqYW5nby4xMDgwLmMyIn0&_nc_ht=scontent-eze1-1.cdninstagram.com&_nc_cat=111&_nc_oc=Q6cZ2gFCPh_ssheGUGCYZNOUMykPKQ2d5bK3toPv4etkt0tymGbSl9El7J8EYsi38yjSoGQ&_nc_ohc=uodvmkULBG0Q7kNvwGjj93Z&_nc_gid=EmjBLA2Ls_dKdfny49VMZQ&edm=AI-cjbYBAAAA&ccb=7-5&oh=00_AQD-47j972S-jMGycyIKwCurzFG3E_J5ocowd7lsZ6PgHg&oe=6A6B09F0&_nc_sid=0985b0,2041
test-data3,true,mittel,§ 130 Abs. 1 StGB,Billigung Willkürmaßnahme,"""Für mich ist das ein Ehrenmann"" billigt die Handlung des Verurteilten.",faruk_karaaslan_,faruk_karaaslan_,45389468033,2026-06-01 23:32:44,0,Für mich ist das ein Ehrenmann,no,18325943731253150,https://www.instagram.com/faruk_karaaslan_,https://www.instagram.com/p/DZDH8YstgWl/c/18325943731253150,https://scontent-eze1-1.cdninstagram.com/v/t51.2885-19/136356498_274271110702226_7555814830282256467_n.jpg?stp=dst-jpg_s150x150_tt6&efg=eyJ2ZW5jb2RlX3RhZyI6InByb2ZpbGVfcGljLmRqYW5nby42NDAuYzIifQ&_nc_ht=scontent-eze1-1.cdninstagram.com&_nc_cat=102&_nc_oc=Q6cZ2gF0zHe6UU6ljQNXbRPRq3aLCLO-r97hOPdW7ltnnHdJbaNkmFA9R8IvVtWepXDUhaw&_nc_ohc=gPzFoJ_urx4Q7kNvwHRJLDr&_nc_gid=oe3KqX_C7XxvRm3QANq7KA&edm=AI-cjbYBAAAA&ccb=7-5&oh=00_AQC4wheCKlezSOGd0uHuYdhd8-Q8y24DCbkhX22Cd5kO_Q&oe=6A6AEFE6&_nc_sid=0985b0,711
test-data3,true,hoch,§ 130 Abs. 1 StGB,Aufstacheln zum Hass,"Ausdrückliche Aussage ""Ich bin für mehr Antisemitismus"" ist eine offene Befürwortung von Hass gegen Juden als Gruppe.",valentin_gg,valentin_gg,5603981932,2026-06-03 22:14:14,0,Ich bin für mehr Antisemitismus.,no,18138969370532082,https://www.instagram.com/valentin_gg,https://www.instagram.com/p/DZDH8YstgWl/c/18138969370532082,https://scontent-eze1-2.cdninstagram.com/v/t51.2885-19/400191603_231624499936711_6245949788905256445_n.jpg?stp=dst-jpg_s150x150_tt6&efg=eyJ2ZW5jb2RlX3RhZyI6InByb2ZpbGVfcGljLmRqYW5nby4xMDgwLmMyIn0&_nc_ht=scontent-eze1-2.cdninstagram.com&_nc_cat=107&_nc_oc=Q6cZ2gGyA98odFEtW2ccwIDLy1hnizFwEM8ONqvnLjzyakcC4V1ncL8a0vTBdgcY0agN3_o&_nc_ohc=XvGuwCRlpH8Q7kNvwE5E8TE&_nc_gid=hILzAvhfkPtayxz_rPPOvw&edm=AI-cjbYBAAAA&ccb=7-5&oh=00_AQBUgVichjVHxPfWAkq61PF-mCSqhb58egxA37bPqaM7vA&oe=6A6AF30D&_nc_sid=0985b0,4069
test-data3,true,mittel,§ 130 Abs. 1 StGB; § 140 StGB,Billigung Willkürmaßnahme,"""Alles richtig gemacht"" mit mehreren Beifalls-Emojis billigt ausdrücklich die Willkürmaßnahme gegen Juden.",___sem.a,___sem.a,6650803202,2026-06-02 01:46:58,0,Alles richtig gemacht 👏🏻👏🏻👏🏻👏🏻,no,18097386988921873,https://www.instagram.com/___sem.a,https://www.instagram.com/p/DZDH8YstgWl/c/18097386988921873,https://scontent-eze1-2.cdninstagram.com/v/t51.82787-19/670638009_18333027118219203_1110399222823226994_n.jpg?stp=dst-jpg_s150x150_tt6&efg=eyJ2ZW5jb2RlX3RhZyI6InByb2ZpbGVfcGljLmRqYW5nby4xMDgwLmMyIn0&_nc_ht=scontent-eze1-2.cdninstagram.com&_nc_cat=103&_nc_oc=Q6cZ2gHXoHWYLBOSyKmhNnKS1RCJTIU2THY3-jVYWG1slxNbPVrm7HTTYTBxu72g6JeCj7s&_nc_ohc=wva9Edqma00Q7kNvwGIIuuy&_nc_gid=slhFyn9p4OolA0pPD2P3Mw&edm=AI-cjbYBAAAA&ccb=7-5&oh=00_AQBIm6WZBoX5GTJH5y5oUETT8Zac-qvwmuvAF_onPHU8Ow&oe=6A6AF65A&_nc_sid=0985b0,1336
test-data3,true,mittel,§ 130 Abs. 1 StGB,Sonstiges,"Suggeriert, durch Umbenennung in 'Israelis' hätte der Täter straffrei bleiben können, was die Ausschlussabsicht implizit billigt.",reinerhusten,reinerhusten,68905337665,2026-06-02 16:53:03,0,"Dann hätte er schreiben müssen ""Israelis""",no,18078904631560037,https://www.instagram.com/reinerhusten,https://www.instagram.com/p/DZDH8YstgWl/c/18078904631560037,https://scontent-eze1-2.cdninstagram.com/v/t51.2885-19/456340837_8473529682665436_8090745968344892021_n.jpg?stp=dst-jpg_s150x150_tt6&efg=eyJ2ZW5jb2RlX3RhZyI6InByb2ZpbGVfcGljLmRqYW5nby4xMDgwLmMyIn0&_nc_ht=scontent-eze1-2.cdninstagram.com&_nc_cat=100&_nc_oc=Q6cZ2gFYKSKMVp5vPiRGvkZMEsvPSK4hxXWkWUwzLpaihdRBLx2DOF6k6GWjWxo0C79AESU&_nc_ohc=vGXvprjiB0IQ7kNvwEZmaf7&_nc_gid=uzu8mhwsINQ-AHgDZiWQXA&edm=AI-cjbYBAAAA&ccb=7-5&oh=00_AQATqVCvwZWAdFEk2zmy7gfpEHzBMRRJEYQmfFbX5JDwyg&oe=6A6AEA86&_nc_sid=0985b0,3162
test-data3,true,mittel,§ 130 Abs. 1 StGB,Verhetzende Beleidigung,"""Top Goy! Israel ist keine Religion"" nutzt den abwertenden antisemitischen Code ""Goy"" in zustimmendem Kontext zur Ausgrenzung.",elivoltek64,elivoltek64,4582707344,2026-06-02 05:46:46,0,Top Goy! Israel ist keine Religion,no,18079603949346617,https://www.instagram.com/elivoltek64,https://www.instagram.com/p/DZDH8YstgWl/c/18079603949346617,https://scontent-eze1-1.cdninstagram.com/v/t51.2885-19/481846309_1173995994068399_2210844229209778028_n.jpg?stp=dst-jpg_s150x150_tt6&efg=eyJ2ZW5jb2RlX3RhZyI6InByb2ZpbGVfcGljLmRqYW5nby4xMDgwLmMyIn0&_nc_ht=scontent-eze1-1.cdninstagram.com&_nc_cat=111&_nc_oc=Q6cZ2gHBxHOSc26hV82Q1qhzfVwLwW1IJZoGVZbMPbQFyAfoYzWWRr_i9vgoLLa9NDx_q8w&_nc_ohc=GMOVZ7xZ4pMQ7kNvwFv0nNe&_nc_gid=gU6VIqrqkwSo8BbCFgeBNw&edm=AI-cjbYBAAAA&ccb=7-5&oh=00_AQAw7Z_VBG0b6fNOZnfJe4bvxK_d4oPTx9wZd_xyxiqlgw&oe=6A6B1D35&_nc_sid=0985b0,1714
test-data3,true,mittel,§ 130 Abs. 1 StGB; § 140 StGB,Billigung Willkürmaßnahme,"""ehrenmann.!! alles richtig gemacht"" billigt ausdrücklich die Willkürmaßnahme gegen Juden.",jaraajani,jaraajani,46281857543,2026-06-02 01:54:21,0,ehrenmann.!! alles richtig gemacht,no,17994534506968408,https://www.instagram.com/jaraajani,https://www.instagram.com/p/DZDH8YstgWl/c/17994534506968408,https://scontent-eze1-2.cdninstagram.com/v/t51.2885-19/241007772_376448474063132_5692765267934963781_n.jpg?stp=dst-jpg_s150x150_tt6&efg=eyJ2ZW5jb2RlX3RhZyI6InByb2ZpbGVfcGljLmRqYW5nby42NDAuYzIifQ&_nc_ht=scontent-eze1-2.cdninstagram.com&_nc_cat=108&_nc_oc=Q6cZ2gHXoHWYLBOSyKmhNnKS1RCJTIU2THY3-jVYWG1slxNbPVrm7HTTYTBxu72g6JeCj7s&_nc_ohc=0_TGkcL6keQQ7kNvwG32D1W&_nc_gid=slhFyn9p4OolA0pPD2P3Mw&edm=AI-cjbYBAAAA&ccb=7-5&oh=00_AQARrrgsV1EHPwJboDHgL2v0TVRVG8atvRyYrh3Ievm9Mw&oe=6A6B143E&_nc_sid=0985b0,1368
test-data3,true,mittel,§ 130 Abs. 1 StGB; § 140 StGB,Billigung Willkürmaßnahme,"Ruft explizit dazu auf, den Verurteilten (""diesen Bruder"") zu unterstützen, und billigt ""alles richtig gemacht"".",mete.goekmen,mete.goekmen,4774287817,2026-06-01 23:30:08,0,"Meinungsfreiheit und so!
Mein lieber du hast alles richtig gemacht, jeder ahki aus der Region sollte diesen Bruder unterstützen!",no,17930527941315826,https://www.instagram.com/mete.goekmen,https://www.instagram.com/p/DZDH8YstgWl/c/17930527941315826,https://scontent-eze1-1.cdninstagram.com/v/t51.82787-19/670924782_18392029312159818_174831790168237567_n.jpg?stp=dst-jpg_s150x150_tt6&efg=eyJ2ZW5jb2RlX3RhZyI6InByb2ZpbGVfcGljLmRqYW5nby4xMDgwLmMyIn0&_nc_ht=scontent-eze1-1.cdninstagram.com&_nc_cat=106&_nc_oc=Q6cZ2gGIkHaFha-pjjgrMPBRg9vSdfKLQkaP2Aw9DL96V73-gzohNTZHSA_HhKJjhajFjaI&_nc_ohc=69YqjRq3aUIQ7kNvwEt8Phy&_nc_gid=7sKxbd0sCPdog9KPBjaBkw&edm=AI-cjbYBAAAA&ccb=7-5&oh=00_AQByx9sYi7osm9nChatg4umOsis4C1sX5bDw-tPccSKo1w&oe=6A6AFC87&_nc_sid=0985b0,694
test-data3,true,mittel,§ 130 Abs. 1 StGB,Sonstiges,Formulierung 'die echten Besitzer dieses Landes' im Kontext ist eine bekannte antisemitische Verschwörungsanspielung auf angebliche jüdische Herrschaft über Deutschland.,ihsan.mvs.91,ihsan.mvs.91,184418932,2026-06-02 16:58:41,0,"Die Richter haben keine leichte Arbeit. Sie wollen die echten Besitzer dieses Landes nicht verärgern, aber auch nicht das deutsche Volk aufwecken.",no,18353052379213694,https://www.instagram.com/ihsan.mvs.91,https://www.instagram.com/p/DZDH8YstgWl/c/18353052379213694,https://scontent-eze1-1.cdninstagram.com/v/t51.82787-19/684236503_18585460912034933_1856457691795297800_n.jpg?stp=dst-jpg_s150x150_tt6&efg=eyJ2ZW5jb2RlX3RhZyI6InByb2ZpbGVfcGljLmRqYW5nby4zNzMuYzIifQ&_nc_ht=scontent-eze1-1.cdninstagram.com&_nc_cat=105&_nc_oc=Q6cZ2gFYKSKMVp5vPiRGvkZMEsvPSK4hxXWkWUwzLpaihdRBLx2DOF6k6GWjWxo0C79AESU&_nc_ohc=wtiToful_AYQ7kNvwHuqFX6&_nc_gid=uzu8mhwsINQ-AHgDZiWQXA&edm=AI-cjbYBAAAA&ccb=7-5&oh=00_AQDQ1J84NRP6V1MVaVaj13Pq5aVpbGa_AlB09TO3VWMKkQ&oe=6A6B17C8&_nc_sid=0985b0,3178
test-data3,true,mittel,§ 130 Abs. 1 StGB; § 140 StGB,Billigung Willkürmaßnahme,Forderung einer 'Medaille' für den Täter billigt und verherrlicht die Willkürmaßnahme gegen Juden.,13elo37,13elo37,74790041280,2026-06-02 12:49:43,0,Medaille hat er Verdient,no,18119992132668384,https://www.instagram.com/13elo37,https://www.instagram.com/p/DZDH8YstgWl/c/18119992132668384,https://scontent-eze1-1.cdninstagram.com/v/t51.2885-19/499185919_17844294861489281_8796849517507816922_n.jpg?stp=dst-jpg_s150x150_tt6&efg=eyJ2ZW5jb2RlX3RhZyI6InByb2ZpbGVfcGljLmRqYW5nby4zNjAuYzIifQ&_nc_ht=scontent-eze1-1.cdninstagram.com&_nc_cat=105&_nc_oc=Q6cZ2gEzLi-XJ68h95Rd6yyRQ7ndEZxMZZCk2bBzyEo3AMJ5rWHZ3sv7D27NW2nrOnJvhGA&_nc_ohc=prdYKe0SGegQ7kNvwHY6CsG&_nc_gid=hbdSeAVv6SC1TEvzFicUPw&edm=AI-cjbYBAAAA&ccb=7-5&oh=00_AQBg1nynQuVIp6yPE_X9poeqei1lpkJe9nNjOsyaGoifXw&oe=6A6AEBC7&_nc_sid=0985b0,2585
test-data3,true,mittel,§ 185 StGB,Verhetzende Beleidigung,"Antwort an einen Nutzer mit vermutlich abwertendem Bezug (""zu viele Schläge abbekommen""), Kontext unklar, ggf. beleidigend gegenüber Gegner der Verteidiger des Ladenbesitzers - Bezug bleibt unklar, daher zur Prüfung.",schulze.tango,schulze.tango,436103779,2026-06-02 08:51:53,0,@bacho.24 zu viele Schläge abbekommen ? 🤦🏻‍♂️,no,18119153926739028,https://www.instagram.com/schulze.tango,https://www.instagram.com/p/DZDH8YstgWl/c/18119153926739028,https://scontent-eze1-2.cdninstagram.com/v/t51.82787-19/651745488_18571135183007780_5742148966967364583_n.jpg?stp=dst-jpg_s150x150_tt6&efg=eyJ2ZW5jb2RlX3RhZyI6InByb2ZpbGVfcGljLmRqYW5nby4xMDgwLmMyIn0&_nc_ht=scontent-eze1-2.cdninstagram.com&_nc_cat=108&_nc_oc=Q6cZ2gHi9t7pzQDeJDEyohUtkJsUiRrRfWIFdFXAXa_ZtzUBezlOM_L_wVlEvCkbGeM3Wwc&_nc_ohc=U_2gqXHIEQMQ7kNvwGHZE3z&_nc_gid=_h71Wbk6_bJIrP5VL8rpdw&edm=AI-cjbYBAAAA&ccb=7-5&oh=00_AQDRC3uMqu0eJNrgmE1MlfnPC3eSk-h5PTfbW5LyST7gdw&oe=6A6AFE9A&_nc_sid=0985b0,1964
test-data3,true,mittel,§ 130 Abs. 1 StGB; § 140 StGB,Billigung Willkürmaßnahme,"""Ehrenmann"" - billigende Zustimmung zur Handlung des Ladenbesitzers.",ricksen_1percenter,ricksen_1percenter,4622774200,2026-06-02 11:14:49,0,Ehrenmann,no,18082766531308666,https://www.instagram.com/ricksen_1percenter,https://www.instagram.com/p/DZDH8YstgWl/c/18082766531308666,https://scontent-eze1-1.cdninstagram.com/v/t51.82787-19/609850851_18380048251158201_7643919447736908639_n.jpg?stp=dst-jpg_s150x150_tt6&efg=eyJ2ZW5jb2RlX3RhZyI6InByb2ZpbGVfcGljLmRqYW5nby4xMDgwLmMyIn0&_nc_ht=scontent-eze1-1.cdninstagram.com&_nc_cat=109&_nc_oc=Q6cZ2gHia8Yh3qoxoqarGyfnQHd_wftAJ5frTE1Bjp13tEazbLrA1ijPDf5pvmfssQ36gBg&_nc_ohc=-sOc7m2-9KEQ7kNvwFhfe-R&_nc_gid=4mjOLn7T8uS-RCIt-KYuMA&edm=AI-cjbYBAAAA&ccb=7-5&oh=00_AQBYbtMfNQvQXJDreBzgNhkfj1cZjnKZ2V3VvFdJBZIFWw&oe=6A6B047E&_nc_sid=0985b0,2346
data2,,,,,,good_reminder31,good_reminder31,75731426497,2026-06-01 23:49:24,0,Was erwartet man sonst vom deutsch israelischem Staat … schade,no,17890517970522073,https://www.instagram.com/good_reminder31,https://www.instagram.com/p/DZDH8YstgWl/c/17890517970522073,https://scontent-eze1-1.cdninstagram.com/v/t51.82787-19/745144588_17899597746522498_5962111452178904603_n.jpg?stp=dst-jpg_s150x150_tt6&efg=eyJ2ZW5jb2RlX3RhZyI6InByb2ZpbGVfcGljLmRqYW5nby4xMDgwLmMyIn0&_nc_ht=scontent-eze1-1.cdninstagram.com&_nc_cat=106&_nc_oc=Q6cZ2gFhilJlQ99O1jtrcOJcjPPcfTJolvLXvQipHr-NHxo8hYVf9VDC7jEYfuVoKAU6_cU&_nc_ohc=_8rLuDh2Me4Q7kNvwFQGvQl&_nc_gid=8LPNe_VJabXRKNQEViP9sA&edm=AI-cjbYBAAAA&ccb=7-5&oh=00_AQCdaEBFPFFdKLoOdblZZ2HgoAvTNRkgGnCyD-fpKAeFFw&oe=6A6B0CB9&_nc_sid=0985b0,
test-data3,true,mittel,§ 130 Abs. 1 StGB,Aufstacheln zum Hass,"Bezeichnet 'die' (im Kontext Juden) pauschal als 'das große Problem auf dieser Welt', Kollektivzuschreibung, die eine ganze Gruppe verächtlich macht.",el_darto_180,el_darto_180,13379763895,2026-06-02 14:23:43,0,Genau die sind das große Problem auf dieser Welt,no,18175642288370524,https://www.instagram.com/el_darto_180,https://www.instagram.com/p/DZDH8YstgWl/c/18175642288370524,https://scontent-eze1-2.cdninstagram.com/v/t51.2885-19/273035198_606120473820637_4282087240957791471_n.jpg?stp=dst-jpg_s150x150_tt6&efg=eyJ2ZW5jb2RlX3RhZyI6InByb2ZpbGVfcGljLmRqYW5nby40OTguYzIifQ&_nc_ht=scontent-eze1-2.cdninstagram.com&_nc_cat=101&_nc_oc=Q6cZ2gGR5NDZcZt3AnwYBQ0-_507faOIF4avG9vTfV9kiLA_UNqrSBalJ4jl2S4E_1CtZjI&_nc_ohc=JIpzOOP2W-EQ7kNvwF_C3rx&_nc_gid=768vrnNyFr9oS5pDNOw9NQ&edm=AI-cjbYBAAAA&ccb=7-5&oh=00_AQAKCrs5PpX5pn-P360xs7ASA1Ffjwi-OCXWr62Zf7o8gQ&oe=6A6B160A&_nc_sid=0985b0,2831
test-data3,true,mittel,§ 130 Abs. 1 StGB; § 140 StGB,Billigung Willkürmaßnahme,'Alles richtig gemacht' billigt den Ausschluss von Juden aus dem Laden als korrekte Handlung.,selv.hh,selv.hh,2217958751,2026-06-02 15:23:00,0,Alles richtig gemacht 👍,no,18053391257735622,https://www.instagram.com/selv.hh,https://www.instagram.com/p/DZDH8YstgWl/c/18053391257735622,https://scontent-eze1-2.cdninstagram.com/v/t51.2885-19/480589364_9317401358347988_431489873646789636_n.jpg?stp=dst-jpg_s150x150_tt6&efg=eyJ2ZW5jb2RlX3RhZyI6InByb2ZpbGVfcGljLmRqYW5nby4xMDgwLmMyIn0&_nc_ht=scontent-eze1-2.cdninstagram.com&_nc_cat=108&_nc_oc=Q6cZ2gEuWXuH6_xt_8eQlz-nKJDUVA9sbkPbbSK1I59JwDOU3MT7k-VjE-3KdCbFFhh405s&_nc_ohc=3i0C_HswdIgQ7kNvwGzcXsZ&_nc_gid=AmV9HJcF1GPWlAn7gH1xXw&edm=AI-cjbYBAAAA&ccb=7-5&oh=00_AQCynPtFUFUTEQXz_ob5DSqzEIAnYs7etmmt7_6WgdlwDg&oe=6A6AE8C1&_nc_sid=0985b0,2978
test-data3,true,mittel,§ 130 Abs. 1 StGB,Sonstiges,"Pauschale abwertende Zuschreibung an ""die Deutschen"" (""eure Triebe nicht kontrollieren"") - Kollektivbeschimpfung einer Volksgruppe, Graubereich, im Kontext der Debatte um den Fall.",melih.sls,melih.sls,67879090502,2026-06-02 11:02:20,0,@takhi_sun eher weil ihr Deutschen eure Triebe nicht kontrollieren könnt.,no,17943351510206213,https://www.instagram.com/melih.sls,https://www.instagram.com/p/DZDH8YstgWl/c/17943351510206213,https://scontent-eze1-1.cdninstagram.com/v/t51.2885-19/473147592_1249476516109982_1969812779407756918_n.jpg?stp=dst-jpg_s150x150_tt6&efg=eyJ2ZW5jb2RlX3RhZyI6InByb2ZpbGVfcGljLmRqYW5nby45NjkuYzIifQ&_nc_ht=scontent-eze1-1.cdninstagram.com&_nc_cat=102&_nc_oc=Q6cZ2gHia8Yh3qoxoqarGyfnQHd_wftAJ5frTE1Bjp13tEazbLrA1ijPDf5pvmfssQ36gBg&_nc_ohc=1Z5VKurVWTQQ7kNvwHsjFLt&_nc_gid=4mjOLn7T8uS-RCIt-KYuMA&edm=AI-cjbYBAAAA&ccb=7-5&oh=00_AQB6lWyInd_fwk7RnQJ04dMfMQ6jZgwaJxtjOgcsw7SrGQ&oe=6A6AF76E&_nc_sid=0985b0,2321
test-data3,true,mittel,§ 130 Abs. 1 StGB; § 140 StGB,Billigung Willkürmaßnahme,"Behauptet, der Täter habe ""nichts falsches getan"" und ruft zu Spenden für ihn auf; billigt die Tat.",iamreasy,iamreasy,17401042,2026-06-02 00:58:52,0,Er hat nichts falsches getan. Er steht zu seiner Einstellung. Sollten ihm helfen und spenden,no,18078819728649174,https://www.instagram.com/iamreasy,https://www.instagram.com/p/DZDH8YstgWl/c/18078819728649174,https://scontent-eze1-1.cdninstagram.com/v/t51.82787-19/671806045_18576902791057043_2139915835043891027_n.jpg?stp=dst-jpg_s150x150_tt6&efg=eyJ2ZW5jb2RlX3RhZyI6InByb2ZpbGVfcGljLmRqYW5nby4xMDgwLmMyIn0&_nc_ht=scontent-eze1-1.cdninstagram.com&_nc_cat=111&_nc_oc=Q6cZ2gFGol7qb3X3CS0h-v7KrbACorAlMG6bngrCn_16G1vR-jdIW-LglFk994SIYGR0lJs&_nc_ohc=66e4qhfRSZwQ7kNvwGYEh-5&_nc_gid=aaM4gx5cCxKlb4t5Rlom1A&edm=AI-cjbYBAAAA&ccb=7-5&oh=00_AQBr9yeKFcMTwOawQo5gYRYsWixSlQWedQK8bBlzmJ0IjQ&oe=6A6B0570&_nc_sid=0985b0,1137
test-data3,true,mittel,§ 130 Abs. 1 StGB,Billigung Willkürmaßnahme,"""Bester Mann"" lobt den wegen Volksverhetzung verurteilten Täter.",lah4ine,lah4ine,21658211216,2026-06-01 23:10:51,0,Bester Mann,no,17880069300447775,https://www.instagram.com/lah4ine,https://www.instagram.com/p/DZDH8YstgWl/c/17880069300447775,https://scontent-eze1-1.cdninstagram.com/v/t51.2885-19/359111993_878889453782001_7047036149049042886_n.jpg?stp=dst-jpg_s150x150_tt6&efg=eyJ2ZW5jb2RlX3RhZyI6InByb2ZpbGVfcGljLmRqYW5nby42MDAuYzIifQ&_nc_ht=scontent-eze1-1.cdninstagram.com&_nc_cat=109&_nc_oc=Q6cZ2gFUKAu33TzZzCgXPLWy2oEhw0YrEuMTQXuS4gQHdVAFgSIiUwqpPaG8Gajvci1cmbU&_nc_ohc=I9TQWgxW1KMQ7kNvwF6vwiY&_nc_gid=3T7fI1Z1-_EndhbPna-6uQ&edm=AI-cjbYBAAAA&ccb=7-5&oh=00_AQDWbniy3Bc_n5YQDmlRpSnTwgg7cbsCeYSdGV6abjczHQ&oe=6A6B00CA&_nc_sid=0985b0,611
test-data3,true,mittel,§ 130 Abs. 1 StGB,Aufstacheln zum Hass,'Tot dem terroristischen Staat Israel' im Kontext des Posts über eine antisemitische Aktion kann als pauschale Feindseligkeit gedeutet werden; im Graubereich zwischen Israelkritik und Aufstachelung.,arne.b183,arne.b183,46081887400,2026-06-01 21:58:15,0,Tot dem terroristischen Staat Israel,no,18103949536818917,https://www.instagram.com/arne.b183,https://www.instagram.com/p/DZDH8YstgWl/c/18103949536818917,https://scontent-eze1-2.cdninstagram.com/v/t51.2885-19/472469127_1985903338585297_4739530596041228583_n.jpg?stp=dst-jpg_s150x150_tt6&efg=eyJ2ZW5jb2RlX3RhZyI6InByb2ZpbGVfcGljLmRqYW5nby4xMDgwLmMyIn0&_nc_ht=scontent-eze1-2.cdninstagram.com&_nc_cat=101&_nc_oc=Q6cZ2gFAZ-ysVyrD8Xv_nBHi5GoqUXSDhDlyaAN8XZYSEmj8jIRZNWSiC1wl6KLQoe7jSrE&_nc_ohc=hs9omo7PGyAQ7kNvwH-J6L2&_nc_gid=rYspcJoPxcxq_LnNtHIiAA&edm=AI-cjbYBAAAA&ccb=7-5&oh=00_AQCmgQNi38LKQAHsPQWJ-f9XxFPcU3knreOAR8bBt1vXCA&oe=6A6AED00&_nc_sid=0985b0,209
test-data3,true,mittel,§ 130 Abs. 1 StGB,Billigung Willkürmaßnahme,"""Gut so"" im Kontext täterfreundlicher Kommentare billigt die Willkürmaßnahme gegen Juden.",hem9ban,hem9ban,58338578447,2026-06-01 22:53:14,0,Gut so.,no,17875410345610913,https://www.instagram.com/hem9ban,https://www.instagram.com/p/DZDH8YstgWl/c/17875410345610913,https://scontent-eze1-2.cdninstagram.com/v/t51.2885-19/330053925_124267033898532_5422944336516981115_n.jpg?stp=dst-jpg_s150x150_tt6&efg=eyJ2ZW5jb2RlX3RhZyI6InByb2ZpbGVfcGljLmRqYW5nby4zMjAuYzIifQ&_nc_ht=scontent-eze1-2.cdninstagram.com&_nc_cat=100&_nc_oc=Q6cZ2gGqzGKEOIV7JTFCvlWvdDfuGyj5_oW600tdZLriczK1ZKHcc2mJl8GvcXmKtuD7_Nw&_nc_ohc=D3L6pMyIAd8Q7kNvwE-O58n&_nc_gid=xiRHOO1PjwLqCKxzbVw8hQ&edm=AI-cjbYBAAAA&ccb=7-5&oh=00_AQCfbOaz3nl8gxNw2UmC12IWJydZxhFdbYPJQyOrLzVLmQ&oe=6A6AEA2B&_nc_sid=0985b0,511
test-data3,true,mittel,§ 130 Abs. 1 StGB,Billigung Willkürmaßnahme,"Bezeichnet die Aussage des Schilds als ""heutzutage berechtigter denn je"", was die Diskriminierung von Juden als aktuell gerechtfertigt darstellt.",ackermannsilvio,ackermannsilvio,53477685928,2026-06-02 20:05:25,0,Und heutzutage berechtigter denn je!,no,18011033954710739,https://www.instagram.com/ackermannsilvio,https://www.instagram.com/p/DZDH8YstgWl/c/18011033954710739,https://scontent-eze1-1.cdninstagram.com/v/t51.2885-19/288460040_382750977168946_7386285016303904897_n.jpg?stp=dst-jpg_s150x150_tt6&efg=eyJ2ZW5jb2RlX3RhZyI6InByb2ZpbGVfcGljLmRqYW5nby43MjAuYzIifQ&_nc_ht=scontent-eze1-1.cdninstagram.com&_nc_cat=110&_nc_oc=Q6cZ2gGM2h7ApMfcdrT10WrJABt6F9WH9y19TiWRpD7RVIXrB33UpwHgmyXaa2pHdWNMAJ8&_nc_ohc=9fhyVkm1_ZoQ7kNvwFXNutB&_nc_gid=5qdHH54la3L2IjiCwxJILA&edm=AI-cjbYBAAAA&ccb=7-5&oh=00_AQCSZIpTzLAZ2YEgDF5GlZKACOUFzE6QzvTIWJUzubIxhA&oe=6A6AF74F&_nc_sid=0985b0,3475
test-data3,true,mittel,§ 130 Abs. 1 StGB; § 140 StGB,Billigung Willkürmaßnahme,"""Recht hat er"" - billigt die inhaltliche Aussage/Handlung des Ladenbesitzers.",grill_domi,grill_domi,1770124465,2026-06-02 09:42:27,0,Recht hat er,no,17930754567297357,https://www.instagram.com/grill_domi,https://www.instagram.com/p/DZDH8YstgWl/c/17930754567297357,https://scontent-eze1-2.cdninstagram.com/v/t51.2885-19/355380516_9533311003408708_6503697311984904281_n.jpg?stp=dst-jpg_s150x150_tt6&efg=eyJ2ZW5jb2RlX3RhZyI6InByb2ZpbGVfcGljLmRqYW5nby4xMDgwLmMyIn0&_nc_ht=scontent-eze1-2.cdninstagram.com&_nc_cat=104&_nc_oc=Q6cZ2gGbRO8WY-tpsW3FxqoahkVmtSqwJfiAS1GWAdv1ioQBXDoCJjlkaZKAP1HAJRtPXhg&_nc_ohc=Y2doM0d3E8kQ7kNvwFb4uhx&_nc_gid=RV5Vmzcff-t5KfiSLgAu4Q&edm=AI-cjbYBAAAA&ccb=7-5&oh=00_AQCraGYVOxMusp3LZ7dF0lIY5wFDwh8GBM5Th9S0W_YluA&oe=6A6AF1BE&_nc_sid=0985b0,2118
test-data3,true,mittel,§ 130 Abs. 1 StGB,Billigung Willkürmaßnahme,'Bester Mann' im direkten Kontext der Verteidigung des antisemitischen Schilds.,grano111_,grano111_,76803209248,2026-06-02 14:14:48,0,Bester Mann,no,18073350632322324,https://www.instagram.com/grano111_,https://www.instagram.com/p/DZDH8YstgWl/c/18073350632322324,https://scontent-eze1-1.cdninstagram.com/v/t51.82787-19/695677151_17882455950561249_2539671632104253284_n.jpg?stp=dst-jpg_s150x150_tt6&efg=eyJ2ZW5jb2RlX3RhZyI6InByb2ZpbGVfcGljLmRqYW5nby4xMDgwLmMyIn0&_nc_ht=scontent-eze1-1.cdninstagram.com&_nc_cat=109&_nc_oc=Q6cZ2gGBIpQyJ40zB-5e2JJNHgpKYQvFbUWoesJlUPrIKpjr71XBTfb2BFPE6kNWzmiZV-E&_nc_ohc=Qe2RIuEVCVEQ7kNvwFJJgUU&_nc_gid=1I12LAon-7FddfyBWv8UsA&edm=AI-cjbYBAAAA&ccb=7-5&oh=00_AQAhUlvAeT95Mt92Ej0tw3y1hgJE72cvD4mbcqY0YlB90Q&oe=6A6AF276&_nc_sid=0985b0,2803
test-data3,true,mittel,§ 130 Abs. 1 StGB; § 140 StGB,Billigung Willkürmaßnahme,"Billigt die Tat ausdrücklich mit 'Richtig so, er macht alles richtig'.",double_e_4life,double_e_4life,58637515809,2026-06-13 20:14:55,0,Richtig so er macht alles richtig,no,17914410303206036,https://www.instagram.com/double_e_4life,https://www.instagram.com/p/DZDH8YstgWl/c/17914410303206036,https://scontent-eze1-1.cdninstagram.com/v/t51.82787-19/649235703_17984858201955810_2279704661597353836_n.jpg?stp=dst-jpg_s150x150_tt6&efg=eyJ2ZW5jb2RlX3RhZyI6InByb2ZpbGVfcGljLmRqYW5nby4xMDgwLmMyIn0&_nc_ht=scontent-eze1-1.cdninstagram.com&_nc_cat=106&_nc_oc=Q6cZ2gHRFb-B3tohTWcCxRihPg-ktTlgOlE0Rik0RUKAPRiVzUeDH-iJnFZcnX1tlT9GFnw&_nc_ohc=kz-7pe22UjYQ7kNvwHzPKyT&_nc_gid=5paS-sl8DOudsTvMKTYtHg&edm=AI-cjbYBAAAA&ccb=7-5&oh=00_AQAn8RYsIEzmgY2ICezn3X7JFQeYn8taPfscz5viscFMlA&oe=6A6AFC92&_nc_sid=0985b0,4531
test-data3,true,mittel,§ 130 Abs. 1 StGB,Billigung Willkürmaßnahme,"Billigt das Vorgehen des Täters ausdrücklich als ""Richtig gut"" und ""alles richtig gemacht"".",goncaklug,goncaklug,18618607138,2026-06-02 23:12:36,0,Richtig gut 👍 er hat alles richtig gemacht 👏👏👏,no,18270298432291875,https://www.instagram.com/goncaklug,https://www.instagram.com/p/DZDH8YstgWl/c/18270298432291875,https://scontent-eze1-2.cdninstagram.com/v/t51.2885-19/249849797_559918848411624_4382315271370139811_n.jpg?stp=dst-jpg_s150x150_tt6&efg=eyJ2ZW5jb2RlX3RhZyI6InByb2ZpbGVfcGljLmRqYW5nby4xMDgwLmMyIn0&_nc_ht=scontent-eze1-2.cdninstagram.com&_nc_cat=100&_nc_oc=Q6cZ2gERgIR57PGJQjAfagnYllbqOlbkmzVMuJsDtvITSzmZ5DfDmPmqhADXrIgm6K3cTYM&_nc_ohc=gbl8LWIqY9QQ7kNvwFGupAa&_nc_gid=HGSqkHt81WSA98SNMaQAvA&edm=AI-cjbYBAAAA&ccb=7-5&oh=00_AQAaqkDGtT8NnfGl4E50q_Quex6j-dttly-VJgjGPr6EmQ&oe=6A6B0317&_nc_sid=0985b0,3730
test-data3,true,hoch,§ 130 Abs. 1 StGB,Aufstacheln zum Hass,"Verschwörungstheoretische, entmenschlichende Zuschreibung an ""die Israelis"" (Landraub, Welteroberung, biblischer Herrschaftsanspruch) billigt zugleich das Handeln des Täters – klassisches antisemitisches Verschwörungsnarrativ.",as94437,as94437,75813667269,2026-06-01 23:45:25,0,Der hat doch alles richtig gemacht Der will sein Laden schützen die israe... sind ja schon in Albanien haben da ein Stück land gekauft am Strand damit sie Europa besser angreifen können Der will nur sein laden schützen nicht das die bald dahin kommen und sagen das der Laden den vor 3000 Jahren versprochen wurden ist free the world for israe...,no,18090290570459828,https://www.instagram.com/as94437,https://www.instagram.com/p/DZDH8YstgWl/c/18090290570459828,https://scontent-eze1-1.cdninstagram.com/v/t51.82787-19/525886559_17850119958523270_5435439554156672042_n.jpg?stp=dst-jpg_s150x150_tt6&efg=eyJ2ZW5jb2RlX3RhZyI6InByb2ZpbGVfcGljLmRqYW5nby4xMDgwLmMyIn0&_nc_ht=scontent-eze1-1.cdninstagram.com&_nc_cat=110&_nc_oc=Q6cZ2gFhilJlQ99O1jtrcOJcjPPcfTJolvLXvQipHr-NHxo8hYVf9VDC7jEYfuVoKAU6_cU&_nc_ohc=R8OT8tpIeaMQ7kNvwEAuSNj&_nc_gid=8LPNe_VJabXRKNQEViP9sA&edm=AI-cjbYBAAAA&ccb=7-5&oh=00_AQCZdkS74c6XNOlpBHYzzT3ltq7raiWo6U4EyOa5gnqh_g&oe=6A6AF1E5&_nc_sid=0985b0,811
test-data3,true,mittel,§ 130 Abs. 1 StGB,Billigung Willkürmaßnahme,"Fordert, der Ladenbesitzer hätte ""den Israeli"" (pauschal, nicht nur einzelne Personen) den Zutritt verbieten sollen, und behauptet, ""die Israeli"" hätten ""Narrenfreiheit"" - billigt eine Willkürmaßnahme gegen die Gruppe und bedient Verschwörungsnarrativ.",bodofe,bodofe,2139146701,2026-06-02 09:45:28,0,Meinungsfreiheit? Gibt es nicht mehr. Die Israeli haben Narrenfreiheit. Er hätte es den Israeli verbieten sollen.,no,18104790973801951,https://www.instagram.com/bodofe,https://www.instagram.com/p/DZDH8YstgWl/c/18104790973801951,https://scontent-eze1-2.cdninstagram.com/v/t51.2885-19/11821952_1652798278274857_1366202634_a.jpg?stp=dst-jpg_s150x150_tt6&efg=eyJ2ZW5jb2RlX3RhZyI6InByb2ZpbGVfcGljLmRqYW5nby4xNTAuYzIifQ&_nc_ht=scontent-eze1-2.cdninstagram.com&_nc_cat=101&_nc_oc=Q6cZ2gGbRO8WY-tpsW3FxqoahkVmtSqwJfiAS1GWAdv1ioQBXDoCJjlkaZKAP1HAJRtPXhg&_nc_ohc=ym7EoFmD_-cQ7kNvwFg__UF&_nc_gid=RV5Vmzcff-t5KfiSLgAu4Q&edm=AI-cjbYBAAAA&ccb=7-5&oh=00_AQBS9OGVPCBkCB_4ifqvHbvxL7iIoZD-2nNRQD9YXtGjLA&oe=6A6AFF71&_nc_sid=0985b0,2126
data2,,,,,,lakkess98,lakkess98,256824980,2026-06-03 12:38:20,0,Guter Mann,no,18330206434253684,https://www.instagram.com/lakkess98,https://www.instagram.com/p/DZDH8YstgWl/c/18330206434253684,https://scontent-eze1-1.cdninstagram.com/v/t51.82787-19/750290244_18606435796056981_5609568296470840127_n.jpg?stp=dst-jpg_s150x150_tt6&efg=eyJ2ZW5jb2RlX3RhZyI6InByb2ZpbGVfcGljLmRqYW5nby4xMDIzLmMyIn0&_nc_ht=scontent-eze1-1.cdninstagram.com&_nc_cat=109&_nc_oc=Q6cZ2gHc3-fgprct0i8sjehwBXeu5pPfvY6lwB18gSXASkuyxgO1cNGQcbSs9fIsv4xSFSM&_nc_ohc=w24SdGoqtsYQ7kNvwGWXKyI&_nc_gid=eNc47n5sAq3Asp7HTY4qUw&edm=AI-cjbYBAAAA&ccb=7-5&oh=00_AQBNbUue07dgmJi4_GW9msRmv4tj7ZvBXAuV3Nx5CPGklA&oe=6A6B0169&_nc_sid=0985b0,
test-data3,true,mittel,§ 130 Abs. 1 StGB; § 140 StGB,Billigung Willkürmaßnahme,"Bezeichnung als ""Bester Mann"" mit Hashtag #FreeMeinAkh billigt und stilisiert den Täter als zu befreienden Helden.",goktan7z,goktan7z,2797552587,2026-06-02 01:12:22,0,Bester Mann #FreeMeinAkh,no,18081952172161864,https://www.instagram.com/goktan7z,https://www.instagram.com/p/DZDH8YstgWl/c/18081952172161864,https://instagram.flim19-1.fna.fbcdn.net/v/t51.2885-19/573323465_1219825463302212_7278921664109726296_n.png?stp=dst-jpg_e0_s150x150_tt6&efg=eyJ2ZW5jb2RlX3RhZyI6InByb2ZpbGVfcGljLmRqYW5nby4xNTAuYzIifQ&_nc_ht=instagram.flim19-1.fna.fbcdn.net&_nc_cat=1&_nc_oc=Q6cZ2gEzFcXGnGnh3eJ5SVWeniFOpEbeF7peDyZY2-yvHZOgFh-AA4XHMN0qE15kQNVe--4&_nc_ohc=vUGxye7DTtYQ7kNvwEvS-TH&_nc_gid=SIp1_tSeU0RsVSkf2g1SpQ&edm=AD35FJ8BAAAA&ccb=7-5&ig_cache_key=YW5vbnltb3VzX3Byb2ZpbGVfcGlj.3-ccb7-5&oh=00_AQB39hbmlCDzSlLDtCt8MEZu8tJxkYG6UuUAxMTMdYQurA&oe=6A6B08EA&_nc_sid=f880d0,1188
test-data3,true,hoch,§ 130 Abs. 1 StGB,Aufstacheln zum Hass,"Fordert analog ein Hausverbot für ""ganz verschleierte Frauen"" und zieht damit eine Parallele, die die ursprüngliche Diskriminierung als vorbildhaftes Modell für weitere Ausgrenzung einer Gruppe darstellt.",werewolfberlin,werewolfberlin,77937592350,2026-06-02 21:57:13,0,Eine Frechheit. Aber wenn da stehen würde. Ganz verschleierte Frauen haben Hausverbot👍👍👍👍👍👍,no,17943988767198608,https://www.instagram.com/werewolfberlin,https://www.instagram.com/p/DZDH8YstgWl/c/17943988767198608,https://scontent-eze1-2.cdninstagram.com/v/t51.2885-19/573323465_1219825463302212_7278921664109726296_n.png?stp=dst-jpg_s150x150_tt6&efg=eyJ2ZW5jb2RlX3RhZyI6InByb2ZpbGVfcGljLmRqYW5nby4xNTAuYzIifQ&_nc_ht=scontent-eze1-2.cdninstagram.com&_nc_cat=1&_nc_oc=Q6cZ2gHksv4wMTzW93XLbo69IrTH2wcGqG4GtT9upmkSVmK1rgnpleZI4lUZNUZK5TMpjh4&_nc_ohc=vUGxye7DTtYQ7kNvwHyWyhS&_nc_gid=8qzOiQ18w36CjAQqsYrROQ&edm=AI-cjbYBAAAA&ccb=7-5&ig_cache_key=YW5vbnltb3VzX3Byb2ZpbGVfcGlj.3-ccb7-5&oh=00_AQCblkP35Z8uiBUOF0IPm0O45fxk0dPbrDOAsRRW-63dlg&oe=6A6B08EA&_nc_sid=0985b0,3654
test-data3,true,mittel,§ 130 Abs. 1 StGB; § 140 StGB,Billigung Willkürmaßnahme,"""er hat Recht"" bezogen auf die inhaltliche Aussage des Ladenbesitzers (nicht nur rechtliche Hausrecht-Frage) - billigt die Willkürmaßnahme.",doganmardin313,doganmardin313,41465408263,2026-06-02 09:20:48,0,Das sollte er auch nicht er hat Recht,no,18112987432862462,https://www.instagram.com/doganmardin313,https://www.instagram.com/p/DZDH8YstgWl/c/18112987432862462,https://scontent-eze1-2.cdninstagram.com/v/t51.82787-19/657829036_18065440289376264_1850473463796650039_n.jpg?stp=dst-jpg_s150x150_tt6&efg=eyJ2ZW5jb2RlX3RhZyI6InByb2ZpbGVfcGljLmRqYW5nby4xMDgwLmMyIn0&_nc_ht=scontent-eze1-2.cdninstagram.com&_nc_cat=100&_nc_oc=Q6cZ2gE7_rT6ajdH3gKKPjp7A0cAy-BwBAnfJRpjU89bKUSgVSMmtnBN3HGKvdYX0USsf7A&_nc_ohc=sES_MPAm1EwQ7kNvwHHtPyr&_nc_gid=qArDx4GYZJDqVLZtwCedpw&edm=AI-cjbYBAAAA&ccb=7-5&oh=00_AQAnEeIl6SKUzAIgkIRL2m8jfT6Nci49jjjtLgInF_c2Vg&oe=6A6AF707&_nc_sid=0985b0,2060
test-data3,true,mittel,§ 130 Abs. 1 StGB,Billigung Willkürmaßnahme,"Solidarisierungsruf ""Free Hans"" mit dem wegen Volksverhetzung Verurteilten billigt dessen Tat.",amin_real_1,amin_real_1,49598364824,2026-06-01 23:06:34,0,Free hans,no,17953189587169005,https://www.instagram.com/amin_real_1,https://www.instagram.com/p/DZDH8YstgWl/c/17953189587169005,https://scontent-eze1-2.cdninstagram.com/v/t51.2885-19/485645896_630994346230160_5858971227361025515_n.jpg?stp=dst-jpg_s150x150_tt6&efg=eyJ2ZW5jb2RlX3RhZyI6InByb2ZpbGVfcGljLmRqYW5nby45MDAuYzIifQ&_nc_ht=scontent-eze1-2.cdninstagram.com&_nc_cat=108&_nc_oc=Q6cZ2gGoRh-mGgodevo4QlLspcX7B8PahW0b8SB6NS1m_8fonqYph2qz5QBeTw_2RxmZW1Y&_nc_ohc=WmmBjt7V_88Q7kNvwGMQZNJ&_nc_gid=vgJ0G_fMNYvbt8D-6xUDjQ&edm=AI-cjbYBAAAA&ccb=7-5&oh=00_AQAO1l_KgO76ZdzkL9QQkOTzQmvLc5JQTEVQCMX57-FfRA&oe=6A6B0D3A&_nc_sid=0985b0,590
test-data3,true,mittel,§ 130 Abs. 1 StGB,Billigung Willkürmaßnahme,Lob des Täters als 'Mensch mit Charakter' im Kontext der Zustimmung zum antisemitischen Schild.,maha.mnf,maha.mnf,7097601694,2026-06-02 12:16:22,0,Mensch mit Charakter 👍❤️,no,17938952937253747,https://www.instagram.com/maha.mnf,https://www.instagram.com/p/DZDH8YstgWl/c/17938952937253747,https://scontent-eze1-1.cdninstagram.com/v/t51.2885-19/318604976_190005310241253_816914638877079535_n.jpg?stp=dst-jpg_s150x150_tt6&efg=eyJ2ZW5jb2RlX3RhZyI6InByb2ZpbGVfcGljLmRqYW5nby40NzkuYzIifQ&_nc_ht=scontent-eze1-1.cdninstagram.com&_nc_cat=109&_nc_oc=Q6cZ2gHSNgVdxSW1Dnu5cd7ZvImHuymOMxg9A1sd_Qfp_9FdydaAPs-x7jzp0mAnFBi_Z6Y&_nc_ohc=2obQdlY73lAQ7kNvwGHEhZs&_nc_gid=Yq9FCrvLFs9-8HZ6ejaPMQ&edm=AI-cjbYBAAAA&ccb=7-5&oh=00_AQB5zbOKl7-3wTZO4KBFUUcdsq08orDEJHIDS-BbK8l2mg&oe=6A6AFAE7&_nc_sid=0985b0,2498
test-data3,true,mittel,§ 130 Abs. 1 StGB; § 140 StGB,Billigung Willkürmaßnahme,'War doch richtig so' billigt die als Volksverhetzung verurteilte Handlung.,ccgc1888,ccgc1888,73978790519,2026-06-02 15:39:01,0,War doch richtig so.,no,17891089143521177,https://www.instagram.com/ccgc1888,https://www.instagram.com/p/DZDH8YstgWl/c/17891089143521177,https://instagram.fntr10-2.fna.fbcdn.net/v/t51.2885-19/573323465_1219825463302212_7278921664109726296_n.png?stp=dst-jpg_e0_s150x150_tt6&cb=8438d1d6-89aba764&efg=eyJ2ZW5jb2RlX3RhZyI6InByb2ZpbGVfcGljLmRqYW5nby4xNTAuYzIifQ&_nc_ht=instagram.fntr10-2.fna.fbcdn.net&_nc_cat=1&_nc_oc=Q6cZ2gECQpeJ8EJtRKNDuMXPCBbhR-64682iZQJoxdw6Kg8wSL29eGBYoL-ATxDLVRNCflw&_nc_ohc=vUGxye7DTtYQ7kNvwHJ-ceO&_nc_gid=5sghNl5NpsHPmlMCUz3anQ&edm=AJ9x6zYBAAAA&ccb=7-5&ig_cache_key=YW5vbnltb3VzX3Byb2ZpbGVfcGlj.3-ccb7-5-cb8438d1d6-89aba764&oh=00_AQA7sdQR2tuUKwBrC8lgCbhL1h30BKzHEChHBD0Xga4Uww&oe=6A6B08EA&_nc_sid=65462d,3021
data2,,,,,,loeckchen____,loeckchen____,49921603028,2026-06-02 18:41:18,0,"Achso, wenn da stehen würde „Muslime haben hier Hausverbot“, wäre das Urteil genau so gewesen?",no,17898843468303968,https://www.instagram.com/loeckchen____,https://www.instagram.com/p/DZDH8YstgWl/c/17898843468303968,https://scontent-eze1-1.cdninstagram.com/v/t51.82787-19/670535701_18066310466667029_1373926246843733266_n.jpg?stp=dst-jpg_s150x150_tt6&efg=eyJ2ZW5jb2RlX3RhZyI6InByb2ZpbGVfcGljLmRqYW5nby4xMDgwLmMyIn0&_nc_ht=scontent-eze1-1.cdninstagram.com&_nc_cat=105&_nc_oc=Q6cZ2gEktss6dF1KZ6hSEdFGxtoF2VwBJcOmvbsE5orU755uRzswMU_1kdT1UweckzydIY0&_nc_ohc=uPRhVscGzf4Q7kNvwGgIi1h&_nc_gid=UTKDA9j8YOkUCWaxb4Jzng&edm=AI-cjbYBAAAA&ccb=7-5&oh=00_AQDxm7E3wNem137mMsISbZASvDFQK_Qxn8c5BEzdU2-1ag&oe=6A6B16B4&_nc_sid=0985b0,
test-data3,true,hoch,§ 130 Abs. 1 StGB,Aufstacheln zum Hass/Verschwörungsideologie,"Bezeichnung eines ""good goy"" als jemand, der sich der israelischen Regierung unterordnet und die ""NWO"" (New World Order) durchsetzen helfe, transportiert eine antisemitische Weltverschwörungserzählung mit abwertendem Code-Begriff.",sebast1an996,sebast1an996,5815984938,2026-06-02 02:08:53,0,"@irf_cey ein ""good goy"" ist jemand der sich offen erkennbar der Israelischen Regierung unter ordnet und anerkennt das sie die NWO durch setzen kappa",no,18184563127377476,https://www.instagram.com/sebast1an996,https://www.instagram.com/p/DZDH8YstgWl/c/18184563127377476,https://scontent-eze1-2.cdninstagram.com/v/t51.82787-19/722910593_18435270322192939_3028782970051281642_n.jpg?stp=dst-jpg_s150x150_tt6&efg=eyJ2ZW5jb2RlX3RhZyI6InByb2ZpbGVfcGljLmRqYW5nby4xMDgwLmMyIn0&_nc_ht=scontent-eze1-2.cdninstagram.com&_nc_cat=107&_nc_oc=Q6cZ2gGmZljf3BRSkO170gxDqy8p7kf534XqM2D6DhQdi-oNo6Z_QJz8j7mTaiR1Gq8F0s8&_nc_ohc=mLEU_gSYeDYQ7kNvwFBzgk6&_nc_gid=PJ6l6j7NIIk05K7-0E5qPA&edm=AI-cjbYBAAAA&ccb=7-5&oh=00_AQAtGRH2cp9tH_uVCqOjFQyBdIDi34rKt7ahxvAXagXpsg&oe=6A6AF026&_nc_sid=0985b0,1416
test-data3,true,mittel,§ 130 Abs. 1 StGB; § 140 StGB,Billigung Willkürmaßnahme,"""Ist doch sein recht!!! Unterstützt diesen Mann"" ruft zur Unterstützung auf und billigt die Tat.",stefan_o_bucher,stefan_o_bucher,10390722799,2026-06-02 02:12:45,0,Ist doch sein recht!!! Unterstützt diesen Mann❤️❤️❤️,no,17868079737623081,https://www.instagram.com/stefan_o_bucher,https://www.instagram.com/p/DZDH8YstgWl/c/17868079737623081,https://scontent-eze1-2.cdninstagram.com/v/t51.2885-19/459797188_1607270160228192_3427767769554446257_n.jpg?stp=dst-jpg_s150x150_tt6&efg=eyJ2ZW5jb2RlX3RhZyI6InByb2ZpbGVfcGljLmRqYW5nby44MjEuYzIifQ&_nc_ht=scontent-eze1-2.cdninstagram.com&_nc_cat=100&_nc_oc=Q6cZ2gGSjGYwhjCf_DtX_0dADMae7NxrX0jGxcIU4GQUXCgzhAfVwbTzKGCKIcxTvkO49yA&_nc_ohc=uh1-kfCcekwQ7kNvwEt0six&_nc_gid=dhW5T05g_es3pOEv243sZQ&edm=AI-cjbYBAAAA&ccb=7-5&oh=00_AQD79xmKNqL8XE_VgI6Wjum3UGV67x60au7MTRCnWv0aKQ&oe=6A6B1D59&_nc_sid=0985b0,1429
test-data3,true,mittel,§ 130 Abs. 1 StGB,Sonstiges,"Behauptung, die Richterin werde 'von Israel bezahlt', ist eine antisemitische Verschwörungserzählung über jüdisch/israelische Einflussnahme auf die Justiz.",salvich7,salvich7,79576813186,2026-06-02 16:27:50,0,die Richterin wird von ISRAEL bezahlt,no,17966732550083047,https://www.instagram.com/salvich7,https://www.instagram.com/p/DZDH8YstgWl/c/17966732550083047,https://instagram.fqrc2-1.fna.fbcdn.net/v/t51.2885-19/573323465_1219825463302212_7278921664109726296_n.png?stp=dst-webp&efg=eyJ2ZW5jb2RlX3RhZyI6InByb2ZpbGVfcGljLmRqYW5nby4xNTAuYzIifQ&_nc_ht=instagram.fqrc2-1.fna.fbcdn.net&_nc_cat=1&_nc_oc=Q6cZ2gGEL-hCppNGuoO6YZMk5i1feOJDel6ykl0CzVi-bl7J7UQAcn6W2WCGRpCbwQiOtsE&_nc_ohc=vUGxye7DTtYQ7kNvwF3tvkc&_nc_gid=7ZI5clEwdZcpGhJUBpoD7A&edm=AL4D0a4BAAAA&ccb=7-5&ig_cache_key=YW5vbnltb3VzX3Byb2ZpbGVfcGlj.3-ccb7-5&oh=00_AQD2TGIG4Nc3SFwZz5Go6Uzz7eWj537HXHJqVgzumMPe8w&oe=6A6B08EA&_nc_sid=9e8221,3110
data2,,,,,,jinne2505,jinne2505,281709471,2026-06-02 02:12:03,0,Deutschland sollte sich langsam schämen für so einen Müll 🗑️,no,18157355971412254,https://www.instagram.com/jinne2505,https://www.instagram.com/p/DZDH8YstgWl/c/18157355971412254,https://scontent-eze1-2.cdninstagram.com/v/t51.2885-19/504494425_18509327647045472_2551930187840723935_n.jpg?stp=dst-jpg_s150x150_tt6&efg=eyJ2ZW5jb2RlX3RhZyI6InByb2ZpbGVfcGljLmRqYW5nby4xMDgwLmMyIn0&_nc_ht=scontent-eze1-2.cdninstagram.com&_nc_cat=108&_nc_oc=Q6cZ2gGSjGYwhjCf_DtX_0dADMae7NxrX0jGxcIU4GQUXCgzhAfVwbTzKGCKIcxTvkO49yA&_nc_ohc=5ujRnVuwM3MQ7kNvwFncgD3&_nc_gid=dhW5T05g_es3pOEv243sZQ&edm=AI-cjbYBAAAA&ccb=7-5&oh=00_AQC0DWuld5Y41DSzYyGvtRKvwUl30WVsGRCST87zLYrlNw&oe=6A6B148B&_nc_sid=0985b0,
test-data3,true,mittel,§ 130 Abs. 1 StGB; § 140 StGB,Billigung Willkürmaßnahme,"""Du bist mein Held"" im Threadkontext der Verteidigung des Ladenbesitzers - billigt dessen Handlung.",deni.alman,deni.alman,37981362261,2026-06-02 09:15:50,0,Du bist mein Held!,no,18065311151429184,https://www.instagram.com/deni.alman,https://www.instagram.com/p/DZDH8YstgWl/c/18065311151429184,https://scontent-eze1-1.cdninstagram.com/v/t51.82787-19/724624454_18096432524266262_5284055335148418387_n.jpg?stp=dst-jpg_s150x150_tt6&efg=eyJ2ZW5jb2RlX3RhZyI6InByb2ZpbGVfcGljLmRqYW5nby45NjYuYzIifQ&_nc_ht=scontent-eze1-1.cdninstagram.com&_nc_cat=102&_nc_oc=Q6cZ2gFCPh_ssheGUGCYZNOUMykPKQ2d5bK3toPv4etkt0tymGbSl9El7J8EYsi38yjSoGQ&_nc_ohc=zhm_8rXPNxMQ7kNvwE5EBUD&_nc_gid=EmjBLA2Ls_dKdfny49VMZQ&edm=AI-cjbYBAAAA&ccb=7-5&oh=00_AQAP3G69XFgUQBVHtnKMuUryshcvPW1TC51YZfZZkl6JHg&oe=6A6AEBF8&_nc_sid=0985b0,2040
test-data3,true,mittel,§ 130 Abs. 1 StGB,Billigung Willkürmaßnahme,'Ein held' als Auszeichnung für den Urheber des antisemitischen Schildes.,tahsin.tozan.376_by,tahsin.tozan.376_by,7174625712,2026-06-02 13:04:56,0,Ein held,no,18162176128446037,https://www.instagram.com/tahsin.tozan.376_by,https://www.instagram.com/p/DZDH8YstgWl/c/18162176128446037,https://scontent-eze1-2.cdninstagram.com/v/t51.2885-19/173335342_238801961364068_1370468162075256675_n.jpg?stp=dst-jpg_s150x150_tt6&efg=eyJ2ZW5jb2RlX3RhZyI6InByb2ZpbGVfcGljLmRqYW5nby4zMjAuYzIifQ&_nc_ht=scontent-eze1-2.cdninstagram.com&_nc_cat=108&_nc_oc=Q6cZ2gF6Q6RFt7xnrGptOchvQ7rvAe-lXEYCVswutgVV2Iw1gRPQue5pPll7S1U2cyKb8Hg&_nc_ohc=KS_RlijlM44Q7kNvwHZtDXr&_nc_gid=UQSp5_q_w4lgaSB1vxizLA&edm=AI-cjbYBAAAA&ccb=7-5&oh=00_AQBlMgYVJ6796BpQs9hMDwfZlm9NZ8RiLYNiJJs3FKCTeg&oe=6A6B154B&_nc_sid=0985b0,2632
test-data3,true,hoch,§ 130 Abs. 1 StGB,Aufstacheln zum Hass,"Der Kommentar ""dann kann man juds auslischen"" (Juden auslöschen) fordert bzw. befürwortet Gewalt gegen Juden als Gruppe und stellt eine eindeutige Aufstachelung zum Hass/zur Gewalt dar.",asena.uv,asena.uv,41713230275,2026-06-02 20:51:30,0,@iceman_props  dann kann man juds auslischen,no,17890891779532278,https://www.instagram.com/asena.uv,https://www.instagram.com/p/DZDH8YstgWl/c/17890891779532278,https://scontent-eze1-2.cdninstagram.com/v/t51.82787-19/689778087_18072936785390276_8110172323711419000_n.jpg?stp=dst-jpg_s150x150_tt6&efg=eyJ2ZW5jb2RlX3RhZyI6InByb2ZpbGVfcGljLmRqYW5nby4xMDgwLmMyIn0&_nc_ht=scontent-eze1-2.cdninstagram.com&_nc_cat=108&_nc_oc=Q6cZ2gGrJKeuMTfTuMA_-VtYbwwYmwHIRRUVv54fIYXckJgPuRnQlQNVP_97Fp78u0W_DP4&_nc_ohc=swkZFm31E9gQ7kNvwG6BTjl&_nc_gid=C7bL2BjTUILkjsEm0q5plw&edm=AI-cjbYBAAAA&ccb=7-5&oh=00_AQC7as8H_WFrSE_KvMBHaCDK01sJdKWKLDYVt0pqek546Q&oe=6A6B0E50&_nc_sid=0985b0,3544
test-data3,true,mittel,§ 130 Abs. 1 StGB; § 140 StGB,Billigung Willkürmaßnahme,"""Der Hans ist mein Held"" - billigt die Handlung des Ladenbesitzers.",therealfemmefatale___,therealfemmefatale___,78094764059,2026-06-02 09:43:42,0,Der Hans ist mein Held 😂,no,18096409322586646,https://www.instagram.com/therealfemmefatale___,https://www.instagram.com/p/DZDH8YstgWl/c/18096409322586646,https://scontent-eze1-2.cdninstagram.com/v/t51.82787-19/755422186_17886899721604060_5732509307238288870_n.jpg?stp=dst-jpg_s150x150_tt6&efg=eyJ2ZW5jb2RlX3RhZyI6InByb2ZpbGVfcGljLmRqYW5nby4xMDgwLmMyIn0&_nc_ht=scontent-eze1-2.cdninstagram.com&_nc_cat=104&_nc_oc=Q6cZ2gGbRO8WY-tpsW3FxqoahkVmtSqwJfiAS1GWAdv1ioQBXDoCJjlkaZKAP1HAJRtPXhg&_nc_ohc=9vfYLpuKc1gQ7kNvwFa1_u9&_nc_gid=RV5Vmzcff-t5KfiSLgAu4Q&edm=AI-cjbYBAAAA&ccb=7-5&oh=00_AQA95cFmcpT5LXmpD30ZjMmuFSu-NLe9gh2hANnqyN5ugQ&oe=6A6B197B&_nc_sid=0985b0,2123
test-data3,true,mittel,§ 130 Abs. 1 StGB,Billigung Willkürmaßnahme,"""Ehrenmann!"" mit positiven Emojis billigt die Tat des Verurteilten.",donnilum,donnilum,44881865524,2026-06-01 23:17:15,0,Ehrenmann! ❤️👏,no,18112675655500128,https://www.instagram.com/donnilum,https://www.instagram.com/p/DZDH8YstgWl/c/18112675655500128,https://scontent-eze1-2.cdninstagram.com/v/t51.82787-19/749403311_18117688439497525_1609212883721201015_n.jpg?stp=dst-jpg_s150x150_tt6&efg=eyJ2ZW5jb2RlX3RhZyI6InByb2ZpbGVfcGljLmRqYW5nby45NjAuYzIifQ&_nc_ht=scontent-eze1-2.cdninstagram.com&_nc_cat=101&_nc_oc=Q6cZ2gFUKAu33TzZzCgXPLWy2oEhw0YrEuMTQXuS4gQHdVAFgSIiUwqpPaG8Gajvci1cmbU&_nc_ohc=lbkPtx4qU1kQ7kNvwF0tjd3&_nc_gid=3T7fI1Z1-_EndhbPna-6uQ&edm=AI-cjbYBAAAA&ccb=7-5&oh=00_AQDM7Qppg8z9vXHOTSaz6_3T4AksQnBmIXF6y6FFcHEDng&oe=6A6AED0B&_nc_sid=0985b0,639
data2,,,,,,venzlwolfgang,venzlwolfgang,53544731100,2026-06-05 16:09:06,0,Ach so aber wenn es um die AFD geht und draufsteht dass keine afd-mitglieder rein dürfen ist es in Ordnung,no,17925263385343946,https://www.instagram.com/venzlwolfgang,https://www.instagram.com/p/DZDH8YstgWl/c/17925263385343946,https://scontent-eze1-1.cdninstagram.com/v/t51.82787-19/587292633_18024277193787101_4339977028740133476_n.jpg?stp=dst-jpg_s150x150_tt6&efg=eyJ2ZW5jb2RlX3RhZyI6InByb2ZpbGVfcGljLmRqYW5nby4xMDgwLmMyIn0&_nc_ht=scontent-eze1-1.cdninstagram.com&_nc_cat=105&_nc_oc=Q6cZ2gFKIrtrvweWVAd7EEZ4ztrZ3AYT8ZB300eYzs1yIgn_64fPCsFigXl0igDwluCYzMI&_nc_ohc=Tr224YowDoEQ7kNvwHaMdty&_nc_gid=pVWWT9lUeY5MaNA1jRl5YQ&edm=AI-cjbYBAAAA&ccb=7-5&oh=00_AQAL9oOI9_wM6-J0vTlpmzPaKD_eFplQDdn36Z5-TN7Z7A&oe=6A6B12A6&_nc_sid=0985b0,
data2,,,,,,oli.nlz,oli.nlz,8582729546,2026-06-01 23:59:17,0,Wenn auf ein Schild dasselbe draufstehen würde aber stattdessen Deutsche draufstehen würde dann wär es denk ich mal kein Problem und es würde kein großes aufregen geben,no,17890142166537689,https://www.instagram.com/oli.nlz,https://www.instagram.com/p/DZDH8YstgWl/c/17890142166537689,https://scontent-eze1-2.cdninstagram.com/v/t51.2885-19/409991073_3569237596661484_4557491993403653262_n.jpg?stp=dst-jpg_s150x150_tt6&efg=eyJ2ZW5jb2RlX3RhZyI6InByb2ZpbGVfcGljLmRqYW5nby42MjcuYzIifQ&_nc_ht=scontent-eze1-2.cdninstagram.com&_nc_cat=100&_nc_oc=Q6cZ2gFJfIsg4ul4p8ArgfrrkODARU39mR7HzwzsRj38foBDqg2rPNAtTmwedj5o64ris5I&_nc_ohc=JYQ70FOkI00Q7kNvwEFN324&_nc_gid=YrzuNyzzogGfc-a3QYyuaA&edm=AI-cjbYBAAAA&ccb=7-5&oh=00_AQDmIB9cDCVHiJTgwxhWfVd3eFjk3nbgP6pkxji-uPWgAA&oe=6A6B0FFE&_nc_sid=0985b0,
test-data3,true,mittel,§ 130 Abs. 1 StGB; § 140 StGB,Billigung Willkürmaßnahme,"""Ehrenmann"" - billigende Zustimmung zur Handlung des Ladenbesitzers.",pash.089,pash.089,80245296098,2026-06-02 09:58:25,0,Ehrenmann,no,18005291945925814,https://www.instagram.com/pash.089,https://www.instagram.com/p/DZDH8YstgWl/c/18005291945925814,https://scontent-eze1-2.cdninstagram.com/v/t51.82787-19/670001663_17864985951672099_2275691986453878082_n.jpg?stp=dst-jpg_s150x150_tt6&efg=eyJ2ZW5jb2RlX3RhZyI6InByb2ZpbGVfcGljLmRqYW5nby4xMDgwLmMyIn0&_nc_ht=scontent-eze1-2.cdninstagram.com&_nc_cat=103&_nc_oc=Q6cZ2gH-GmhL3n0D3szlTHUgVwbWHv52WQecArKeXjsXwz3m3eS6zDRgbtQvubmht4Egbog&_nc_ohc=VJBHhAJx9fIQ7kNvwFbOfB3&_nc_gid=1HHB9ytEXrMhg3sCH7JS6Q&edm=AI-cjbYBAAAA&ccb=7-5&oh=00_AQAhKmPQc_JDwpSbFCriuE2t8lvzIq1pFguEfRZ4w_rCOQ&oe=6A6B07BB&_nc_sid=0985b0,2151
data2,,,,,,verfassungslos_,verfassungslos_,68889734333,2026-06-02 10:03:59,0,"@nxco128 ist doch sein Laden, er hat Hausrecht…",no,18103978385475034,https://www.instagram.com/verfassungslos_,https://www.instagram.com/p/DZDH8YstgWl/c/18103978385475034,https://scontent-eze1-1.cdninstagram.com/v/t51.82787-19/653647486_17917698963302334_2565910823313531173_n.jpg?stp=dst-jpg_s150x150_tt6&efg=eyJ2ZW5jb2RlX3RhZyI6InByb2ZpbGVfcGljLmRqYW5nby4xMDgwLmMyIn0&_nc_ht=scontent-eze1-1.cdninstagram.com&_nc_cat=106&_nc_oc=Q6cZ2gH-GmhL3n0D3szlTHUgVwbWHv52WQecArKeXjsXwz3m3eS6zDRgbtQvubmht4Egbog&_nc_ohc=X3_REy02Cx4Q7kNvwFMLsRK&_nc_gid=1HHB9ytEXrMhg3sCH7JS6Q&edm=AI-cjbYBAAAA&ccb=7-5&oh=00_AQAgfcDOQS9GIdMkTXC97COtgf_gC5w-ExWcNxkVlmkhHQ&oe=6A6AEBBA&_nc_sid=0985b0,
test-data3,true,mittel,§ 130 Abs. 1 StGB,Billigung Willkürmaßnahme,'sprecht halt für uns alle' mit Klatsch-Emoji billigt die antisemitische Aussage als vermeintliche Mehrheitsmeinung.,holladiegewaltfe3,holladiegewaltfe3,58164052597,2026-06-02 14:20:54,0,Also ich bin nicht empört aber gut sprecht halt für uns alle 🤔👏,no,18094963703228867,https://www.instagram.com/holladiegewaltfe3,https://www.instagram.com/p/DZDH8YstgWl/c/18094963703228867,https://scontent-eze1-1.cdninstagram.com/v/t51.2885-19/454810595_1475436426411150_4113636958097731828_n.jpg?stp=dst-jpg_s150x150_tt6&efg=eyJ2ZW5jb2RlX3RhZyI6InByb2ZpbGVfcGljLmRqYW5nby4xMDgwLmMyIn0&_nc_ht=scontent-eze1-1.cdninstagram.com&_nc_cat=106&_nc_oc=Q6cZ2gGR5NDZcZt3AnwYBQ0-_507faOIF4avG9vTfV9kiLA_UNqrSBalJ4jl2S4E_1CtZjI&_nc_ohc=ramhkfanLWsQ7kNvwEVTcFX&_nc_gid=768vrnNyFr9oS5pDNOw9NQ&edm=AI-cjbYBAAAA&ccb=7-5&oh=00_AQDx0v-n08K61ydVC6iOVLBg-FvT3H3ZluJAqQOQ7mJZGQ&oe=6A6B0849&_nc_sid=0985b0,2818
data2,,,,,,idiotentherapeut_,idiotentherapeut_,45769235813,2026-06-01 22:54:39,0,"Und die unzähligen Toten in Gaza,Shit off vollkommen egal.",no,18063463571482341,https://www.instagram.com/idiotentherapeut_,https://www.instagram.com/p/DZDH8YstgWl/c/18063463571482341,https://scontent-eze1-1.cdninstagram.com/v/t51.82787-19/731052153_18066604559523814_1397384166168371301_n.jpg?stp=dst-jpg_s150x150_tt6&efg=eyJ2ZW5jb2RlX3RhZyI6InByb2ZpbGVfcGljLmRqYW5nby40ODcuYzIifQ&_nc_ht=scontent-eze1-1.cdninstagram.com&_nc_cat=110&_nc_oc=Q6cZ2gGBum1Q58BRswcyt4o1w_rn4dUKv6nWE7wP7dawIJHPDPzILJCw7YNie2X0hWoHFyQ&_nc_ohc=HYiY2YbGkZoQ7kNvwE29fQZ&_nc_gid=fcwYkie5ESBIkVsKnfz4GQ&edm=AI-cjbYBAAAA&ccb=7-5&oh=00_AQD0wzYLM_mW36g0O_pyHR5HYIFmwJn1qzTa0q7tc7493g&oe=6A6B1F34&_nc_sid=0985b0,
test-data3,true,mittel,§ 111 StGB; § 241 StGB,Aufforderung zu Straftaten,"Äußert den Wunsch, dass der Laden des Täters von Personen 'gestürmt' wird, was als Andeutung einer Gewalt-/Straftatandrohung gegen den Täter zu prüfen ist.",nettejay030,nettejay030,202238575,2026-06-13 14:23:14,0,Ich hoffe sein ganzer Laden wird gestürmt voller lieben tollen islamisten,no,17888532672557981,https://www.instagram.com/nettejay030,https://www.instagram.com/p/DZDH8YstgWl/c/17888532672557981,https://scontent-eze1-2.cdninstagram.com/v/t51.82787-19/568315123_18539662267062576_4313409825849272634_n.jpg?stp=dst-jpg_s150x150_tt6&efg=eyJ2ZW5jb2RlX3RhZyI6InByb2ZpbGVfcGljLmRqYW5nby4xMDgwLmMyIn0&_nc_ht=scontent-eze1-2.cdninstagram.com&_nc_cat=100&_nc_oc=Q6cZ2gFuDlpDjOXSSD_kSyaMb99qoVNP-86e3-pHaX-z_Vg9ac3PY18xykkv7PMyAngqT_0&_nc_ohc=zE8XSvLEDZcQ7kNvwFYmJZE&_nc_gid=4JQFtK5-fEOa98hQzrKhDA&edm=AI-cjbYBAAAA&ccb=7-5&oh=00_AQD72mTX5Wj0KBf0KDbuZciTiVInBwFryxNCnJMN0EGKSw&oe=6A6B1B54&_nc_sid=0985b0,4519
test-data3,true,mittel,§ 140 StGB,Billigung Willkürmaßnahme,"Äußert Respekt für den Täter und sucht nach einem Spendenlink zur Unterstützung, was eine Billigung der Volksverhetzungstat impliziert.",aqute7,aqute7,27489520212,2026-06-13 02:22:19,0,Respekt an ihn. Falls jemand einen Spendenlink hat bitte Bescheid geben,no,18091973573157977,https://www.instagram.com/aqute7,https://www.instagram.com/p/DZDH8YstgWl/c/18091973573157977,https://scontent-eze1-2.cdninstagram.com/v/t51.82787-19/755870226_18116402983912213_1785225383944758204_n.jpg?stp=dst-jpg_s150x150_tt6&efg=eyJ2ZW5jb2RlX3RhZyI6InByb2ZpbGVfcGljLmRqYW5nby4xMDgwLmMyIn0&_nc_ht=scontent-eze1-2.cdninstagram.com&_nc_cat=101&_nc_oc=Q6cZ2gFuDlpDjOXSSD_kSyaMb99qoVNP-86e3-pHaX-z_Vg9ac3PY18xykkv7PMyAngqT_0&_nc_ohc=Z9X_mr_mYEkQ7kNvwE82ESh&_nc_gid=4JQFtK5-fEOa98hQzrKhDA&edm=AI-cjbYBAAAA&ccb=7-5&oh=00_AQCo7rJSpb5rwfTrPL8L2EQSy8s4ik4Bk6vQBy1xaBK_Cw&oe=6A6B06BC&_nc_sid=0985b0,4504
test-data3,true,hoch,§ 130 Abs. 1 StGB,Aufstacheln zum Hass,"""Die sollten überall Hausverbot haben"" fordert explizit eine pauschale Willkürmaßnahme (Ausschluss) gegen Juden als Gruppe und erfüllt damit unmittelbar den Tatbestand des § 130 Abs. 1 Nr. 1 StGB.",kristianaugustinov,kristianaugustinov,24097619690,2026-06-02 08:28:20,0,Die sollten überall Hausverbot haben,no,17859058083649304,https://www.instagram.com/kristianaugustinov,https://www.instagram.com/p/DZDH8YstgWl/c/17859058083649304,https://scontent-eze1-1.cdninstagram.com/v/t51.2885-19/302719769_560024609251655_5605317044832881193_n.jpg?stp=dst-jpg_s150x150_tt6&efg=eyJ2ZW5jb2RlX3RhZyI6InByb2ZpbGVfcGljLmRqYW5nby44ODYuYzIifQ&_nc_ht=scontent-eze1-1.cdninstagram.com&_nc_cat=111&_nc_oc=Q6cZ2gFQa_ORcgznTWl3TWbj3FtnjYxOsGUCnE2-yD54pfbRWzUX9a9bKpsKHC2gpwquD84&_nc_ohc=8WWEuus8StQQ7kNvwFJalm4&_nc_gid=JOfFiewkUeFX5gdkAToNmQ&edm=AI-cjbYBAAAA&ccb=7-5&oh=00_AQAiyCmiBQV8cF6vkGIT9NUgebPwHZppQBIs4Lv1VEhF8g&oe=6A6B029A&_nc_sid=0985b0,1917
test-data3,true,mittel,§ 130 Abs. 1 StGB; § 140 StGB,Billigung Willkürmaßnahme,"""Ehrenmann der HANS"" - billigende Zustimmung zur Handlung des Ladenbesitzers.",aydin___burak,aydin___burak,3217592094,2026-06-02 11:05:00,0,Ehrenmann der HANS,no,17968557678064741,https://www.instagram.com/aydin___burak,https://www.instagram.com/p/DZDH8YstgWl/c/17968557678064741,https://scontent-eze1-1.cdninstagram.com/v/t51.82787-19/515730171_18411589624104095_226632296564298386_n.jpg?stp=dst-jpg_s150x150_tt6&efg=eyJ2ZW5jb2RlX3RhZyI6InByb2ZpbGVfcGljLmRqYW5nby45NDYuYzIifQ&_nc_ht=scontent-eze1-1.cdninstagram.com&_nc_cat=111&_nc_oc=Q6cZ2gHia8Yh3qoxoqarGyfnQHd_wftAJ5frTE1Bjp13tEazbLrA1ijPDf5pvmfssQ36gBg&_nc_ohc=ycZXpJQwDb0Q7kNvwEbsjg9&_nc_gid=4mjOLn7T8uS-RCIt-KYuMA&edm=AI-cjbYBAAAA&ccb=7-5&oh=00_AQBzy-rIJKal3r_mGl3vEM5U7IrXa0Rapm7d1-_I_iMHQw&oe=6A6B0028&_nc_sid=0985b0,2328
test-data3,true,hoch,§ 130 Abs. 1 StGB; § 111 StGB,Aufforderung zu Straftaten,"Fordert, dass solche Schilder ('Juden haben hier Hausverbot') überall aufgehängt werden sollten – eine öffentliche Aufforderung zur Wiederholung der als Volksverhetzung gewerteten Tat.",13elo37,13elo37,74790041280,2026-06-02 12:49:52,0,Sowas sollte überall hängen.,no,18582257527027893,https://www.instagram.com/13elo37,https://www.instagram.com/p/DZDH8YstgWl/c/18582257527027893,https://scontent-eze1-1.cdninstagram.com/v/t51.2885-19/499185919_17844294861489281_8796849517507816922_n.jpg?stp=dst-jpg_s150x150_tt6&efg=eyJ2ZW5jb2RlX3RhZyI6InByb2ZpbGVfcGljLmRqYW5nby4zNjAuYzIifQ&_nc_ht=scontent-eze1-1.cdninstagram.com&_nc_cat=105&_nc_oc=Q6cZ2gEzLi-XJ68h95Rd6yyRQ7ndEZxMZZCk2bBzyEo3AMJ5rWHZ3sv7D27NW2nrOnJvhGA&_nc_ohc=prdYKe0SGegQ7kNvwHY6CsG&_nc_gid=hbdSeAVv6SC1TEvzFicUPw&edm=AI-cjbYBAAAA&ccb=7-5&oh=00_AQBg1nynQuVIp6yPE_X9poeqei1lpkJe9nNjOsyaGoifXw&oe=6A6AEBC7&_nc_sid=0985b0,2587
test-data3,true,hoch,§ 130 Abs. 1 StGB,Aufstacheln zum Hass,Verwendet den antisemitischen Kampfbegriff 'gute goys' zur Verhöhnung von Juden im Kontext der Verteidigung des Schildes.,skyisthelimit422,skyisthelimit422,22368090184,2026-06-02 13:36:38,0,Ahhh gute goys.  Wo ist die Meinungsfreiheit. ??,no,18139013749538574,https://www.instagram.com/skyisthelimit422,https://www.instagram.com/p/DZDH8YstgWl/c/18139013749538574,https://instagram.fkna1-1.fna.fbcdn.net/v/t51.2885-19/573323465_1219825463302212_7278921664109726296_n.png?stp=dst-webp&efg=eyJ2ZW5jb2RlX3RhZyI6InByb2ZpbGVfcGljLmRqYW5nby4xNTAuYzIifQ&_nc_ht=instagram.fkna1-1.fna.fbcdn.net&_nc_cat=1&_nc_oc=Q6cZ2gGjafv87WNXHpjegCdW1cyHiA9cbO3Azoj0nu8vyVY92EN6M1mgSz6yv5dxzgQ2Gmg&_nc_ohc=vUGxye7DTtYQ7kNvwHVBnVt&_nc_gid=SnVSJxgRK9eT8phSx-55Wg&edm=AJ9x6zYBAAAA&ccb=7-5&ig_cache_key=YW5vbnltb3VzX3Byb2ZpbGVfcGlj.3-ccb7-5&oh=00_AQC1dioBntmPLDDgr6nXlT9yOqOBSz2_c4P46ggB450a3Q&oe=6A6B08EA&_nc_sid=65462d,2710
test-data3,true,mittel,§ 130 Abs. 1 StGB,Billigung Willkürmaßnahme,"""Geiler Typ"" lobt den wegen Volksverhetzung Verurteilten.",made_in_germany_07,made_in_germany_07,57891440606,2026-06-02 00:06:27,0,Geiler typ😂,no,18146310415499646,https://www.instagram.com/made_in_germany_07,https://www.instagram.com/p/DZDH8YstgWl/c/18146310415499646,https://scontent-eze1-2.cdninstagram.com/v/t51.82787-19/661365396_17996037407928607_1428863822410827993_n.jpg?stp=dst-jpg_s150x150_tt6&efg=eyJ2ZW5jb2RlX3RhZyI6InByb2ZpbGVfcGljLmRqYW5nby4xMDgwLmMyIn0&_nc_ht=scontent-eze1-2.cdninstagram.com&_nc_cat=107&_nc_oc=Q6cZ2gFefdEEjFN0GqVMVdcsntNA9yAMXW79onrqemn3_ADlPiCyUbi4OciW35blojUl6bg&_nc_ohc=nWOEcoWyhIsQ7kNvwFV51dH&_nc_gid=WF7HRP2X5aA72YC1xYTJ-g&edm=AI-cjbYBAAAA&ccb=7-5&oh=00_AQCMvZhwhF64pQW3grKMkJvKGqGYSRqYSBMW3z5Dt4MqNQ&oe=6A6B1F27&_nc_sid=0985b0,940
test-data3,true,mittel,§ 130 Abs. 1 StGB,Aufstacheln zum Hass,"Fordert die Abschiebung ('es') nach Gaza im Kontext der Diskussion über Juden/Israelis, was auf eine kollektive Bestrafungsforderung gegen die Gruppe hindeutet.",tobsander,tobsander,40198420464,2026-07-25 10:00:09,0,Es sollte in den Gaza abgeschoben werden,no,18088040708561269,https://www.instagram.com/tobsander,https://www.instagram.com/p/DZDH8YstgWl/c/18088040708561269,https://scontent-iad3-1.cdninstagram.com/v/t51.2885-19/573323465_1219825463302212_7278921664109726296_n.png?stp=dst-jpg_tt6&efg=eyJ2ZW5jb2RlX3RhZyI6InByb2ZpbGVfcGljLmRqYW5nby4yMjQuYzIifQ&_nc_ht=scontent-iad3-1.cdninstagram.com&_nc_cat=1&_nc_oc=Q6cZ2gFIJAiIyZrsCDhXnKqwNTOvX0ofPjPIt50wC4YXI7M0PXUxtvyfVQFVUQPuBdpn2SxN0u4EOyQZ83PS72N11f70&_nc_ohc=vUGxye7DTtYQ7kNvwEacJlN&edm=AAAAAAABAAAA&ccb=7-5&ig_cache_key=YW5vbnltb3VzX3Byb2ZpbGVfcGlj.3-ccb7-5&oh=00_AQBxdfiWl7B6GMY0S6Xajr82ddN65GKR-XFCa6MPkT8JmA&oe=6A6B08EA&_nc_sid=328259,4751
test-data3,true,mittel,§ 130 Abs. 1 StGB; § 140 StGB,Billigung Willkürmaßnahme,"""Müsste überall stehen"" im Kontext der Verteidigung des Schilds billigt die Ausweitung der Willkürmaßnahme gegen Juden/Israelis auf andere Orte.",pawnakaoqqnq_,pawnakaoqqnq_,75748722129,2026-06-03 18:11:42,0,Müsste überall stehen,no,18355932991212167,https://www.instagram.com/pawnakaoqqnq_,https://www.instagram.com/p/DZDH8YstgWl/c/18355932991212167,https://instagram.fvix7-1.fna.fbcdn.net/v/t51.2885-19/573323465_1219825463302212_7278921664109726296_n.png?stp=dst-webp&efg=eyJ2ZW5jb2RlX3RhZyI6InByb2ZpbGVfcGljLmRqYW5nby4xNTAuYzIifQ&_nc_ht=instagram.fvix7-1.fna.fbcdn.net&_nc_cat=1&_nc_oc=Q6cZ2gEsR-pMKQywHcwv0mUNYl3J64tQGnVbs1yIu812qFRYzSTWGaEZmIyde9wrYvZ8WfbB7csUSaJRTJhqW0USO_qI&_nc_ohc=vUGxye7DTtYQ7kNvwGFEyO9&_nc_gid=7K-3sfnLel_tPEKvjyyM6A&edm=APs17CUBAAAA&ccb=7-5&ig_cache_key=YW5vbnltb3VzX3Byb2ZpbGVfcGlj.3-ccb7-5&oh=00_AQDhBq_9yGFwjT2nM0rMT9rz5ff2l0ZikIs6SpvJr4GnLA&oe=6A6B08EA&_nc_sid=10d13b,4026
test-data3,true,mittel,§ 130 Abs. 1 StGB; § 140 StGB,Billigung Willkürmaßnahme,"Ausdrückliche Billigung der Ausgrenzungsmaßnahme gegen Juden (""macht alles richtig"") mit zustimmendem Emoji, ohne Bezug zum Urteil selbst.",kafakenay,kafakenay,54542388538,2026-06-02 02:45:17,0,Naja Deutschland weit Empörung ist jetzt nicht so ganz richtig. Der Laden Besitzer macht alles richtig👏,no,18144026920458991,https://www.instagram.com/kafakenay,https://www.instagram.com/p/DZDH8YstgWl/c/18144026920458991,https://scontent-eze1-1.cdninstagram.com/v/t51.82787-19/683438152_18022195862820539_5551014570218275735_n.jpg?stp=dst-jpg_s150x150_tt6&efg=eyJ2ZW5jb2RlX3RhZyI6InByb2ZpbGVfcGljLmRqYW5nby4xMDgwLmMyIn0&_nc_ht=scontent-eze1-1.cdninstagram.com&_nc_cat=111&_nc_oc=Q6cZ2gF_a4wLubVuFKc9lmVVuO0ek2mcL3MzfNjBYDHQAhNZPbVHt24Kr9x-IjEtB6i_jXA&_nc_ohc=9UxfTX2BTFUQ7kNvwG7St3J&_nc_gid=Gkx8CwvTi_AT9QTvAKx3LA&edm=AI-cjbYBAAAA&ccb=7-5&oh=00_AQC8UFNqdQ9q53wvVeHgwHlqD7qaIpMFRyVrtHHsUhJPfA&oe=6A6B111F&_nc_sid=0985b0,1502
test-data3,true,mittel,§ 130 Abs. 1 StGB; § 140 StGB,Billigung Willkürmaßnahme,"Ruft zu Unterstützung (Crowdfunding) für den Täter auf und rechtfertigt die Tat mit ""keine böse Absicht""; billigt die Willkürmaßnahme.",gjenti27,gjenti27,6995279746,2026-06-02 00:37:09,0,Crowdfunding für Hans? Er hatte keine böse Absicht wir sollten ihn nicht hängenlassen.,no,18031320530811197,https://www.instagram.com/gjenti27,https://www.instagram.com/p/DZDH8YstgWl/c/18031320530811197,https://scontent-eze1-2.cdninstagram.com/v/t51.82787-19/728726806_18367918801239747_2801044422324789663_n.jpg?stp=dst-jpg_s150x150_tt6&efg=eyJ2ZW5jb2RlX3RhZyI6InByb2ZpbGVfcGljLmRqYW5nby4xMDgwLmMyIn0&_nc_ht=scontent-eze1-2.cdninstagram.com&_nc_cat=103&_nc_oc=Q6cZ2gGUBBkZuMhRxq7x2IglKC4mP9OpjzLbv8FUsRXll8e1sqdGCLGdsolDw0uMdyXXTKQ&_nc_ohc=oFEz9pa3dsgQ7kNvwEiHBF8&_nc_gid=wjqp446pF4Nn5R2Coh3Q3A&edm=AI-cjbYBAAAA&ccb=7-5&oh=00_AQDQqsYDWmKzmR_aO7hE77ZtuIWmYja31vY3ZgFJAbqnSA&oe=6A6AF563&_nc_sid=0985b0,1074
test-data3,true,mittel,§ 130 Abs. 1 StGB,Billigung Willkürmaßnahme,"Pauschale Bezeichnung als ""israelische Kriegsverbrecher"" zur Rechtfertigung des Hausverbots überträgt Kollektivschuld auf die gesamte Gruppe und billigt die Willkürmaßnahme.",manuhena_manuhena,manuhena_manuhena,57376265302,2026-06-03 10:54:07,0,"Er hat sein Hausrecht angewendet, israelische Kriegsverbrecher haben bei uns nichts zu suchen, sie haben in Gaza schrecklichste Krieksverbrechen begangen. Ich hab Videos aus Gaza. Ekelhaft.",no,18423890248134945,https://www.instagram.com/manuhena_manuhena,https://www.instagram.com/p/DZDH8YstgWl/c/18423890248134945,https://scontent-eze1-2.cdninstagram.com/v/t51.82787-19/753652197_18018012227913303_3204263424961225730_n.jpg?stp=dst-jpg_s150x150_tt6&efg=eyJ2ZW5jb2RlX3RhZyI6InByb2ZpbGVfcGljLmRqYW5nby4xMDgwLmMyIn0&_nc_ht=scontent-eze1-2.cdninstagram.com&_nc_cat=103&_nc_oc=Q6cZ2gHc3-fgprct0i8sjehwBXeu5pPfvY6lwB18gSXASkuyxgO1cNGQcbSs9fIsv4xSFSM&_nc_ohc=mqjySreCMPoQ7kNvwE4mXmp&_nc_gid=eNc47n5sAq3Asp7HTY4qUw&edm=AI-cjbYBAAAA&ccb=7-5&oh=00_AQCF1VjFjuoLN3D8NelER7X8DpLKwi1NPvhk9rpihnx10w&oe=6A6B03FE&_nc_sid=0985b0,3924
data2,,,,,,_stefan__marx__,_stefan__marx__,3136704765,2026-06-10 11:16:29,0,😂👏,no,18408552226151544,https://www.instagram.com/_stefan__marx__,https://www.instagram.com/p/DZDH8YstgWl/c/18408552226151544,https://scontent-eze1-1.cdninstagram.com/v/t51.82787-19/754143760_18469254445104766_2303380695397261033_n.jpg?stp=dst-jpg_s150x150_tt6&efg=eyJ2ZW5jb2RlX3RhZyI6InByb2ZpbGVfcGljLmRqYW5nby4xMDgwLmMyIn0&_nc_ht=scontent-eze1-1.cdninstagram.com&_nc_cat=110&_nc_oc=Q6cZ2gE06_Z1h-75_n5FdUAHikEsgCcbf7T5y97uoJSX7ByvAlTjGJSpZSQPvF2JEZAP6W0&_nc_ohc=j9o0w4SbBdAQ7kNvwFbcbYz&_nc_gid=iFDbx5QzZC2Z9tGIfWjEfA&edm=AI-cjbYBAAAA&ccb=7-5&oh=00_AQC3T4KK1BGvtQjeCJy4N0-nYTw7jPszmZM0E_l3brMT1g&oe=6A6B0A60&_nc_sid=0985b0,
test-data3,true,mittel,§ 130 Abs. 1 StGB,Billigung Willkürmaßnahme,"Bezeichnet den Täter enthusiastisch als ""Held"" im Kontext der Zustimmung zum antisemitischen Hausverbotsschild.",hasecicaldin,hasecicaldin,59644413140,2026-06-02 20:31:28,0,Held!!!,no,17998066682774303,https://www.instagram.com/hasecicaldin,https://www.instagram.com/p/DZDH8YstgWl/c/17998066682774303,https://scontent-iad3-2.cdninstagram.com/v/t51.2885-19/573323465_1219825463302212_7278921664109726296_n.png?stp=dst-jpg_tt6&efg=eyJ2ZW5jb2RlX3RhZyI6InByb2ZpbGVfcGljLmRqYW5nby4yMjQuYzIifQ&_nc_ht=scontent-iad3-2.cdninstagram.com&_nc_cat=1&_nc_oc=Q6cZ2gF16ix35-s2rV-uX7_W83NcGJmGagS1rNnk6f1r5T0JQ1b3kyn_MPBYFKie3kWVKDRTooZ64TifFJFaHl84fZaS&_nc_ohc=vUGxye7DTtYQ7kNvwF1JjnI&edm=AAAAAAABAAAA&ccb=7-5&ig_cache_key=YW5vbnltb3VzX3Byb2ZpbGVfcGlj.3-ccb7-5&oh=00_AQAM-NYSuL6FeuDkEMdiFZmjBKcrhBSrcRWMDYS26JHUhw&oe=6A6B08EA&_nc_sid=328259,3516
test-data3,true,mittel,§ 130 Abs. 1 StGB; § 140 StGB,Billigung Willkürmaßnahme,Fordert einen Orden für den Täter und eine Bestrafung der Richterin; billigt die Tat und greift die Justiz an.,jurgen_066,jurgen_066,3879587980,2026-06-02 01:31:49,0,Der mann müsste ein orden bekommen und die Richterin bestraft,no,18090925715343937,https://www.instagram.com/jurgen_066,https://www.instagram.com/p/DZDH8YstgWl/c/18090925715343937,https://scontent-eze1-1.cdninstagram.com/v/t51.82787-19/671804499_18414849997131981_5264772625991696060_n.jpg?stp=dst-jpg_s150x150_tt6&efg=eyJ2ZW5jb2RlX3RhZyI6InByb2ZpbGVfcGljLmRqYW5nby45MDEuYzIifQ&_nc_ht=scontent-eze1-1.cdninstagram.com&_nc_cat=109&_nc_oc=Q6cZ2gGxS6S0mFeiim_iEpNQqAAkM_oXWrox0S1v0AIaHYVylAjhfZx_gxcoGlTtRb37hok&_nc_ohc=SOhD17ZmQ8cQ7kNvwEbiqti&_nc_gid=22-tlho5iaWT-8CyqMAZ4A&edm=AI-cjbYBAAAA&ccb=7-5&oh=00_AQA4vqdJe7xWjmiibtboA5qtNNBjifvaAMYs0fGysvfyiQ&oe=6A6AEB4C&_nc_sid=0985b0,1271
test-data3,true,mittel,§ 130 Abs. 1 StGB; § 140 StGB,Billigung Willkürmaßnahme,'Der Maler hatte recht' billigt die Handlung des wegen Volksverhetzung verurteilten Täters.,micael_santos_graca,micael_santos_graca,2034592655,2026-06-02 16:01:48,0,Der Maler hatte recht,no,18082731998449238,https://www.instagram.com/micael_santos_graca,https://www.instagram.com/p/DZDH8YstgWl/c/18082731998449238,https://scontent-eze1-2.cdninstagram.com/v/t51.2885-19/27574066_540473519641988_8013478005814853632_n.jpg?stp=dst-jpg_s150x150_tt6&efg=eyJ2ZW5jb2RlX3RhZyI6InByb2ZpbGVfcGljLmRqYW5nby4yNTMuYzIifQ&_nc_ht=scontent-eze1-2.cdninstagram.com&_nc_cat=108&_nc_oc=Q6cZ2gGsidG6wEDwaqutxiiBygBKjEAuNSolVLVCurhpTyZz-vInSp2Yv4pKdZ5tl2uz7zc&_nc_ohc=RHy0gfTzmo4Q7kNvwGeMfe2&_nc_gid=1Ft56g8RuwqE2MIDpeP0oQ&edm=AI-cjbYBAAAA&ccb=7-5&oh=00_AQB29SgJYuZ9CilkfR_vbAeCFNQVVlNI9bP3Y2oV6peMGg&oe=6A6B16DC&_nc_sid=0985b0,3069
test-data3,true,hoch,§ 130 Abs. 1 StGB,Billigung Willkürmaßnahme,"Billigt die Tat ausdrücklich und fordert implizit noch mehr davon (""noch zu wenig"").",jihad.o,jihad.o,1963841843,2026-06-01 23:31:55,0,Alles richtig gemacht und noch zu wenig,no,18349147414244876,https://www.instagram.com/jihad.o,https://www.instagram.com/p/DZDH8YstgWl/c/18349147414244876,https://scontent-eze1-2.cdninstagram.com/v/t51.82787-19/670390612_18538638796065844_4534719511066152861_n.jpg?stp=dst-jpg_s150x150_tt6&efg=eyJ2ZW5jb2RlX3RhZyI6InByb2ZpbGVfcGljLmRqYW5nby4xMDgwLmMyIn0&_nc_ht=scontent-eze1-2.cdninstagram.com&_nc_cat=104&_nc_oc=Q6cZ2gF0zHe6UU6ljQNXbRPRq3aLCLO-r97hOPdW7ltnnHdJbaNkmFA9R8IvVtWepXDUhaw&_nc_ohc=6z9ecAgm5ToQ7kNvwHoiB3E&_nc_gid=oe3KqX_C7XxvRm3QANq7KA&edm=AI-cjbYBAAAA&ccb=7-5&oh=00_AQDBOVS0klsJPdoGFwOOU463RwOz6fdnJtPcnnKUGu-8aQ&oe=6A6B1DD7&_nc_sid=0985b0,702
test-data3,true,hoch,§ 130 Abs. 1 StGB; § 185 StGB,Verhetzende Beleidigung,"Zensierte, aber eindeutig erkennbare antisemitische Verunglimpfung der Richterin (""J.....n"") als Beleidigung wegen vermuteter jüdischer Herkunft.",bmw_330d_e91_m_performance,bmw_330d_e91_m_performance,10487063216,2026-06-02 00:08:36,0,Die Richterin ist bestimmt ne J.....n ........😡🤬💯👌👍💪,no,18082948679543968,https://www.instagram.com/bmw_330d_e91_m_performance,https://www.instagram.com/p/DZDH8YstgWl/c/18082948679543968,https://scontent-eze1-1.cdninstagram.com/v/t51.2885-19/233095027_1247942228957078_2937177189697674555_n.jpg?stp=dst-jpg_s150x150_tt6&efg=eyJ2ZW5jb2RlX3RhZyI6InByb2ZpbGVfcGljLmRqYW5nby4xMDgwLmMyIn0&_nc_ht=scontent-eze1-1.cdninstagram.com&_nc_cat=102&_nc_oc=Q6cZ2gFefdEEjFN0GqVMVdcsntNA9yAMXW79onrqemn3_ADlPiCyUbi4OciW35blojUl6bg&_nc_ohc=yNuC45GQ4EsQ7kNvwH7PKzF&_nc_gid=WF7HRP2X5aA72YC1xYTJ-g&edm=AI-cjbYBAAAA&ccb=7-5&oh=00_AQDo_nrnEXGyFpr4sGkhcCabShITGtHNIrdnlAmnXIT0pw&oe=6A6AEF13&_nc_sid=0985b0,951
data2,,,,,,mike_fk8,mike_fk8,7889085468,2026-06-02 04:35:27,0,@x.ab963 ach ja und das Hausrecht gewährt jetzt Straffreiheit? Kann man jetzt in seinem Laden Leichen deponieren und Kriegswaffeb bunkern?,no,18083816927129430,https://www.instagram.com/mike_fk8,https://www.instagram.com/p/DZDH8YstgWl/c/18083816927129430,https://scontent-eze1-1.cdninstagram.com/v/t51.2885-19/196750275_947412132724334_3505090084018686461_n.jpg?stp=dst-jpg_s150x150_tt6&efg=eyJ2ZW5jb2RlX3RhZyI6InByb2ZpbGVfcGljLmRqYW5nby4xMDgwLmMyIn0&_nc_ht=scontent-eze1-1.cdninstagram.com&_nc_cat=102&_nc_oc=Q6cZ2gHW7-wXBrtZg3vrB8iz5sXRICPmu-9TTlbPEaLUn3r80JaF0trJH49hwjM6sMTCWyI&_nc_ohc=1BAsvqKqVRsQ7kNvwG6QHhz&_nc_gid=t0AM2WOyNxNBjO_BAX0jUg&edm=AI-cjbYBAAAA&ccb=7-5&oh=00_AQBRygqVs2oKx9q7NQkg531xlYyj2ujpT9iSUhEmV8AfkQ&oe=6A6B1E5A&_nc_sid=0985b0,
test-data3,true,mittel,§ 130 Abs. 1 StGB,Billigung Willkürmaßnahme,"Ankündigung, ebenfalls Hausverbot gegen die betroffene Gruppe zu erteilen, billigt und imitiert die Willkürmaßnahme.",medeondrago,medeondrago,6245922692,2026-06-01 23:06:13,0,Diese hätten bei mir ebenfalls Hausverbot,no,17974718913106130,https://www.instagram.com/medeondrago,https://www.instagram.com/p/DZDH8YstgWl/c/17974718913106130,https://scontent-eze1-2.cdninstagram.com/v/t51.2885-19/448694378_473594951923063_3599515252330595685_n.jpg?stp=dst-jpg_s150x150_tt6&efg=eyJ2ZW5jb2RlX3RhZyI6InByb2ZpbGVfcGljLmRqYW5nby4xMDgwLmMyIn0&_nc_ht=scontent-eze1-2.cdninstagram.com&_nc_cat=107&_nc_oc=Q6cZ2gGoRh-mGgodevo4QlLspcX7B8PahW0b8SB6NS1m_8fonqYph2qz5QBeTw_2RxmZW1Y&_nc_ohc=R4AmrLvaVeMQ7kNvwGQkaM7&_nc_gid=vgJ0G_fMNYvbt8D-6xUDjQ&edm=AI-cjbYBAAAA&ccb=7-5&oh=00_AQDSH5nBtXBaXXcMTOK1S9EP_xcnHWdZj1oKM4jXX-0pVw&oe=6A6AE8F1&_nc_sid=0985b0,588
test-data3,true,mittel,§ 130 Abs. 1 StGB; § 140 StGB,Billigung Willkürmaßnahme,Äußert mit Applaus-Emojis ausdrückliches Verständnis und Zustimmung für das Vorgehen des wegen Volksverhetzung verurteilten Ladenbesitzers.,musti197048,musti197048,23437648218,2026-06-07 21:26:04,0,Ich verstehe ihn sehr gut zu seinem vorgehen 👏👏👏👏,no,18376162837206377,https://www.instagram.com/musti197048,https://www.instagram.com/p/DZDH8YstgWl/c/18376162837206377,https://instagram.feze11-1.fna.fbcdn.net/v/t51.2885-19/573323465_1219825463302212_7278921664109726296_n.png?stp=dst-jpg_tt6&efg=eyJ2ZW5jb2RlX3RhZyI6InByb2ZpbGVfcGljLmRqYW5nby4xNTAuYzIifQ&_nc_ht=instagram.feze11-1.fna.fbcdn.net&_nc_cat=1&_nc_oc=Q6cZ2gE8xs2Kse6sIENvUBmVwrJuL3hSCCEdcck5dPDpoYnT3tEF8eqj2s736kYKrbH4l6I&_nc_ohc=vUGxye7DTtYQ7kNvwG-q9wc&_nc_gid=EfaymULxTcsXppdXhnWh5g&edm=AJFGJLkBAAAA&ccb=7-5&ig_cache_key=YW5vbnltb3VzX3Byb2ZpbGVfcGlj.3-ccb7-5&oh=00_AQApPVZ7vFH7wZNuo42-yucsCpGPoT9nJivpdFLrGizQPg&oe=6A6B08EA&_nc_sid=2c2bc7,4384
test-data3,true,mittel,§ 130 Abs. 1 StGB; § 111 StGB,Aufforderung zu Straftaten,"Fordert, dass ""jeder"" das Gleiche (das antisemitische Hausverbotsschild) tun solle, und bedauert, dass nur wenige den ""Mut"" dazu hätten – eine Aufforderung zur Nachahmung der Volksverhetzung.",styl_zan_89,styl_zan_89,54428101941,2026-06-02 20:54:31,0,Jeder sollte das selbe machen aber nur wenige habe Eier,no,18082382843168270,https://www.instagram.com/styl_zan_89,https://www.instagram.com/p/DZDH8YstgWl/c/18082382843168270,https://scontent-eze1-1.cdninstagram.com/v/t51.82787-19/658816981_18023117579813942_5882619104029235509_n.jpg?stp=dst-jpg_s150x150_tt6&efg=eyJ2ZW5jb2RlX3RhZyI6InByb2ZpbGVfcGljLmRqYW5nby4xMDgwLmMyIn0&_nc_ht=scontent-eze1-1.cdninstagram.com&_nc_cat=102&_nc_oc=Q6cZ2gGrJKeuMTfTuMA_-VtYbwwYmwHIRRUVv54fIYXckJgPuRnQlQNVP_97Fp78u0W_DP4&_nc_ohc=a76ObZwT0z4Q7kNvwEhwD_h&_nc_gid=C7bL2BjTUILkjsEm0q5plw&edm=AI-cjbYBAAAA&ccb=7-5&oh=00_AQD_JWMsg6EEVZ7yJLbCy3dbXXalrucKJNBYILSBz3DNZg&oe=6A6B1BFB&_nc_sid=0985b0,3551
test-data3,true,hoch,§ 130 Abs. 1 StGB; § 111 StGB,Aufforderung zu Straftaten,"Möchte die Liste der von dem Laden ausgeschlossenen Personengruppen (""draussen Bleiber"") ""noch umfassend erweitern"" und fordert damit zu weiterer Diskriminierung/Volksverhetzung auf.",retrohai.deutschland,retrohai.deutschland,77248089695,2026-06-02 21:43:35,0,"Ich würde die Liste der ""draussen Bleiber"" noch umfassend erweitern und unterstreichen.🔥🔥🔥🔥",no,17874287778611413,https://www.instagram.com/retrohai.deutschland,https://www.instagram.com/p/DZDH8YstgWl/c/17874287778611413,https://scontent-eze1-2.cdninstagram.com/v/t51.82787-19/671834428_17875959276569696_860895824914382801_n.jpg?stp=dst-jpg_s150x150_tt6&efg=eyJ2ZW5jb2RlX3RhZyI6InByb2ZpbGVfcGljLmRqYW5nby4xMDgwLmMyIn0&_nc_ht=scontent-eze1-2.cdninstagram.com&_nc_cat=108&_nc_oc=Q6cZ2gE_cNcSO2qfGLAZ8ygOUJsiffrN3BhX-exemmTunhu2kadWKTpLPza4mr_YevnkrKs&_nc_ohc=80IRxWWAS58Q7kNvwFysBKb&_nc_gid=RcMBT0Msm-52mftmbJkokg&edm=AI-cjbYBAAAA&ccb=7-5&oh=00_AQAc6FUv8nnWx0HjiBk5LFNExXh7I7rvfq3-dlt0yxOp_w&oe=6A6B1E78&_nc_sid=0985b0,3637
test-data3,true,mittel,§ 130 Abs. 1 StGB,Kollektivschuld/Sonstiges,"""3 Millionen Antisemiten ins Land holen"" - pauschale, kollektive Zuschreibung von Antisemitismus an Migranten/Muslime als Gruppe im Kontext, entmenschlichende Verallgemeinerung, Graubereich.",timrnk,timrnk,8025947482,2026-06-02 11:01:39,0,3 Millionen Antisemiten ins Land holen und sich dann über sowas wundern…,no,18014783945892948,https://www.instagram.com/timrnk,https://www.instagram.com/p/DZDH8YstgWl/c/18014783945892948,https://instagram.fcgh51-1.fna.fbcdn.net/v/t51.2885-19/573323465_1219825463302212_7278921664109726296_n.png?stp=dst-webp&efg=eyJ2ZW5jb2RlX3RhZyI6InByb2ZpbGVfcGljLmRqYW5nby4xNTAuYzIifQ&_nc_ht=instagram.fcgh51-1.fna.fbcdn.net&_nc_cat=1&_nc_oc=Q6cZ2gFNKba8YEmsuRAGmIaLswv5TPRvCivK35YglELF5AZrdOyQTpSgLOoG6BrF8HqDofWTfpr3xpXUt6mVtpAg9kkT&_nc_ohc=vUGxye7DTtYQ7kNvwGQFoYY&_nc_gid=g34Ubm3YLcqk7i3rkjolSQ&edm=AL4D0a4BAAAA&ccb=7-5&ig_cache_key=YW5vbnltb3VzX3Byb2ZpbGVfcGlj.3-ccb7-5&oh=00_AQC4UQesbktoAVJYxG2wbZTg2Im7VpxlkaJ4JQs0Ttyxyg&oe=6A6B08EA&_nc_sid=9e8221,2320
test-data3,true,mittel,§ 130 Abs. 1 StGB; § 140 StGB,Billigung Willkürmaßnahme,"""Alles richtig gemacht"" - billigende Zustimmung zur Handlung (Hausverbot für Juden) des Ladenbesitzers.",ayuecel1213,ayuecel1213,65535262039,2026-06-02 09:08:14,0,Alles richtig gemacht ….,no,17865112065688465,https://www.instagram.com/ayuecel1213,https://www.instagram.com/p/DZDH8YstgWl/c/17865112065688465,https://scontent-eze1-2.cdninstagram.com/v/t51.82787-19/710264529_17947430286190040_5965039088302439813_n.jpg?stp=dst-jpg_s150x150_tt6&efg=eyJ2ZW5jb2RlX3RhZyI6InByb2ZpbGVfcGljLmRqYW5nby4xMDgwLmMyIn0&_nc_ht=scontent-eze1-2.cdninstagram.com&_nc_cat=108&_nc_oc=Q6cZ2gFCPh_ssheGUGCYZNOUMykPKQ2d5bK3toPv4etkt0tymGbSl9El7J8EYsi38yjSoGQ&_nc_ohc=QpiKvzCWFbgQ7kNvwENlmus&_nc_gid=EmjBLA2Ls_dKdfny49VMZQ&edm=AI-cjbYBAAAA&ccb=7-5&oh=00_AQBYwRH63LtfOy3B9XgqHfSfsem11AxeN8FGWtmKyzKBkA&oe=6A6AE97C&_nc_sid=0985b0,2015
test-data3,true,mittel,§ 130 Abs. 1 StGB; § 140 StGB,Billigung Willkürmaßnahme,"Bezeichnet den Täter als ""Wahren Held"", den Gott beschützen möge; verherrlicht die als Volksverhetzung gewertete Tat.",halitihakii,halitihakii,64030180614,2026-06-02 01:10:33,0,Ein Wahrer Held GOTT BESCHÜTZE IHN 👍🏻🍀♥️🙏,no,18419104432182923,https://www.instagram.com/halitihakii,https://www.instagram.com/p/DZDH8YstgWl/c/18419104432182923,https://scontent-eze1-2.cdninstagram.com/v/t51.2885-19/417945496_1777962209293207_5333121903884017448_n.jpg?stp=dst-jpg_s150x150_tt6&efg=eyJ2ZW5jb2RlX3RhZyI6InByb2ZpbGVfcGljLmRqYW5nby4xMDgwLmMyIn0&_nc_ht=scontent-eze1-2.cdninstagram.com&_nc_cat=107&_nc_oc=Q6cZ2gET8FYLVDHjLOY2-7WXrnMMuz9M8ysX2H7Um7-yti_cYS1kL2X422U_vhP6P05U-XQ&_nc_ohc=1yKa4BogkugQ7kNvwEKOf1y&_nc_gid=Ah3OrgViOGt8eUmGyPxOuw&edm=AI-cjbYBAAAA&ccb=7-5&oh=00_AQBqwmtRQlAtPEl1WKEczutJ3ZYmtqMdw9V8G2ZUWrv_9Q&oe=6A6B0C45&_nc_sid=0985b0,1179
test-data3,true,mittel,§ 130 Abs. 1 StGB; § 140 StGB,Billigung Willkürmaßnahme,"Behauptet, das ganze Land habe den wegen Volksverhetzung Verurteilten gefeiert, und stimmt dem erkennbar zu.",anonymoos93_hamburg,anonymoos93_hamburg,69364941025,2026-06-25 05:53:16,0,"Allein sorgte für Empörung im ganzen Land 😂, ich glaub eher das ganze Land hat ihn eher Gefeiert 😂👏 bester mann",no,17899230711468020,https://www.instagram.com/anonymoos93_hamburg,https://www.instagram.com/p/DZDH8YstgWl/c/17899230711468020,https://scontent-eze1-1.cdninstagram.com/v/t51.82787-19/658744199_17916321969317026_6535376813399255398_n.jpg?stp=dst-jpg_s150x150_tt6&efg=eyJ2ZW5jb2RlX3RhZyI6InByb2ZpbGVfcGljLmRqYW5nby4xMDgwLmMyIn0&_nc_ht=scontent-eze1-1.cdninstagram.com&_nc_cat=110&_nc_oc=Q6cZ2gHTX5slP2BuGB4y8iKdCp-TSYyRV_rVz3g2iRMhRh6c2RyNowtbhTHd0m3Xhv6nFf8&_nc_ohc=mefQzpqvAXEQ7kNvwE4oKOF&_nc_gid=ajkblY_tNho0CfTo5GwyzA&edm=AI-cjbYBAAAA&ccb=7-5&oh=00_AQA5QfHmBnbczHS4Yke_KpQbKlFGUbOo55xj3jydJQa2EQ&oe=6A6AFF6B&_nc_sid=0985b0,4588
data2,,,,,,satoro04268,satoro04268,70651437337,2026-06-13 02:05:44,0,Free Palestine,no,17978905128041790,https://www.instagram.com/satoro04268,https://www.instagram.com/p/DZDH8YstgWl/c/17978905128041790,https://scontent-eze1-2.cdninstagram.com/v/t51.2885-19/486611377_1060792402536403_4725550078549253494_n.jpg?stp=dst-jpg_s150x150_tt6&efg=eyJ2ZW5jb2RlX3RhZyI6InByb2ZpbGVfcGljLmRqYW5nby4xMDgwLmMyIn0&_nc_ht=scontent-eze1-2.cdninstagram.com&_nc_cat=107&_nc_oc=Q6cZ2gFuDlpDjOXSSD_kSyaMb99qoVNP-86e3-pHaX-z_Vg9ac3PY18xykkv7PMyAngqT_0&_nc_ohc=1S2btB1JrCQQ7kNvwEFsNWY&_nc_gid=4JQFtK5-fEOa98hQzrKhDA&edm=AI-cjbYBAAAA&ccb=7-5&oh=00_AQCaLo5XVCeNpyYVQN_4TQ0Bakpouf2GxwJWM7clH21N-g&oe=6A6B19F4&_nc_sid=0985b0,
test-data3,true,mittel,§ 140 StGB,Billigung Willkürmaßnahme,Bietet finanzielle Unterstützung zur Übernahme der Geldstrafe für die Volksverhetzungstat an und billigt diese damit aktiv.,apokocer1974,apokocer1974,6138450558,2026-06-08 01:17:49,0,"brauchst du eine Spende, wir unterstützen dich. die geldstrafe kriegen wir alle Male wieder zusammen",no,18105192139790989,https://www.instagram.com/apokocer1974,https://www.instagram.com/p/DZDH8YstgWl/c/18105192139790989,https://scontent-eze1-2.cdninstagram.com/v/t51.2885-19/412831034_1021293655645448_4021378414186862705_n.jpg?stp=dst-jpg_s150x150_tt6&efg=eyJ2ZW5jb2RlX3RhZyI6InByb2ZpbGVfcGljLmRqYW5nby4xMDgwLmMyIn0&_nc_ht=scontent-eze1-2.cdninstagram.com&_nc_cat=108&_nc_oc=Q6cZ2gHh5MhqYl2vFM_4hNkzbKZzTmjZRNICWMOnlFgye1ptqAft-EHF9x1PRz_oKmBSCgk&_nc_ohc=R_P1rk5AiI4Q7kNvwGStKag&_nc_gid=KuwWMFrtGQ5oLfeysdhwqg&edm=AI-cjbYBAAAA&ccb=7-5&oh=00_AQDwFO_ZmNJUsM9Ag8v7Mpy7cAFk9OWASFJOCzW3TbiUQg&oe=6A6AE7D5&_nc_sid=0985b0,4389
data2,,,,,,_paddelo_,_paddelo_,4991303123,2026-06-02 09:54:07,0,Hä da steht doch dass es nicht antisemitisch ist... kaputte welt 😮‍💨😮‍💨😮‍💨😮‍💨,no,17931595152276472,https://www.instagram.com/_paddelo_,https://www.instagram.com/p/DZDH8YstgWl/c/17931595152276472,https://scontent-eze1-2.cdninstagram.com/v/t51.82787-19/625045387_18360875188167124_3891048425024625855_n.jpg?stp=dst-jpg_s150x150_tt6&efg=eyJ2ZW5jb2RlX3RhZyI6InByb2ZpbGVfcGljLmRqYW5nby4xMDgwLmMyIn0&_nc_ht=scontent-eze1-2.cdninstagram.com&_nc_cat=104&_nc_oc=Q6cZ2gH-GmhL3n0D3szlTHUgVwbWHv52WQecArKeXjsXwz3m3eS6zDRgbtQvubmht4Egbog&_nc_ohc=ulQSCrxrw2UQ7kNvwFHu_cg&_nc_gid=1HHB9ytEXrMhg3sCH7JS6Q&edm=AI-cjbYBAAAA&ccb=7-5&oh=00_AQDTZixpuzkj_RS5MNFfEWPGybXq7VK64LnQDhVJ9OdB-A&oe=6A6AF95A&_nc_sid=0985b0,
test-data3,true,mittel,§ 130 Abs. 1 StGB,Billigung Willkürmaßnahme,"""befürwörte dies"" als direkte Zustimmung zum antisemitischen Hausverbotsschild.",professional_shtbox_racer,professional_shtbox_racer,66890711118,2026-06-02 21:50:37,0,befürwörte dies,no,18102800042048471,https://www.instagram.com/professional_shtbox_racer,https://www.instagram.com/p/DZDH8YstgWl/c/18102800042048471,https://scontent-eze1-1.cdninstagram.com/v/t51.82787-19/741068464_17947067286231119_3818468984151958874_n.jpg?stp=dst-jpg_s150x150_tt6&efg=eyJ2ZW5jb2RlX3RhZyI6InByb2ZpbGVfcGljLmRqYW5nby4xMDgwLmMyIn0&_nc_ht=scontent-eze1-1.cdninstagram.com&_nc_cat=111&_nc_oc=Q6cZ2gE_cNcSO2qfGLAZ8ygOUJsiffrN3BhX-exemmTunhu2kadWKTpLPza4mr_YevnkrKs&_nc_ohc=skqh_YcvhjUQ7kNvwEK2LE_&_nc_gid=RcMBT0Msm-52mftmbJkokg&edm=AI-cjbYBAAAA&ccb=7-5&oh=00_AQB3iVqmqEe7jOazkmURasOM-q0MQx10Zqv9Y2pfsDZCyQ&oe=6A6AF096&_nc_sid=0985b0,3644
test-data3,true,mittel,§ 130 Abs. 1 StGB,Billigung Willkürmaßnahme,"Zustimmung 'Hat er doch recht' zur Aufschrift, die Juden pauschal vom Laden ausschließt.",mik_07e,mik_07e,47382643532,2026-06-02 11:55:26,0,Hat er doch recht,no,18090720941346434,https://www.instagram.com/mik_07e,https://www.instagram.com/p/DZDH8YstgWl/c/18090720941346434,https://scontent-eze1-2.cdninstagram.com/v/t51.82787-19/607561471_18069025805579533_1403728081233723637_n.jpg?stp=dst-jpg_s150x150_tt6&efg=eyJ2ZW5jb2RlX3RhZyI6InByb2ZpbGVfcGljLmRqYW5nby41OTYuYzIifQ&_nc_ht=scontent-eze1-2.cdninstagram.com&_nc_cat=101&_nc_oc=Q6cZ2gHKtADRaPxrYZmoUJJp7IMWO0vOh00IppPWgfsjFILBSVFxPgmlQz6P10hXAZgMICM&_nc_ohc=9Y1YKvmmxvkQ7kNvwEiIAFO&_nc_gid=oCCKEzxtj_rHizWsU02WpA&edm=AI-cjbYBAAAA&ccb=7-5&oh=00_AQBL_e9mIDK11KmXr26zxAClvzL0w3GNFzDJLQ5D_GsAdw&oe=6A6B01EC&_nc_sid=0985b0,2454
test-data3,true,mittel,§ 130 Abs. 1 StGB,Sonstiges,"Kollektivschuld-Argumentation, die einen pauschalen Ausschluss von Menschen rechtfertigt, weil 'sie' (Juden/Israelis als Gruppe) 'unzählige Menschen getötet' hätten.",ahmet10basi,ahmet10basi,54830141835,2026-06-01 22:30:11,0,"@clause9161 Hast du nie die reaktionen gesehen; von menschen die im ausland ein laden besitzen, sie wollen keine menschen bedienen die unzählige menschen einfach so getötet haben kollege, also ich weiß nicht was du denkst aber diese art und weise die du hier gerade vorführst ist nicht normal zunehmen.",no,18441244822191619,https://www.instagram.com/ahmet10basi,https://www.instagram.com/p/DZDH8YstgWl/c/18441244822191619,https://scontent-eze1-2.cdninstagram.com/v/t51.82787-19/563593870_17999017496829836_6248476594392982920_n.jpg?stp=dst-jpg_s150x150_tt6&efg=eyJ2ZW5jb2RlX3RhZyI6InByb2ZpbGVfcGljLmRqYW5nby4xMDgwLmMyIn0&_nc_ht=scontent-eze1-2.cdninstagram.com&_nc_cat=108&_nc_oc=Q6cZ2gFxyvHcYDHwYOqQhbrGyX5lvuRiIzTmLa-IN2H8TGoutZ_mVbngtKkALW63ZFVsAv8&_nc_ohc=u7OFaubWZP0Q7kNvwEU9IT6&_nc_gid=iky_bkw_Yq1PXuLyWlf_fg&edm=AI-cjbYBAAAA&ccb=7-5&oh=00_AQBGL14QT8zF5Jf5_VEHvDY9X-YoPniXAGWjNf1ky6RN9Q&oe=6A6B0852&_nc_sid=0985b0,391
test-data3,true,mittel,§ 130 Abs. 1 StGB,Billigung Willkürmaßnahme,"""Richtig so"" bezogen auf das, was der Ladenbesitzer gemacht hat, billigt die Willkürmaßnahme.",06erden,06erden,47364298935,2026-06-01 23:37:25,0,Richtig so was der Landen besitzer gemacht hat,no,18137640832477025,https://www.instagram.com/06erden,https://www.instagram.com/p/DZDH8YstgWl/c/18137640832477025,https://scontent-eze1-1.cdninstagram.com/v/t51.2885-19/330845577_1274678563393902_1940322742055185605_n.jpg?stp=dst-jpg_s150x150_tt6&efg=eyJ2ZW5jb2RlX3RhZyI6InByb2ZpbGVfcGljLmRqYW5nby4xMDgwLmMyIn0&_nc_ht=scontent-eze1-1.cdninstagram.com&_nc_cat=106&_nc_oc=Q6cZ2gEqX6wcEJtAx4ryYIx_96ojQ0pVDw4AUmzsp4HU98TbgiKuF00dzJ9c1oncWSADSo0&_nc_ohc=cBJgc1wd-yUQ7kNvwEy3Phf&_nc_gid=AZBrlQ15-Dd3DkRqw0Qf5A&edm=AI-cjbYBAAAA&ccb=7-5&oh=00_AQD6rB04ECcEVKDu9qGn7r9H3N4KbmS3C_oUvN6afKiF1Q&oe=6A6AFCC3&_nc_sid=0985b0,749
test-data3,true,mittel,§ 130 Abs. 1 StGB; § 140 StGB,Billigung Willkürmaßnahme,"Billigt uneingeschränkt die Handlung des Täters ('hat alles richtig gemacht'), die als Willkürmaßnahme gegen Juden gerichtlich festgestellt wurde.",vikingerlm,vikingerlm,49738349575,2026-06-02 15:01:10,0,Der Mann hat alles richtig gemacht.,no,18133195678516794,https://www.instagram.com/vikingerlm,https://www.instagram.com/p/DZDH8YstgWl/c/18133195678516794,https://instagram.fjpa6-1.fna.fbcdn.net/v/t51.2885-19/573323465_1219825463302212_7278921664109726296_n.png?stp=dst-jpg_e0_s150x150_tt6&efg=eyJ2ZW5jb2RlX3RhZyI6InByb2ZpbGVfcGljLmRqYW5nby4xNTAuYzIifQ&_nc_ht=instagram.fjpa6-1.fna.fbcdn.net&_nc_cat=1&_nc_oc=Q6cZ2gH9g3qdWQV8VtX65ap2Upbr5cOPOQwBlRWKCnw4f7yuzGgBwlU_PDVP8atvBWC7BxE&_nc_ohc=vUGxye7DTtYQ7kNvwGhoyo0&_nc_gid=E_EmBn3OO0H0SiAkBqNKVw&edm=AJ1X7eQBAAAA&ccb=7-5&ig_cache_key=YW5vbnltb3VzX3Byb2ZpbGVfcGlj.3-ccb7-5&oh=00_AQANMZIrc8erKpG3zaPUjvAUDnVtjyzWUo8rvU83ogaunA&oe=6A6B08EA&_nc_sid=1cea78,2924
test-data3,true,mittel,§ 130 Abs. 1 StGB; § 140 StGB,Billigung Willkürmaßnahme,"Fordert eine 'Belohnung' für das antisemitische Schild, billigt damit die Willkürmaßnahme.",lio_2708,lio_2708,48653664159,2026-06-02 13:40:48,0,@nicoksn1 er sollte belohnung für das schild bekommen,no,18051648209769926,https://www.instagram.com/lio_2708,https://www.instagram.com/p/DZDH8YstgWl/c/18051648209769926,https://scontent-eze1-2.cdninstagram.com/v/t51.82787-19/682706208_18088315976616160_5171358264964410212_n.jpg?stp=dst-jpg_s150x150_tt6&efg=eyJ2ZW5jb2RlX3RhZyI6InByb2ZpbGVfcGljLmRqYW5nby4xMDEzLmMyIn0&_nc_ht=scontent-eze1-2.cdninstagram.com&_nc_cat=104&_nc_oc=Q6cZ2gFsZamjER4JTrapvAdLWKy6OGsTRI8sYhvrtNbPfVOlO9_bmniLvlDmUjXa3CE8dAE&_nc_ohc=PreX1i3eS_cQ7kNvwEyX5kV&_nc_gid=rFRXkwMfudjLSQofWKirww&edm=AI-cjbYBAAAA&ccb=7-5&oh=00_AQBuuL8iVE6zibJ_XcnZlr4Oi220hXPm1cFmZShgZYnQIg&oe=6A6B0B64&_nc_sid=0985b0,2724
test-data3,true,mittel,§ 130 Abs. 1 StGB,Sonstiges,"Verschwörungstheoretische Aussage, Israel habe 'Deutschland unter Kontrolle', bedient antisemitisches Narrativ jüdischer Weltkontrolle.",beagleflux,beagleflux,1422482136,2026-06-16 17:47:35,0,Israel hat Deutschland unter Kontrolle 😂,no,18069857222399133,https://www.instagram.com/beagleflux,https://www.instagram.com/p/DZDH8YstgWl/c/18069857222399133,https://scontent-eze1-2.cdninstagram.com/v/t51.2885-19/21042816_1977795075800644_357139565888143360_a.jpg?stp=dst-jpg_s150x150_tt6&efg=eyJ2ZW5jb2RlX3RhZyI6InByb2ZpbGVfcGljLmRqYW5nby4xMDgwLmMyIn0&_nc_ht=scontent-eze1-2.cdninstagram.com&_nc_cat=104&_nc_oc=Q6cZ2gHRFb-B3tohTWcCxRihPg-ktTlgOlE0Rik0RUKAPRiVzUeDH-iJnFZcnX1tlT9GFnw&_nc_ohc=DJyBqnf1-iEQ7kNvwG6n8xn&_nc_gid=5paS-sl8DOudsTvMKTYtHg&edm=AI-cjbYBAAAA&ccb=7-5&oh=00_AQDsGAB02MF0GcyKwsPlfjijZ2cDajkeXAG9cDFSN6rCKA&oe=6A6B044D&_nc_sid=0985b0,4558
test-data3,true,mittel,§ 130 Abs. 1 StGB,Billigung Willkürmaßnahme,"""Ehrenmann"" lobt den Täter für das antisemitische Schild.",fadig78,fadig78,4125260508,2026-06-01 23:03:11,0,Ehrenmann,no,18372559279203913,https://www.instagram.com/fadig78,https://www.instagram.com/p/DZDH8YstgWl/c/18372559279203913,https://scontent-eze1-1.cdninstagram.com/v/t51.82787-19/607239755_18416333014140509_9161769449540133225_n.jpg?stp=dst-jpg_s150x150_tt6&efg=eyJ2ZW5jb2RlX3RhZyI6InByb2ZpbGVfcGljLmRqYW5nby4xMDgwLmMyIn0&_nc_ht=scontent-eze1-1.cdninstagram.com&_nc_cat=105&_nc_oc=Q6cZ2gGoRh-mGgodevo4QlLspcX7B8PahW0b8SB6NS1m_8fonqYph2qz5QBeTw_2RxmZW1Y&_nc_ohc=8FHgXXB0H2wQ7kNvwGQn0Xv&_nc_gid=vgJ0G_fMNYvbt8D-6xUDjQ&edm=AI-cjbYBAAAA&ccb=7-5&oh=00_AQDylgKjmFv7vG4tp-5NV-k7nKoT3shVJWc3jmr2PnKY7g&oe=6A6B1BE6&_nc_sid=0985b0,568
test-data3,true,mittel,§ 130 Abs. 1 StGB; § 140 StGB,Billigung Willkürmaßnahme,"""Er hat alles richtig gemacht"" - billigende Zustimmung zur Handlung des Ladenbesitzers.",ehmsilvia,ehmsilvia,3011353561,2026-06-02 11:21:30,0,Er hat alles richtig gemacht,no,17916570399383997,https://www.instagram.com/ehmsilvia,https://www.instagram.com/p/DZDH8YstgWl/c/17916570399383997,https://scontent-eze1-1.cdninstagram.com/v/t51.82787-19/671141107_18461194618097562_5482295960046307732_n.jpg?stp=dst-jpg_s150x150_tt6&efg=eyJ2ZW5jb2RlX3RhZyI6InByb2ZpbGVfcGljLmRqYW5nby4xMDgwLmMyIn0&_nc_ht=scontent-eze1-1.cdninstagram.com&_nc_cat=106&_nc_oc=Q6cZ2gHO7MG-bpYVI3HQYID0A1hP-w0yKBLexaPI-fIVkQc_uE8IjXhoiGyo65QQwEHeLSc&_nc_ohc=0P3UO5qnZVIQ7kNvwGxizwf&_nc_gid=wIGp_SMY_r0uB0dtCACt7A&edm=AI-cjbYBAAAA&ccb=7-5&oh=00_AQAIonX2xDcUpTcE0Y5ttFMdikoY024tmUNFOmdJwqNkuQ&oe=6A6AEC61&_nc_sid=0985b0,2366
data2,,,,,,wolfjetnasen,wolfjetnasen,79928453926,2026-06-02 02:37:25,0,@stefanhofi du weißt doch nicht einmal was semiten sind.,no,17941559025210765,https://www.instagram.com/wolfjetnasen,https://www.instagram.com/p/DZDH8YstgWl/c/17941559025210765,https://scontent-eze1-2.cdninstagram.com/v/t51.82787-19/641174041_17855026908669927_5205293706763038712_n.jpg?stp=dst-jpg_s150x150_tt6&efg=eyJ2ZW5jb2RlX3RhZyI6InByb2ZpbGVfcGljLmRqYW5nby4xMDgwLmMyIn0&_nc_ht=scontent-eze1-2.cdninstagram.com&_nc_cat=103&_nc_oc=Q6cZ2gF_a4wLubVuFKc9lmVVuO0ek2mcL3MzfNjBYDHQAhNZPbVHt24Kr9x-IjEtB6i_jXA&_nc_ohc=Lj5x8DizZUkQ7kNvwG8Qy7d&_nc_gid=Gkx8CwvTi_AT9QTvAKx3LA&edm=AI-cjbYBAAAA&ccb=7-5&oh=00_AQAV6X6duHNX_WIPnrUupjLmBfBTasfeIDrJVBfkGQm3Fg&oe=6A6AF2BE&_nc_sid=0985b0,
data2,,,,,,sicolia,sicolia,33076705,2026-06-01 23:10:25,0,@ardushh verfassungswidrige Sätze sind also für dich normal?,no,17871560388523129,https://www.instagram.com/sicolia,https://www.instagram.com/p/DZDH8YstgWl/c/17871560388523129,https://scontent-eze1-1.cdninstagram.com/v/t51.82787-19/729812633_18599961112052706_3062384785017518961_n.jpg?stp=dst-jpg_s150x150_tt6&efg=eyJ2ZW5jb2RlX3RhZyI6InByb2ZpbGVfcGljLmRqYW5nby4xMDgwLmMyIn0&_nc_ht=scontent-eze1-1.cdninstagram.com&_nc_cat=106&_nc_oc=Q6cZ2gFUKAu33TzZzCgXPLWy2oEhw0YrEuMTQXuS4gQHdVAFgSIiUwqpPaG8Gajvci1cmbU&_nc_ohc=AoDB5Zm73CcQ7kNvwGOl4fs&_nc_gid=3T7fI1Z1-_EndhbPna-6uQ&edm=AI-cjbYBAAAA&ccb=7-5&oh=00_AQAsMai1u9kGgE7yJ97Wfn4Ft0Mgq7OFThIildSAdznZmg&oe=6A6B19AA&_nc_sid=0985b0,
test-data3,true,mittel,§ 130 Abs. 1 StGB,Billigung Willkürmaßnahme,"Bezeichnung des Täters als ""Patriot"" verherrlicht dessen als Volksverhetzung gewertete Tat.",sodener1957,sodener1957,3066319275,2026-06-01 23:58:04,0,Ein Patriot,no,18359355718233619,https://www.instagram.com/sodener1957,https://www.instagram.com/p/DZDH8YstgWl/c/18359355718233619,https://scontent-eze1-2.cdninstagram.com/v/t51.2885-19/228684554_1023140408423632_3510440888721948259_n.jpg?stp=dst-jpg_s150x150_tt6&efg=eyJ2ZW5jb2RlX3RhZyI6InByb2ZpbGVfcGljLmRqYW5nby44OTUuYzIifQ&_nc_ht=scontent-eze1-2.cdninstagram.com&_nc_cat=104&_nc_oc=Q6cZ2gFJfIsg4ul4p8ArgfrrkODARU39mR7HzwzsRj38foBDqg2rPNAtTmwedj5o64ris5I&_nc_ohc=ydiPK6moaL0Q7kNvwHAl5jH&_nc_gid=YrzuNyzzogGfc-a3QYyuaA&edm=AI-cjbYBAAAA&ccb=7-5&oh=00_AQCrtMQBgmmxJiZO0tyD3pvAjwSmp40nmp7rmnPldl2nxw&oe=6A6B1CE6&_nc_sid=0985b0,891
test-data3,true,mittel,§ 130 Abs. 1 StGB; § 140 StGB,Billigung Willkürmaßnahme,"""ich bin seiner Meinung"" - stimmt der Aussage des Ladenbesitzers (Hausverbot für Juden) inhaltlich zu, nicht nur der rechtlichen Hausrecht-Frage.",kilian.monzano,kilian.monzano,44771454749,2026-06-02 08:57:00,0,"Er hat HAUSRECHT, ich bin seiner Meinung",no,18092067857522933,https://www.instagram.com/kilian.monzano,https://www.instagram.com/p/DZDH8YstgWl/c/18092067857522933,https://scontent-eze1-1.cdninstagram.com/v/t51.2885-19/449802858_793743239566202_2167908348191610099_n.jpg?stp=dst-jpg_s150x150_tt6&efg=eyJ2ZW5jb2RlX3RhZyI6InByb2ZpbGVfcGljLmRqYW5nby4xMDgwLmMyIn0&_nc_ht=scontent-eze1-1.cdninstagram.com&_nc_cat=102&_nc_oc=Q6cZ2gHi9t7pzQDeJDEyohUtkJsUiRrRfWIFdFXAXa_ZtzUBezlOM_L_wVlEvCkbGeM3Wwc&_nc_ohc=gMwv2_QLKFsQ7kNvwEbEiVv&_nc_gid=_h71Wbk6_bJIrP5VL8rpdw&edm=AI-cjbYBAAAA&ccb=7-5&oh=00_AQA8H-BB5pd3xotRkB6w3ZNntWHMvHv1bVzmqXi_j40wuA&oe=6A6AF4FF&_nc_sid=0985b0,1978
test-data3,true,mittel,§ 130 Abs. 1 StGB,Sonstiges,"Verbreitet unbelegte Behauptung, Israelis seien aus 110 Ländern 'verbannt', was ein bekanntes antisemitisches Narrativ zur Rechtfertigung von Ausgrenzung reproduziert.",diehardtechnoent,diehardtechnoent,1500534477,2026-06-24 12:06:20,0,@kusstro aus welchem Grund sind denn Israelis in 110 Ländern verbannt?,no,18179260651364389,https://www.instagram.com/diehardtechnoent,https://www.instagram.com/p/DZDH8YstgWl/c/18179260651364389,https://scontent-eze1-1.cdninstagram.com/v/t51.2885-19/405260386_1894873314264537_2817200468651024065_n.jpg?stp=dst-jpg_s150x150_tt6&efg=eyJ2ZW5jb2RlX3RhZyI6InByb2ZpbGVfcGljLmRqYW5nby43MjUuYzIifQ&_nc_ht=scontent-eze1-1.cdninstagram.com&_nc_cat=109&_nc_oc=Q6cZ2gHTX5slP2BuGB4y8iKdCp-TSYyRV_rVz3g2iRMhRh6c2RyNowtbhTHd0m3Xhv6nFf8&_nc_ohc=NR8i71Zp4KQQ7kNvwFzYaJI&_nc_gid=ajkblY_tNho0CfTo5GwyzA&edm=AI-cjbYBAAAA&ccb=7-5&oh=00_AQAEHgjPe73Oc3PyGPFhhWlTVPpjnp2duK46nESVlsDpyA&oe=6A6B0784&_nc_sid=0985b0,4585
data2,,,,,,feef.colool_8526,feef.colool_8526,11379244046,2026-06-02 13:08:42,0,Nichts falsch gemacht,no,18131955193524358,https://www.instagram.com/feef.colool_8526,https://www.instagram.com/p/DZDH8YstgWl/c/18131955193524358,https://scontent-eze1-1.cdninstagram.com/v/t51.82787-19/746041844_18187950439380047_464456693980576697_n.jpg?stp=dst-jpg_s150x150_tt6&efg=eyJ2ZW5jb2RlX3RhZyI6InByb2ZpbGVfcGljLmRqYW5nby40MTMuYzIifQ&_nc_ht=scontent-eze1-1.cdninstagram.com&_nc_cat=111&_nc_oc=Q6cZ2gF6Q6RFt7xnrGptOchvQ7rvAe-lXEYCVswutgVV2Iw1gRPQue5pPll7S1U2cyKb8Hg&_nc_ohc=8dmvyDQS3ekQ7kNvwE0LLe3&_nc_gid=UQSp5_q_w4lgaSB1vxizLA&edm=AI-cjbYBAAAA&ccb=7-5&oh=00_AQDuq1XIzjc5gN91M2uDd-fu-UyCUj2I0i0aCYnq3j26QQ&oe=6A6B0AB7&_nc_sid=0985b0,
test-data3,true,mittel,§ 130 Abs. 1 StGB; § 140 StGB,Billigung Willkürmaßnahme,"""Er ist ein Held"" - billigt die Handlung des Ladenbesitzers.",habipkutlu68,habipkutlu68,74897027818,2026-06-02 10:32:49,0,Er ist ein Held 👍,no,18214602154332834,https://www.instagram.com/habipkutlu68,https://www.instagram.com/p/DZDH8YstgWl/c/18214602154332834,https://scontent-eze1-2.cdninstagram.com/v/t51.82787-19/631584540_17875631424499819_8777867141959620220_n.jpg?stp=dst-jpg_s150x150_tt6&efg=eyJ2ZW5jb2RlX3RhZyI6InByb2ZpbGVfcGljLmRqYW5nby4xMDgwLmMyIn0&_nc_ht=scontent-eze1-2.cdninstagram.com&_nc_cat=107&_nc_oc=Q6cZ2gGRKIN_u46ylObHfLOQ1cliQiFRgPEEbFR0LJZYpE3uSspjuHoakAgs3MdpgdbJQKM&_nc_ohc=dCLg4vkpLs4Q7kNvwF2XMdn&_nc_gid=8AVAm4LMoUPtYllax7dJyA&edm=AI-cjbYBAAAA&ccb=7-5&oh=00_AQBiWCQqmMlWIOb1cCWxTkvKB1gLeh18hBlVhGa58tIG4A&oe=6A6B083F&_nc_sid=0985b0,2242
test-data3,true,mittel,§ 130 Abs. 1 StGB; § 140 StGB,Billigung Willkürmaßnahme,"Bezeichnet den Täter als ""Ehrenmann"" für sein Hausverbot gegen Juden und billigt damit die Willkürmaßnahme.",kebabenjoyer522,kebabenjoyer522,60926736376,2026-06-02 00:28:01,0,Was ein Ehrenmann 💪🏼,no,18322941763281970,https://www.instagram.com/kebabenjoyer522,https://www.instagram.com/p/DZDH8YstgWl/c/18322941763281970,https://scontent-eze1-1.cdninstagram.com/v/t51.82787-19/743796626_17980070472024377_1457189430614960105_n.jpg?stp=dst-jpg_s150x150_tt6&efg=eyJ2ZW5jb2RlX3RhZyI6InByb2ZpbGVfcGljLmRqYW5nby40MjEuYzIifQ&_nc_ht=scontent-eze1-1.cdninstagram.com&_nc_cat=105&_nc_oc=Q6cZ2gHMKFvbaIj5EF5ceY4YzlJd3N-DlVs1gado8oW_6iYgeLcsUqW6mR4zcZAy7LI5lGE&_nc_ohc=_Mgoem6OLEgQ7kNvwF-6tDG&_nc_gid=0XY2wn5MA1OTxYeVzwvwfQ&edm=AI-cjbYBAAAA&ccb=7-5&oh=00_AQDi4Fu461vZUT7djeq0OQPz_AAfLzJz6BBrn3kvAKTB1w&oe=6A6B1F45&_nc_sid=0985b0,1038
test-data3,true,mittel,§ 130 Abs. 1 StGB; § 140 StGB,Billigung Willkürmaßnahme,"""Ehrenmann"" - billigende Zustimmung zur Handlung des Ladenbesitzers.",_anes_mujanovic_official,_anes_mujanovic_official,55740980325,2026-06-02 09:37:12,0,Ehrenmann,no,18146410159502854,https://www.instagram.com/_anes_mujanovic_official,https://www.instagram.com/p/DZDH8YstgWl/c/18146410159502854,https://scontent-eze1-1.cdninstagram.com/v/t51.82787-19/532061307_17979147878860326_5823883754067107643_n.jpg?stp=dst-jpg_s150x150_tt6&efg=eyJ2ZW5jb2RlX3RhZyI6InByb2ZpbGVfcGljLmRqYW5nby4xMDgwLmMyIn0&_nc_ht=scontent-eze1-1.cdninstagram.com&_nc_cat=106&_nc_oc=Q6cZ2gGbRO8WY-tpsW3FxqoahkVmtSqwJfiAS1GWAdv1ioQBXDoCJjlkaZKAP1HAJRtPXhg&_nc_ohc=H81OGSyVUAgQ7kNvwGqQcIu&_nc_gid=RV5Vmzcff-t5KfiSLgAu4Q&edm=AI-cjbYBAAAA&ccb=7-5&oh=00_AQAIBP7KroNMgacKCY3bpVLH5dOVJ0l9NC12zwFOfKZasQ&oe=6A6AEF1D&_nc_sid=0985b0,2104
test-data3,true,mittel,§ 130 Abs. 1 StGB,Sonstiges,"""bis Israel und Ukraine uns alle Geldern wegnehmen und all unsere Steuern an dennen geht"" transportiert eine antisemitisch anschlussfähige Verschwörungserzählung kollektiver finanzieller Fremdausbeutung.",miribekirovski,miribekirovski,57434479987,2026-06-02 06:04:48,0,"@stefanhofi ihr seit doch sooo blind , bis Israel und Ukraine uns alle Geldern wegnehmen und all unsere Steuern an dennen geht",no,18104578834811686,https://www.instagram.com/miribekirovski,https://www.instagram.com/p/DZDH8YstgWl/c/18104578834811686,https://scontent-eze1-2.cdninstagram.com/v/t51.82787-19/610535828_17988783059919988_3106135064074685818_n.jpg?stp=dst-jpg_s150x150_tt6&efg=eyJ2ZW5jb2RlX3RhZyI6InByb2ZpbGVfcGljLmRqYW5nby4xMDgwLmMyIn0&_nc_ht=scontent-eze1-2.cdninstagram.com&_nc_cat=104&_nc_oc=Q6cZ2gHBxHOSc26hV82Q1qhzfVwLwW1IJZoGVZbMPbQFyAfoYzWWRr_i9vgoLLa9NDx_q8w&_nc_ohc=RoV9ODSLMy4Q7kNvwETgW8_&_nc_gid=gU6VIqrqkwSo8BbCFgeBNw&edm=AI-cjbYBAAAA&ccb=7-5&oh=00_AQBF82gOlUBirihdihNvxUlbEPW0rLDbgSl87FuYi5qsTA&oe=6A6B06CF&_nc_sid=0985b0,1725
test-data3,true,mittel,§ 130 Abs. 1 StGB; § 140 StGB,Billigung Willkürmaßnahme,Explizite Zustimmung ('alles richtig gemacht') zur als Volksverhetzung verurteilten Willkürmaßnahme gegen Juden als Gruppe.,m0rice.kch,m0rice.kch,9664548453,2026-06-01 20:35:07,0,Er hat absolut alles richtig gemacht.,no,17900552817446709,https://www.instagram.com/m0rice.kch,https://www.instagram.com/p/DZDH8YstgWl/c/17900552817446709,https://scontent-eze1-1.cdninstagram.com/v/t51.82787-19/518259582_18181549015324454_9220715820255267488_n.jpg?stp=dst-jpg_s150x150_tt6&efg=eyJ2ZW5jb2RlX3RhZyI6InByb2ZpbGVfcGljLmRqYW5nby4xMDgwLmMyIn0&_nc_ht=scontent-eze1-1.cdninstagram.com&_nc_cat=102&_nc_oc=Q6cZ2gEGBjPhOVlhzrnTWIe8Eu17ukTogRBYe8PN6KCi6pj655slmE5m0ZDQ71zt2MAfnC4&_nc_ohc=NyRmg7SCoNwQ7kNvwEmMvpN&_nc_gid=R9EEevujMWhl95QdcquR3A&edm=AI-cjbYBAAAA&ccb=7-5&oh=00_AQAoPVeId1eioVn6_bjevECTdRHZuEFAoEyjp0aqgPc9Dg&oe=6A6B149D&_nc_sid=0985b0,51
test-data3,true,mittel,§ 130 Abs. 1 StGB,Billigung Willkürmaßnahme,"""Ehrenmann, sympathisch"" billigt die Handlung des Verurteilten.",white_lockheed,white_lockheed,6034192475,2026-06-01 23:42:11,0,Ehrenmann❤️ sympathisch,no,17891889591483484,https://www.instagram.com/white_lockheed,https://www.instagram.com/p/DZDH8YstgWl/c/17891889591483484,https://scontent-eze1-2.cdninstagram.com/v/t51.82787-19/731072445_18377481649200476_89455262534292979_n.jpg?stp=dst-jpg_s150x150_tt6&efg=eyJ2ZW5jb2RlX3RhZyI6InByb2ZpbGVfcGljLmRqYW5nby4xMDgwLmMyIn0&_nc_ht=scontent-eze1-2.cdninstagram.com&_nc_cat=108&_nc_oc=Q6cZ2gEqX6wcEJtAx4ryYIx_96ojQ0pVDw4AUmzsp4HU98TbgiKuF00dzJ9c1oncWSADSo0&_nc_ohc=URChLK5p5t4Q7kNvwHynntT&_nc_gid=AZBrlQ15-Dd3DkRqw0Qf5A&edm=AI-cjbYBAAAA&ccb=7-5&oh=00_AQDgnZejvxDJVtfGm5cjA3xSu7_y3xPG1HR6izTgZ9Gyrw&oe=6A6AF23E&_nc_sid=0985b0,786
test-data3,true,mittel,§ 130 Abs. 1 StGB; § 140 StGB,Billigung Willkürmaßnahme,Möchte dem wegen Volksverhetzung verurteilten Täter finanziell Unterstützung zukommen lassen.,kova.rider,kova.rider,985447937,2026-06-02 23:34:40,0,Wie kann man ihm zur Unterstützung Geld überweisen?,no,17985963659991538,https://www.instagram.com/kova.rider,https://www.instagram.com/p/DZDH8YstgWl/c/17985963659991538,https://scontent-eze1-1.cdninstagram.com/v/t51.82787-19/753503065_18606033058039938_5179949075051610034_n.jpg?stp=dst-jpg_s150x150_tt6&efg=eyJ2ZW5jb2RlX3RhZyI6InByb2ZpbGVfcGljLmRqYW5nby4xMDgwLmMyIn0&_nc_ht=scontent-eze1-1.cdninstagram.com&_nc_cat=106&_nc_oc=Q6cZ2gG3WQx_4-TV64xSFraF7HU2q0MqcVmj5Y7SEWX4Z77mAu4tbq5vv5IMXZWKI0mJoSs&_nc_ohc=2VSsHGDT3V8Q7kNvwFkWrxr&_nc_gid=RUbGex3PoUmqZPnsyVLwNg&edm=AI-cjbYBAAAA&ccb=7-5&oh=00_AQCGJojTTWGGjy_46z2aWl5aR7VQMIdihKVP-bF0kDG4Gg&oe=6A6AE77E&_nc_sid=0985b0,3757
test-data3,true,mittel,§ 130 Abs. 1 StGB; § 140 StGB,Billigung Willkürmaßnahme,Billigt die als Volksverhetzung eingestufte Handlung ausdrücklich als richtig.,dobler_fabian,dobler_fabian,52139831687,2026-06-01 21:44:03,0,Er hat alles richtig gemacht,no,18123316558572834,https://www.instagram.com/dobler_fabian,https://www.instagram.com/p/DZDH8YstgWl/c/18123316558572834,https://scontent-eze1-2.cdninstagram.com/v/t51.2885-19/502710189_18010425830743688_4694833060869261450_n.jpg?stp=dst-jpg_s150x150_tt6&efg=eyJ2ZW5jb2RlX3RhZyI6InByb2ZpbGVfcGljLmRqYW5nby4xMDgwLmMyIn0&_nc_ht=scontent-eze1-2.cdninstagram.com&_nc_cat=108&_nc_oc=Q6cZ2gHpVG2cFlMZCTWz042t5u-vNjT3_YxRy9Qk17LG0idCMcNn4rH-jr1p0fOZAd2ACT4&_nc_ohc=Wg2T0KVSjIEQ7kNvwESmPpz&_nc_gid=hcpkN58PEtw6qgHwOtu4wg&edm=AI-cjbYBAAAA&ccb=7-5&oh=00_AQDWvDkZHch6CPh11h1P_RbOGBNKirWCGErbGqYAJepS0w&oe=6A6AF163&_nc_sid=0985b0,151
test-data3,true,mittel,§ 130 Abs. 1 StGB; § 140 StGB,Billigung Willkürmaßnahme,"""Recht hat ihn"" mit Applaus-Emoji im Kontext der Verteidigung des Ladenbesitzers - billigt dessen Aussage/Handlung.",mergan_manu,mergan_manu,44849349257,2026-06-02 08:58:20,0,Recht hat ihn👏,no,17987300756989860,https://www.instagram.com/mergan_manu,https://www.instagram.com/p/DZDH8YstgWl/c/17987300756989860,https://scontent-eze1-1.cdninstagram.com/v/t51.82787-19/709844013_18111739844493258_3672586954377296880_n.jpg?stp=dst-jpg_s150x150_tt6&efg=eyJ2ZW5jb2RlX3RhZyI6InByb2ZpbGVfcGljLmRqYW5nby4xMDgwLmMyIn0&_nc_ht=scontent-eze1-1.cdninstagram.com&_nc_cat=106&_nc_oc=Q6cZ2gHi9t7pzQDeJDEyohUtkJsUiRrRfWIFdFXAXa_ZtzUBezlOM_L_wVlEvCkbGeM3Wwc&_nc_ohc=5XA0ivm3iioQ7kNvwEg-OHs&_nc_gid=_h71Wbk6_bJIrP5VL8rpdw&edm=AI-cjbYBAAAA&ccb=7-5&oh=00_AQBvrXQvr3ufq08fV6Iw_nv3Q5cUTH6aB5IwkoWT7UyZTw&oe=6A6B1CC7&_nc_sid=0985b0,1987
data2,,,,,,barber_sello,barber_sello,2947766195,2026-06-06 13:18:04,0,Das ist ein wahrer Mann 👌👍,no,18102466619035267,https://www.instagram.com/barber_sello,https://www.instagram.com/p/DZDH8YstgWl/c/18102466619035267,https://scontent-eze1-2.cdninstagram.com/v/t51.2885-19/416017703_399062182542289_3856103870465563151_n.jpg?stp=dst-jpg_s150x150_tt6&efg=eyJ2ZW5jb2RlX3RhZyI6InByb2ZpbGVfcGljLmRqYW5nby45ODIuYzIifQ&_nc_ht=scontent-eze1-2.cdninstagram.com&_nc_cat=101&_nc_oc=Q6cZ2gF6ItV5BdiygrNqcilfJz5Bxq7K2gdc8Of-BmhN7gJwp_Vha-DoneOUaAjvw_kB81c&_nc_ohc=sEFmQF4AnmIQ7kNvwENrpzI&_nc_gid=DxPAZg8FE7wj6FNy2JU8ag&edm=AI-cjbYBAAAA&ccb=7-5&oh=00_AQCshbBdd5rK0oZzg0jtqA75Y52m-HblHtGCndJ86VuYdA&oe=6A6AFEEC&_nc_sid=0985b0,
test-data3,true,mittel,§ 130 Abs. 1 StGB,Sonstiges,Verwendet den abwertenden antisemitischen Codebegriff 'Goys' zur Beschreibung der (nichtjüdischen) deutschen Justiz im Kontext einer Verschwörungserzählung.,jadeserpent_,jadeserpent_,18255025328,2026-06-02 17:01:44,0,"Ich bin froh, dass das deutsche Rechtssystem vollgepackt mit guten Goys ist.",no,18076153913411101,https://www.instagram.com/jadeserpent_,https://www.instagram.com/p/DZDH8YstgWl/c/18076153913411101,https://scontent-eze1-1.cdninstagram.com/v/t51.82787-19/702962674_18127357558609329_7154893974249591216_n.jpg?stp=dst-jpg_s150x150_tt6&efg=eyJ2ZW5jb2RlX3RhZyI6InByb2ZpbGVfcGljLmRqYW5nby43NjguYzIifQ&_nc_ht=scontent-eze1-1.cdninstagram.com&_nc_cat=109&_nc_oc=Q6cZ2gHt__tREKYcCMMuOaGCljeU_xPwkIPljq4iOH5pKt1weU5n5p-LkUGRTGCSpPoQ64M&_nc_ohc=XJgZN9VBJk8Q7kNvwHmqPy9&_nc_gid=2l7qqZ3syR0T4r6F69pfqg&edm=AI-cjbYBAAAA&ccb=7-5&oh=00_AQDy5CR4umB4CcfqoO_vhRCQINQxvxCdghqQDQyF-bO0eA&oe=6A6AF516&_nc_sid=0985b0,3187
test-data3,true,mittel,§ 130 Abs. 1 StGB,Billigung Willkürmaßnahme,"Autor erklärt, bei ihm hätten 'die' (im Kontext: Juden) ebenfalls Hausverbot - eigene Ankündigung einer Willkürmaßnahme gegen die Gruppe.",kallefornien2014,kallefornien2014,77737807885,2026-06-02 14:38:36,0,Bei mir haben die auch Hausverbot. 🔥,no,17884788450572726,https://www.instagram.com/kallefornien2014,https://www.instagram.com/p/DZDH8YstgWl/c/17884788450572726,https://instagram.flaj2-1.fna.fbcdn.net/v/t51.2885-19/573323465_1219825463302212_7278921664109726296_n.png?stp=dst-jpg_e0_s150x150_tt6&efg=eyJ2ZW5jb2RlX3RhZyI6InByb2ZpbGVfcGljLmRqYW5nby4xNTAuYzIifQ&_nc_ht=instagram.flaj2-1.fna.fbcdn.net&_nc_cat=1&_nc_oc=Q6cZ2gFKH6745FDarEfd2V_fx3Gc_FyCNFc5Qt2VPyuyi6_rvg5XmMxjmai7XdE-_d0U4PeAp6xg77EGtRXEQP10mmvC&_nc_ohc=vUGxye7DTtYQ7kNvwGyOZQS&_nc_gid=FC6Hfw34_ZqLWxhhTiJlSQ&edm=AHBgTAQBAAAA&ccb=7-5&ig_cache_key=YW5vbnltb3VzX3Byb2ZpbGVfcGlj.3-ccb7-5&oh=00_AQDOUHSP08T--NjQ933fkpZuNo6seS9cduLCwoibxdzsxw&oe=6A6B08EA&_nc_sid=21e75c,2871
test-data3,true,mittel,§ 130 Abs. 1 StGB; § 140 StGB,Billigung Willkürmaßnahme,"""Ehrenmann"" - billigende Zustimmung zur Handlung des Ladenbesitzers.",gokay_gundogan_,gokay_gundogan_,66481378209,2026-06-02 09:51:18,0,Ehrenmann,no,17940364860232179,https://www.instagram.com/gokay_gundogan_,https://www.instagram.com/p/DZDH8YstgWl/c/17940364860232179,https://scontent-eze1-1.cdninstagram.com/v/t51.82787-19/726660004_17942271465218210_8562845206128910189_n.jpg?stp=dst-jpg_s150x150_tt6&efg=eyJ2ZW5jb2RlX3RhZyI6InByb2ZpbGVfcGljLmRqYW5nby4xMDgwLmMyIn0&_nc_ht=scontent-eze1-1.cdninstagram.com&_nc_cat=102&_nc_oc=Q6cZ2gH-GmhL3n0D3szlTHUgVwbWHv52WQecArKeXjsXwz3m3eS6zDRgbtQvubmht4Egbog&_nc_ohc=26vAylSC6p4Q7kNvwG98Jgk&_nc_gid=1HHB9ytEXrMhg3sCH7JS6Q&edm=AI-cjbYBAAAA&ccb=7-5&oh=00_AQDQiOswIGq10AbBsJy3c8R5lJK3agIvHAP_TL4JD57fkA&oe=6A6B0EF7&_nc_sid=0985b0,2136
test-data3,true,mittel,§ 130 Abs. 1 StGB; § 140 StGB,Billigung Willkürmaßnahme,"""EHRENMANN!!!"" billigt ausdrücklich die als Volksverhetzung gewertete Handlung.",tcetin74,tcetin74,6145822459,2026-06-02 02:13:20,0,EHRENMANN!!!,no,17942182281227778,https://www.instagram.com/tcetin74,https://www.instagram.com/p/DZDH8YstgWl/c/17942182281227778,https://scontent-eze1-1.cdninstagram.com/v/t51.2885-19/61772500_300060204205838_1619215791717089280_n.jpg?stp=dst-jpg_s150x150_tt6&efg=eyJ2ZW5jb2RlX3RhZyI6InByb2ZpbGVfcGljLmRqYW5nby4xMDgwLmMyIn0&_nc_ht=scontent-eze1-1.cdninstagram.com&_nc_cat=102&_nc_oc=Q6cZ2gGSjGYwhjCf_DtX_0dADMae7NxrX0jGxcIU4GQUXCgzhAfVwbTzKGCKIcxTvkO49yA&_nc_ohc=hbc5VMcEzM0Q7kNvwHByl_V&_nc_gid=dhW5T05g_es3pOEv243sZQ&edm=AI-cjbYBAAAA&ccb=7-5&oh=00_AQBtsAfQ9LoHXMSRG7csP6Z1AOI07N8ROwqii7M9FkHWcg&oe=6A6AF39B&_nc_sid=0985b0,1431
data2,,,,,,dominikkfr,dominikkfr,7225441582,2026-06-01 22:40:00,0,Ja aber keine AFD Wähler darf man hinhängen 🙈 kannst nicht erfinden,no,18066025625404977,https://www.instagram.com/dominikkfr,https://www.instagram.com/p/DZDH8YstgWl/c/18066025625404977,https://scontent-eze1-1.cdninstagram.com/v/t51.2885-19/298384450_798525978170057_1986595900732935969_n.jpg?stp=dst-jpg_s150x150_tt6&efg=eyJ2ZW5jb2RlX3RhZyI6InByb2ZpbGVfcGljLmRqYW5nby4xMDgwLmMyIn0&_nc_ht=scontent-eze1-1.cdninstagram.com&_nc_cat=105&_nc_oc=Q6cZ2gHjU1CXa0atbcX6UYybBpXkP5itw3WH_RE2fJZic57SJLtp3tho5fTusQEhjwZptQY&_nc_ohc=q3-2LwjkSaUQ7kNvwFoqaA2&_nc_gid=0RinLjSeXnTeuhoecvJ3xQ&edm=AI-cjbYBAAAA&ccb=7-5&oh=00_AQBxCGLi0HmIJhRrL7gB1RvIMJoB436ifPH8IUGiS_oNDg&oe=6A6B03FC&_nc_sid=0985b0,
test-data3,true,mittel,§ 130 Abs. 1 StGB,Billigung Willkürmaßnahme,'Guter Mann' als Lob im Kontext der Zustimmung zum antisemitischen Schild.,m.javamajan,m.javamajan,48660139704,2026-06-02 14:24:44,0,Guter Mann ❤️,no,18097952972168212,https://www.instagram.com/m.javamajan,https://www.instagram.com/p/DZDH8YstgWl/c/18097952972168212,https://scontent-eze1-1.cdninstagram.com/v/t51.82787-19/754143744_18052408523619705_7148636886443239471_n.jpg?stp=dst-jpg_s150x150_tt6&efg=eyJ2ZW5jb2RlX3RhZyI6InByb2ZpbGVfcGljLmRqYW5nby4xMDgwLmMyIn0&_nc_ht=scontent-eze1-1.cdninstagram.com&_nc_cat=109&_nc_oc=Q6cZ2gGR5NDZcZt3AnwYBQ0-_507faOIF4avG9vTfV9kiLA_UNqrSBalJ4jl2S4E_1CtZjI&_nc_ohc=Wm37d9EOuOwQ7kNvwFfJSZd&_nc_gid=768vrnNyFr9oS5pDNOw9NQ&edm=AI-cjbYBAAAA&ccb=7-5&oh=00_AQBLUtwqgUty4h_S4dd-XFpzQQagVnwO-Lk3gfe_YyXS6g&oe=6A6B1AB5&_nc_sid=0985b0,2836
test-data3,true,mittel,§ 130 Abs. 4 StGB,NS-Verherrlichung,"'Sind wir wieder bei 33 angekommen' im Kontext der Verteidigung des Täters kann als relativierende Anspielung auf 1933 verstanden werden; Bezug/Richtung unklar, daher prüfenswert.",black_executioner_,black_executioner_,67184013375,2026-06-02 16:28:56,0,Sind wir wieder bei 33 angekommen 😡,no,17870823957617476,https://www.instagram.com/black_executioner_,https://www.instagram.com/p/DZDH8YstgWl/c/17870823957617476,https://scontent-eze1-2.cdninstagram.com/v/t51.2885-19/465056220_949230747230523_8566825840979516717_n.jpg?stp=dst-jpg_s150x150_tt6&efg=eyJ2ZW5jb2RlX3RhZyI6InByb2ZpbGVfcGljLmRqYW5nby44NTIuYzIifQ&_nc_ht=scontent-eze1-2.cdninstagram.com&_nc_cat=103&_nc_oc=Q6cZ2gEhck2eqP_uhlh2_u9MuuY39vTGta5At7uqNLsm_nz2TJwBO9LZ69xEpbv10Knxpfc&_nc_ohc=RgXVF-LR1EMQ7kNvwGaCWMn&_nc_gid=hJG0dxyZAm56brOQOKzW1A&edm=AI-cjbYBAAAA&ccb=7-5&oh=00_AQDTD-sYYaylWymDg4te2rsn1SIOVOvd0fUEMlfuo9I-0g&oe=6A6B1ACD&_nc_sid=0985b0,3111
test-data3,true,mittel,§ 130 Abs. 1 StGB; § 140 StGB,Billigung Willkürmaßnahme,"""Alles Richtig gemacht"" - billigende Zustimmung zur Handlung des Ladenbesitzers.",holzkunstgorden2,holzkunstgorden2,71288078651,2026-06-02 09:28:56,0,"Alles Richtig gemacht,sein Laden seine Regeln 💪",no,18134625991601480,https://www.instagram.com/holzkunstgorden2,https://www.instagram.com/p/DZDH8YstgWl/c/18134625991601480,https://scontent-eze1-2.cdninstagram.com/v/t51.82787-19/656795036_17907468477382652_8221770042990596053_n.jpg?stp=dst-jpg_s150x150_tt6&efg=eyJ2ZW5jb2RlX3RhZyI6InByb2ZpbGVfcGljLmRqYW5nby4xMDgwLmMyIn0&_nc_ht=scontent-eze1-2.cdninstagram.com&_nc_cat=108&_nc_oc=Q6cZ2gE7_rT6ajdH3gKKPjp7A0cAy-BwBAnfJRpjU89bKUSgVSMmtnBN3HGKvdYX0USsf7A&_nc_ohc=jrMU-P8SxLUQ7kNvwGEu-7C&_nc_gid=qArDx4GYZJDqVLZtwCedpw&edm=AI-cjbYBAAAA&ccb=7-5&oh=00_AQC1yfb2b81n_0G8T0541w4g0a0IrcaiTebGNNmn73Avdg&oe=6A6B1D85&_nc_sid=0985b0,2076
test-data3,true,mittel,§ 130 Abs. 1 StGB,Verhetzende Beleidigung,"""guter goy"" ist ein abwertender antisemitischer Code, mit dem Nicht-Juden verhöhnend als Befehlsempfänger jüdischer Interessen dargestellt werden; Anspielung auf antisemitische Verschwörungserzählung.",takeuchi_len08,takeuchi_len08,72758271389,2026-06-02 02:26:49,0,@kusstro guter goy✌🏻,no,18592351354008337,https://www.instagram.com/takeuchi_len08,https://www.instagram.com/p/DZDH8YstgWl/c/18592351354008337,https://scontent-eze1-1.cdninstagram.com/v/t51.82787-19/574748269_17875951695431390_2154457557597018080_n.jpg?stp=dst-jpg_s150x150_tt6&efg=eyJ2ZW5jb2RlX3RhZyI6InByb2ZpbGVfcGljLmRqYW5nby4xMDgwLmMyIn0&_nc_ht=scontent-eze1-1.cdninstagram.com&_nc_cat=102&_nc_oc=Q6cZ2gGSjGYwhjCf_DtX_0dADMae7NxrX0jGxcIU4GQUXCgzhAfVwbTzKGCKIcxTvkO49yA&_nc_ohc=CzDxp60inL4Q7kNvwGFUCl9&_nc_gid=dhW5T05g_es3pOEv243sZQ&edm=AI-cjbYBAAAA&ccb=7-5&oh=00_AQBTkhILT5Mj-3oemQdsF_59mzfZit2gdt1bZetHbd31nQ&oe=6A6B0DA4&_nc_sid=0985b0,1464
test-data3,true,mittel,§ 130 Abs. 1 StGB,Billigung Willkürmaßnahme,"Bezeichnet das antisemitische Hausverbotsschild ausdrücklich als ""super Schild und Einstellung"" und billigt damit die Diskriminierung.",basshunt99,basshunt99,50791234450,2026-06-02 21:40:15,0,👏👏👏👏👏👏👏 super Schild und Einstellung,no,18086099744102401,https://www.instagram.com/basshunt99,https://www.instagram.com/p/DZDH8YstgWl/c/18086099744102401,https://scontent-eze1-1.cdninstagram.com/v/t51.2885-19/474506772_1358786101944334_2632392952204215765_n.jpg?stp=dst-jpg_s150x150_tt6&efg=eyJ2ZW5jb2RlX3RhZyI6InByb2ZpbGVfcGljLmRqYW5nby4xMDgwLmMyIn0&_nc_ht=scontent-eze1-1.cdninstagram.com&_nc_cat=110&_nc_oc=Q6cZ2gE_cNcSO2qfGLAZ8ygOUJsiffrN3BhX-exemmTunhu2kadWKTpLPza4mr_YevnkrKs&_nc_ohc=v-uU_0xpe4YQ7kNvwEDprnJ&_nc_gid=RcMBT0Msm-52mftmbJkokg&edm=AI-cjbYBAAAA&ccb=7-5&oh=00_AQCZOlvb11M-P7hKmdRp4pUzJ2E75PaVj7CWmvak7SZZzA&oe=6A6AE7FA&_nc_sid=0985b0,3636
test-data3,true,mittel,§ 130 Abs. 1 StGB,Aufstacheln zum Hass,"Rechtfertigt die pauschale Ausgrenzung mit einer Kollektivschuld-Zuschreibung an ""Israel""/Juden wegen des Gaza-Kriegs.",die.rothaarige.ente,die.rothaarige.ente,69042059730,2026-06-01 23:39:12,0,Finde ich tatsächlich Legitim..ich mein Israel nutzt Phosphor 🙌,no,17873288634672450,https://www.instagram.com/die.rothaarige.ente,https://www.instagram.com/p/DZDH8YstgWl/c/17873288634672450,https://scontent-eze1-2.cdninstagram.com/v/t51.2885-19/459704552_1219931772481368_10034080523133397_n.jpg?stp=dst-jpg_s150x150_tt6&efg=eyJ2ZW5jb2RlX3RhZyI6InByb2ZpbGVfcGljLmRqYW5nby45OTkuYzIifQ&_nc_ht=scontent-eze1-2.cdninstagram.com&_nc_cat=100&_nc_oc=Q6cZ2gEqX6wcEJtAx4ryYIx_96ojQ0pVDw4AUmzsp4HU98TbgiKuF00dzJ9c1oncWSADSo0&_nc_ohc=wJDDbg1cSCgQ7kNvwHnvhND&_nc_gid=AZBrlQ15-Dd3DkRqw0Qf5A&edm=AI-cjbYBAAAA&ccb=7-5&oh=00_AQDcTCCYtbm3hjWQGiYZmquGCUOgNJgcSt0YLBdrR3DLrQ&oe=6A6B1BB0&_nc_sid=0985b0,767
test-data3,true,mittel,§ 130 Abs. 1 StGB,Billigung Willkürmaßnahme,"""Bravo"" billigt die Handlung des wegen Volksverhetzung Verurteilten.",ibrisimovic.fadil,ibrisimovic.fadil,62982507310,2026-06-01 23:46:23,0,Bravo 👍,no,18106720874072758,https://www.instagram.com/ibrisimovic.fadil,https://www.instagram.com/p/DZDH8YstgWl/c/18106720874072758,https://scontent-eze1-1.cdninstagram.com/v/t51.82787-19/731031360_17972962599099311_4934711288878296431_n.jpg?stp=dst-jpg_s150x150_tt6&efg=eyJ2ZW5jb2RlX3RhZyI6InByb2ZpbGVfcGljLmRqYW5nby4xMDgwLmMyIn0&_nc_ht=scontent-eze1-1.cdninstagram.com&_nc_cat=111&_nc_oc=Q6cZ2gFhilJlQ99O1jtrcOJcjPPcfTJolvLXvQipHr-NHxo8hYVf9VDC7jEYfuVoKAU6_cU&_nc_ohc=dTvwIZoFD5wQ7kNvwHzzFd2&_nc_gid=8LPNe_VJabXRKNQEViP9sA&edm=AI-cjbYBAAAA&ccb=7-5&oh=00_AQBXQYhxmX-hfZj7W5LjdHstqpcsP1A7PxBzNnrjiBx77Q&oe=6A6AE769&_nc_sid=0985b0,818
test-data3,true,mittel,§ 130 Abs. 1 StGB; § 140 StGB,Billigung Willkürmaßnahme,"Bezeichnet den Täter des antisemitischen Hausverbots als 'Held', was die Willkürmaßnahme gegen Juden als Gruppe billigt und verherrlicht.",isodisco,isodisco,55443796458,2026-06-02 11:49:01,0,Held,no,18328486864282455,https://www.instagram.com/isodisco,https://www.instagram.com/p/DZDH8YstgWl/c/18328486864282455,https://instagram.frec5-1.fna.fbcdn.net/v/t51.2885-19/573323465_1219825463302212_7278921664109726296_n.png?stp=dst-webp&efg=eyJ2ZW5jb2RlX3RhZyI6InByb2ZpbGVfcGljLmRqYW5nby4xNTAuYzIifQ&_nc_ht=instagram.frec5-1.fna.fbcdn.net&_nc_cat=1&_nc_oc=Q6cZ2gG8Ik3uqngZjk8kfWJLNlXoXGN5K8xDim8ZPVKCTMMAckLZnu5elnX16OI0_vNC5ZgHNW48bQ5Uqk_rUG7PEhtr&_nc_ohc=vUGxye7DTtYQ7kNvwFAWvIy&_nc_gid=RuPonBmtIj4Aiu7E7i1ePQ&edm=AB11_MABAAAA&ccb=7-5&ig_cache_key=YW5vbnltb3VzX3Byb2ZpbGVfcGlj.3-ccb7-5&oh=00_AQB0_xYFpVt7IZsfK2OsGQRjwKvkfJMUaWOLZMeoNHSPWA&oe=6A6B08EA&_nc_sid=dc5e7f,2442
test-data3,true,mittel,§ 130 Abs. 1 StGB; § 140 StGB,Billigung Willkürmaßnahme,"""Er hat alles richtig gemacht"" billigt ausdrücklich die als Volksverhetzung verurteilte Handlung.",cel_un.66,cel_un.66,8373301142,2026-06-02 00:58:21,0,Er hat alles richtig gemacht 👍🏽👍🏽,no,18327891571268703,https://www.instagram.com/cel_un.66,https://www.instagram.com/p/DZDH8YstgWl/c/18327891571268703,https://scontent-eze1-2.cdninstagram.com/v/t51.2885-19/489011504_1178000763949872_3111918886072329840_n.jpg?stp=dst-jpg_s150x150_tt6&efg=eyJ2ZW5jb2RlX3RhZyI6InByb2ZpbGVfcGljLmRqYW5nby42NDAuYzIifQ&_nc_ht=scontent-eze1-2.cdninstagram.com&_nc_cat=100&_nc_oc=Q6cZ2gFGol7qb3X3CS0h-v7KrbACorAlMG6bngrCn_16G1vR-jdIW-LglFk994SIYGR0lJs&_nc_ohc=mqKIEi7xaM8Q7kNvwECzBxE&_nc_gid=aaM4gx5cCxKlb4t5Rlom1A&edm=AI-cjbYBAAAA&ccb=7-5&oh=00_AQAqrsilJMwL-XuLUWyLvabch8iSbLNQXMt9mWG75C9nWg&oe=6A6B034A&_nc_sid=0985b0,1135
test-data3,true,mittel,§ 130 Abs. 1 StGB,Billigung Willkürmaßnahme,Ausdrückliche Solidarisierung mit dem namentlich genannten Verurteilten.,habibo030_,habibo030_,46263055338,2026-06-02 00:04:20,0,ich solidarisiere mich mit Hans Velten R.,no,17994728864978160,https://www.instagram.com/habibo030_,https://www.instagram.com/p/DZDH8YstgWl/c/17994728864978160,https://instagram.fbel12-1.fna.fbcdn.net/v/t51.2885-19/573323465_1219825463302212_7278921664109726296_n.png?stp=dst-jpg_tt6&efg=eyJ2ZW5jb2RlX3RhZyI6InByb2ZpbGVfcGljLmRqYW5nby4xNTAuYzIifQ&_nc_ht=instagram.fbel12-1.fna.fbcdn.net&_nc_cat=1&_nc_oc=Q6cZ2gFQckxWqNgRgMrZlOUtSpcm0aU6fErjz06IMwGbGGRZLzZVLt8Wm0DAsdiAweRDsXXmsk967KdPQxvumE-YEMJr&_nc_ohc=vUGxye7DTtYQ7kNvwGJdYt4&_nc_gid=NK1__pNdUhJ7BpzmUGRCag&edm=AL4D0a4BAAAA&ccb=7-5&ig_cache_key=YW5vbnltb3VzX3Byb2ZpbGVfcGlj.3-ccb7-5&oh=00_AQA4y9Aw9B9L7_B9P3JcHs0ENBH9zU2U-3doZ1sOCmAXCg&oe=6A6B08EA&_nc_sid=9e8221,928
test-data3,true,mittel,§ 130 Abs. 1 StGB,Billigung Willkürmaßnahme,'Endlich jemand der sich traut' billigt explizit den Mut zur öffentlichen Ausgrenzung von Juden.,rahima.neufeld3,rahima.neufeld3,1818969724,2026-06-02 13:06:15,0,"ENDLICH, jemand der sich traut",no,18322631416248613,https://www.instagram.com/rahima.neufeld3,https://www.instagram.com/p/DZDH8YstgWl/c/18322631416248613,https://scontent-eze1-1.cdninstagram.com/v/t51.2885-19/463275770_520108054249067_5115236380789581698_n.jpg?stp=dst-jpg_s150x150_tt6&efg=eyJ2ZW5jb2RlX3RhZyI6InByb2ZpbGVfcGljLmRqYW5nby4xMDgwLmMyIn0&_nc_ht=scontent-eze1-1.cdninstagram.com&_nc_cat=111&_nc_oc=Q6cZ2gF6Q6RFt7xnrGptOchvQ7rvAe-lXEYCVswutgVV2Iw1gRPQue5pPll7S1U2cyKb8Hg&_nc_ohc=kHDarYINuDYQ7kNvwGDyWy0&_nc_gid=UQSp5_q_w4lgaSB1vxizLA&edm=AI-cjbYBAAAA&ccb=7-5&oh=00_AQAX6922ygHZFvdxWn0QuKrPjX25Uh8EmGVDugI2UB-1CQ&oe=6A6AF80E&_nc_sid=0985b0,2638
test-data3,true,mittel,§ 130 Abs. 1 StGB; § 140 StGB,Billigung Willkürmaßnahme,"'Guter Mann, alles richtig gemacht!' billigt die als Volksverhetzung verurteilte Tat.",m_ert88_,m_ert88_,52823170222,2026-06-02 17:10:45,0,"Guter Mann, alles richtig gemacht!",no,18125875390722468,https://www.instagram.com/m_ert88_,https://www.instagram.com/p/DZDH8YstgWl/c/18125875390722468,https://scontent-eze1-2.cdninstagram.com/v/t51.82787-19/753540951_18060028484762223_4437811723328635563_n.jpg?stp=dst-jpg_s150x150_tt6&efg=eyJ2ZW5jb2RlX3RhZyI6InByb2ZpbGVfcGljLmRqYW5nby4xMDgwLmMyIn0&_nc_ht=scontent-eze1-2.cdninstagram.com&_nc_cat=103&_nc_oc=Q6cZ2gHt__tREKYcCMMuOaGCljeU_xPwkIPljq4iOH5pKt1weU5n5p-LkUGRTGCSpPoQ64M&_nc_ohc=upLHiKjk4koQ7kNvwFa3nzp&_nc_gid=2l7qqZ3syR0T4r6F69pfqg&edm=AI-cjbYBAAAA&ccb=7-5&oh=00_AQD2ZvDDxwo2vHB7idlNtIZSkyK2OD2M6LHVtasohDswCw&oe=6A6AEC06&_nc_sid=0985b0,3205
data2,,,,,,mertlik1453,mertlik1453,73181433166,2026-06-02 01:36:15,0,Super weiter so,no,18088129979062408,https://www.instagram.com/mertlik1453,https://www.instagram.com/p/DZDH8YstgWl/c/18088129979062408,https://scontent-eze1-2.cdninstagram.com/v/t51.82787-19/657635165_17893009050433167_8400269486127879948_n.jpg?stp=dst-jpg_s150x150_tt6&efg=eyJ2ZW5jb2RlX3RhZyI6InByb2ZpbGVfcGljLmRqYW5nby4xMDgwLmMyIn0&_nc_ht=scontent-eze1-2.cdninstagram.com&_nc_cat=103&_nc_oc=Q6cZ2gE7ph9RLmoqayOiqdvrItJZIFCiBUdqGoAhcaOPdqRWDDhsUm06tXjG1yugRxnz8j8&_nc_ohc=5GoJ8copFIsQ7kNvwFsIM9r&_nc_gid=2aWIg5O-dyNAHJF8uLPhXA&edm=AI-cjbYBAAAA&ccb=7-5&oh=00_AQBPVmyiob-6vlWZ-QmPcRNdAISWaiXAuW1fgz6T9L2AhQ&oe=6A6B0C84&_nc_sid=0985b0,
test-data3,true,mittel,§ 130 Abs. 1 StGB,Sonstiges,Pauschale Aussage 'Bei euch Deutschen läuft eindeutig alles falsch was Israel angeht' im Kontext der Verteidigung des Täters transportiert eine Kollektivzuschreibung mit antisemitischem Unterton.,meelll.pskn,meelll.pskn,24337590248,2026-06-02 17:16:03,0,Hat er ein online Shop ? Würde ihn gerne unterstützen 🫶🏼 sein Laden seine Regeln. Bei euch Deutschen läuft eindeutig alles falsch was Israel angeht. Alle haben es kapiert nur ihr nicht. Wahnsinn 🤯,no,17942656881227857,https://www.instagram.com/meelll.pskn,https://www.instagram.com/p/DZDH8YstgWl/c/17942656881227857,https://scontent-eze1-1.cdninstagram.com/v/t51.82787-19/747778080_18121916353814249_7740849551982330129_n.jpg?stp=dst-jpg_s150x150_tt6&efg=eyJ2ZW5jb2RlX3RhZyI6InByb2ZpbGVfcGljLmRqYW5nby4xMDgwLmMyIn0&_nc_ht=scontent-eze1-1.cdninstagram.com&_nc_cat=105&_nc_oc=Q6cZ2gHt__tREKYcCMMuOaGCljeU_xPwkIPljq4iOH5pKt1weU5n5p-LkUGRTGCSpPoQ64M&_nc_ohc=hlL9UombU3YQ7kNvwElauVW&_nc_gid=2l7qqZ3syR0T4r6F69pfqg&edm=AI-cjbYBAAAA&ccb=7-5&oh=00_AQA_F9VU3m6JDjgx1LEbOA9NRTqP-4fbmBvM3Sh6qjeRMQ&oe=6A6AF0F9&_nc_sid=0985b0,3213
test-data3,true,mittel,§ 130 Abs. 1 StGB; § 140 StGB,Billigung Willkürmaßnahme,"""Ehrenmann"" - billigende Zustimmung zur Handlung des Ladenbesitzers.",rokk.o03,rokk.o03,41571281597,2026-06-02 10:36:08,0,Ehrenmann,no,18106687984985218,https://www.instagram.com/rokk.o03,https://www.instagram.com/p/DZDH8YstgWl/c/18106687984985218,https://scontent-eze1-1.cdninstagram.com/v/t51.82787-19/649879812_18059645921385598_5245694023353766853_n.jpg?stp=dst-jpg_s150x150_tt6&efg=eyJ2ZW5jb2RlX3RhZyI6InByb2ZpbGVfcGljLmRqYW5nby4xMDgwLmMyIn0&_nc_ht=scontent-eze1-1.cdninstagram.com&_nc_cat=110&_nc_oc=Q6cZ2gGRKIN_u46ylObHfLOQ1cliQiFRgPEEbFR0LJZYpE3uSspjuHoakAgs3MdpgdbJQKM&_nc_ohc=nQUB_Jz6zP4Q7kNvwE2JwPQ&_nc_gid=8AVAm4LMoUPtYllax7dJyA&edm=AI-cjbYBAAAA&ccb=7-5&oh=00_AQBjk_CQN_-fZu9CKFUW7-EXtAKxGIH6nmX1ffp_wfw95Q&oe=6A6B0329&_nc_sid=0985b0,2251
test-data3,true,mittel,§ 130 Abs. 1 StGB,Verhetzende Beleidigung,"""du bist bester goyim"" verwendet den abwertenden antisemitischen Code ""goyim"" zustimmend im Kontext der Ausgrenzungsdebatte.",999_rcs_zh,999_rcs_zh,47861799927,2026-06-02 08:25:00,0,@kusstro du bist bester goyim😂😂,no,17972183094058826,https://www.instagram.com/999_rcs_zh,https://www.instagram.com/p/DZDH8YstgWl/c/17972183094058826,https://scontent-eze1-2.cdninstagram.com/v/t51.82787-19/514606803_18055776623599928_9175121069404876214_n.jpg?stp=dst-jpg_s150x150_tt6&efg=eyJ2ZW5jb2RlX3RhZyI6InByb2ZpbGVfcGljLmRqYW5nby44NzMuYzIifQ&_nc_ht=scontent-eze1-2.cdninstagram.com&_nc_cat=108&_nc_oc=Q6cZ2gFQa_ORcgznTWl3TWbj3FtnjYxOsGUCnE2-yD54pfbRWzUX9a9bKpsKHC2gpwquD84&_nc_ohc=bev_OfLemw0Q7kNvwGRl67A&_nc_gid=JOfFiewkUeFX5gdkAToNmQ&edm=AI-cjbYBAAAA&ccb=7-5&oh=00_AQDI7MNIaaS43d7YEwaFo4HTH7pp5GFXQkAYtGP7bhY2vQ&oe=6A6B1586&_nc_sid=0985b0,1908
test-data3,true,mittel,§ 130 Abs. 1 StGB; § 140 StGB,Billigung Willkürmaßnahme,"Behauptet, der Täter habe 'recht' und solle keine Reue zeigen, billigt damit die Diskriminierung von Juden als Gruppe.",wuschek3,wuschek3,61222972603,2026-06-02 15:32:44,0,"Warum soll er Reue zeigen ,er hat doch recht.",no,18163917625443802,https://www.instagram.com/wuschek3,https://www.instagram.com/p/DZDH8YstgWl/c/18163917625443802,https://scontent-eze1-2.cdninstagram.com/v/t51.2885-19/367441826_1821190645004461_8768402575616148023_n.jpg?stp=dst-jpg_s150x150_tt6&efg=eyJ2ZW5jb2RlX3RhZyI6InByb2ZpbGVfcGljLmRqYW5nby4xMDgwLmMyIn0&_nc_ht=scontent-eze1-2.cdninstagram.com&_nc_cat=101&_nc_oc=Q6cZ2gF0sZQ7d3X_yVaLZ81Tsr_rcoTRZal7pIlebXPj0w5cS2OMhQoh51x_pUkioa3WeTQ&_nc_ohc=hzkkmvy24IYQ7kNvwHGJKfV&_nc_gid=F5a2D2fi3zVMohQW-yzB-Q&edm=AI-cjbYBAAAA&ccb=7-5&oh=00_AQAodsTXz__lzC2xIX-zkSa4nNkUt9RNuLiamJJlofuy6Q&oe=6A6B0B2F&_nc_sid=0985b0,3006
data2,,,,,,kidofdarkness_,kidofdarkness_,4550917999,2026-06-02 12:21:42,0,@iceman_props Ich würd Linksextreme ausschließen und jetzt?,no,18129335929610037,https://www.instagram.com/kidofdarkness_,https://www.instagram.com/p/DZDH8YstgWl/c/18129335929610037,https://scontent-eze1-2.cdninstagram.com/v/t51.82787-19/569602004_18375586156150000_1628672361322464773_n.jpg?stp=dst-jpg_s150x150_tt6&efg=eyJ2ZW5jb2RlX3RhZyI6InByb2ZpbGVfcGljLmRqYW5nby4xMDgwLmMyIn0&_nc_ht=scontent-eze1-2.cdninstagram.com&_nc_cat=104&_nc_oc=Q6cZ2gHSNgVdxSW1Dnu5cd7ZvImHuymOMxg9A1sd_Qfp_9FdydaAPs-x7jzp0mAnFBi_Z6Y&_nc_ohc=_z3UdySP-LwQ7kNvwFprxCc&_nc_gid=Yq9FCrvLFs9-8HZ6ejaPMQ&edm=AI-cjbYBAAAA&ccb=7-5&oh=00_AQCGQ6wsBdAuvWBKId69tPhUuITUDWb5Gr5CxJw2PrEIaw&oe=6A6AEE1A&_nc_sid=0985b0,
test-data3,true,hoch,§ 130 Abs. 1 StGB,Aufstacheln zum Hass,"Zustimmung zum Schild ('Richtig so') kombiniert mit entmenschlichender Bezeichnung ('Krebsgeschwür des Planeten') für die betroffene Gruppe, klare Verächtlichmachung, die die Menschenwürde angreift.",zeynel_dgny5834,zeynel_dgny5834,46853540141,2026-06-02 12:02:04,0,Richtig so . Man muss ein Zeichen. Das Krebsgeschwür des Planeten,no,18325352077265634,https://www.instagram.com/zeynel_dgny5834,https://www.instagram.com/p/DZDH8YstgWl/c/18325352077265634,https://scontent-eze1-1.cdninstagram.com/v/t51.2885-19/242365598_384481189795211_7317871825018566512_n.jpg?stp=dst-jpg_s150x150_tt6&efg=eyJ2ZW5jb2RlX3RhZyI6InByb2ZpbGVfcGljLmRqYW5nby4xMDgwLmMyIn0&_nc_ht=scontent-eze1-1.cdninstagram.com&_nc_cat=111&_nc_oc=Q6cZ2gHKtADRaPxrYZmoUJJp7IMWO0vOh00IppPWgfsjFILBSVFxPgmlQz6P10hXAZgMICM&_nc_ohc=8rjVUtIwqQQQ7kNvwH4Tscx&_nc_gid=oCCKEzxtj_rHizWsU02WpA&edm=AI-cjbYBAAAA&ccb=7-5&oh=00_AQALnR2tl3eOq6b41b7jszn_Medk5qFsnxXdO0i8FEPISA&oe=6A6B08EC&_nc_sid=0985b0,2464
test-data3,true,mittel,§ 130 Abs. 1 StGB; § 140 StGB,Billigung Willkürmaßnahme,"""Alles richtig gemacht der Mann"" mit Beifalls-Emojis billigt ausdrücklich die diskriminierende Handlung.",jinne2505,jinne2505,281709471,2026-06-02 02:11:28,0,Alles richtig gemacht der Mann👏👏👏,no,18101283860321156,https://www.instagram.com/jinne2505,https://www.instagram.com/p/DZDH8YstgWl/c/18101283860321156,https://scontent-eze1-2.cdninstagram.com/v/t51.2885-19/504494425_18509327647045472_2551930187840723935_n.jpg?stp=dst-jpg_s150x150_tt6&efg=eyJ2ZW5jb2RlX3RhZyI6InByb2ZpbGVfcGljLmRqYW5nby4xMDgwLmMyIn0&_nc_ht=scontent-eze1-2.cdninstagram.com&_nc_cat=108&_nc_oc=Q6cZ2gGmZljf3BRSkO170gxDqy8p7kf534XqM2D6DhQdi-oNo6Z_QJz8j7mTaiR1Gq8F0s8&_nc_ohc=5ujRnVuwM3MQ7kNvwFncgD3&_nc_gid=PJ6l6j7NIIk05K7-0E5qPA&edm=AI-cjbYBAAAA&ccb=7-5&oh=00_AQCcNW3x90EUIeeyOWzXpFWQeXblmD5jtjJnqnzg4ZJQyg&oe=6A6B148B&_nc_sid=0985b0,1423
test-data3,true,hoch,§ 130 Abs. 3 StGB; § 130 Abs. 4 StGB,NS-Verherrlichung,"Bezug ""Hatten wir 1935 schonmal"" im Kontext der Zustimmung zum Schild relativiert/vergleicht die aktuelle Diskriminierung mit NS-Judenpolitik in verharmlosender bzw. zustimmender Weise.",jayson.cy,jayson.cy,1508970471,2026-06-02 01:39:08,0,Hatten wir 1935 schonmal. Diesmal stehen nur Linke auch dahinter. Absolut kranke Zeit.,no,18184685074388252,https://www.instagram.com/jayson.cy,https://www.instagram.com/p/DZDH8YstgWl/c/18184685074388252,https://scontent-eze1-2.cdninstagram.com/v/t51.2885-19/39172309_2289003044461572_8525033169391452160_n.jpg?stp=dst-jpg_s150x150_tt6&efg=eyJ2ZW5jb2RlX3RhZyI6InByb2ZpbGVfcGljLmRqYW5nby43NDcuYzIifQ&_nc_ht=scontent-eze1-2.cdninstagram.com&_nc_cat=100&_nc_oc=Q6cZ2gE7ph9RLmoqayOiqdvrItJZIFCiBUdqGoAhcaOPdqRWDDhsUm06tXjG1yugRxnz8j8&_nc_ohc=iPde2uLB_J4Q7kNvwG-E4ka&_nc_gid=2aWIg5O-dyNAHJF8uLPhXA&edm=AI-cjbYBAAAA&ccb=7-5&oh=00_AQBRbUBfvIWhwFAIjjk64XwGlVZxUyQ73GZq7out-KX9tg&oe=6A6B0D74&_nc_sid=0985b0,1305
test-data3,true,mittel,§ 130 Abs. 1 StGB,Billigung Willkürmaßnahme,Ausdrückliche Zustimmung ('Er hat es richtig gemacht. Respekt dafür') zur antisemitischen Aushängung.,alijas1212,alijas1212,61383773740,2026-06-02 12:37:35,0,"Er hat es richtig gemacht.
Respekt dafür",no,18083436191556072,https://www.instagram.com/alijas1212,https://www.instagram.com/p/DZDH8YstgWl/c/18083436191556072,https://scontent-eze1-1.cdninstagram.com/v/t51.82787-19/541273293_17940878490045741_8339488331833110090_n.jpg?stp=dst-jpg_s150x150_tt6&efg=eyJ2ZW5jb2RlX3RhZyI6InByb2ZpbGVfcGljLmRqYW5nby43OTguYzIifQ&_nc_ht=scontent-eze1-1.cdninstagram.com&_nc_cat=109&_nc_oc=Q6cZ2gE4ZpSg3K8K4CXgmCgqdhTEgoaENtiVru7wPeBBkWq9BeGWfUto9y6znIxeIKzqXe8&_nc_ohc=52M1d8euMcIQ7kNvwFNrqbe&_nc_gid=L-K-GMCp7RfNOsPYRPV20w&edm=AI-cjbYBAAAA&ccb=7-5&oh=00_AQAMQ8ZR4V8gNXlX2kdc_MiGPBJl-d4jxaSbQzqvB9_RbQ&oe=6A6AF563&_nc_sid=0985b0,2549
test-data3,true,mittel,§ 130 Abs. 1 StGB; § 140 StGB,Billigung Willkürmaßnahme,"Bezeichnet das Hausverbot-Schild explizit als ""Super Aktion"" und billigt damit die Willkürmaßnahme gegen Juden.",padhh110,padhh110,21891136226,2026-06-02 00:18:21,0,Super Aktion vom Laden Besitzer 👏,no,17985316070829379,https://www.instagram.com/padhh110,https://www.instagram.com/p/DZDH8YstgWl/c/17985316070829379,https://scontent-eze1-1.cdninstagram.com/v/t51.82787-19/572975365_18103596946728227_2734585262317352226_n.jpg?stp=dst-jpg_s150x150_tt6&efg=eyJ2ZW5jb2RlX3RhZyI6InByb2ZpbGVfcGljLmRqYW5nby43MjAuZXhwZXJpbWVudGFsIn0&_nc_ht=scontent-eze1-1.cdninstagram.com&_nc_cat=111&_nc_oc=Q6cZ2gEHAd4s4MvHrLJWmu3oPBWPjeqPzqgZBpSItMDKHDlAfADhbFcwQXLduHGxcwH_dOU&_nc_ohc=-unuOwmc5BYQ7kNvwGHamjC&_nc_gid=-CdHnV4VDaSIVCvm0_KF4g&edm=AI-cjbYBAAAA&ccb=7-5&oh=00_AQAt07mNRAd2hGO_zhsgJlSnGt3t4CkuIVv6svNATL8X3A&oe=6A6B1845&_nc_sid=0985b0,998
test-data3,true,mittel,§ 130 Abs. 1 StGB; § 140 StGB,Billigung Willkürmaßnahme,Bezeichnet den Täter als 'Ehrenmann' mit 'Hausrecht' als abschließendes Argument und billigt damit die Tat.,m.m.t.24_,m.m.t.24_,57967184739,2026-06-25 14:57:35,0,Ein ehrenmann der Mann hat hausrecht.punkt,no,18118997146695794,https://www.instagram.com/m.m.t.24_,https://www.instagram.com/p/DZDH8YstgWl/c/18118997146695794,https://scontent-eze1-2.cdninstagram.com/v/t51.2885-19/495472003_17957957057928740_6408775765684130754_n.jpg?stp=dst-jpg_s150x150_tt6&efg=eyJ2ZW5jb2RlX3RhZyI6InByb2ZpbGVfcGljLmRqYW5nby4xMDgwLmMyIn0&_nc_ht=scontent-eze1-2.cdninstagram.com&_nc_cat=108&_nc_oc=Q6cZ2gHTX5slP2BuGB4y8iKdCp-TSYyRV_rVz3g2iRMhRh6c2RyNowtbhTHd0m3Xhv6nFf8&_nc_ohc=X67nKp_NhAAQ7kNvwHC_EgU&_nc_gid=ajkblY_tNho0CfTo5GwyzA&edm=AI-cjbYBAAAA&ccb=7-5&oh=00_AQCvhzto61ItcSd0DFO8gpxfMqAqGc9r7Xl7vzG0Im3CpQ&oe=6A6AFB8D&_nc_sid=0985b0,4589
test-data3,true,hoch,§ 130 Abs. 1 StGB,Aufstacheln zum Hass,"Pauschale Unterstellung, 'sie' (Juden) täten seit Jahrzehnten etwas Verwerfliches und seien deshalb weltweit unerwünscht - klassische Kollektivschuld- und Verschwörungszuschreibung, die zur Ausgrenzung aufstachelt.",simek.official,simek.official,66741291703,2026-06-02 14:29:36,0,Was is daran falsch ? Man sieht doch seit Jahrzehnten was sie weltweit machen ! Und komischerweise in vielen Ländern unerwünscht sind...warum wohl ???,no,18098369210163713,https://www.instagram.com/simek.official,https://www.instagram.com/p/DZDH8YstgWl/c/18098369210163713,https://scontent-eze1-1.cdninstagram.com/v/t51.2885-19/441730244_1123427552312925_5476244223219220993_n.jpg?stp=dst-jpg_s150x150_tt6&efg=eyJ2ZW5jb2RlX3RhZyI6InByb2ZpbGVfcGljLmRqYW5nby4xMDU0LmMyIn0&_nc_ht=scontent-eze1-1.cdninstagram.com&_nc_cat=109&_nc_oc=Q6cZ2gGR5NDZcZt3AnwYBQ0-_507faOIF4avG9vTfV9kiLA_UNqrSBalJ4jl2S4E_1CtZjI&_nc_ohc=sHIg9oaQs6IQ7kNvwFxANBk&_nc_gid=768vrnNyFr9oS5pDNOw9NQ&edm=AI-cjbYBAAAA&ccb=7-5&oh=00_AQDgtyKeipNf6AS8RQmp6Nlcl4VLR-03STbi5cUtV2ydxQ&oe=6A6AEE96&_nc_sid=0985b0,2849
test-data3,true,mittel,§ 130 Abs. 1 StGB; § 140 StGB,Billigung Willkürmaßnahme,"""Alles richtig gemacht der gute Herr"" billigt ausdrücklich die diskriminierende Handlung.",hauke_025,hauke_025,1332768999,2026-06-02 01:12:15,0,Alles richtig gemacht der gute Herr,no,17886461262399041,https://www.instagram.com/hauke_025,https://www.instagram.com/p/DZDH8YstgWl/c/17886461262399041,https://scontent-eze1-2.cdninstagram.com/v/t51.82787-19/649908374_18571760500033000_1837442236754124524_n.jpg?stp=dst-jpg_s150x150_tt6&efg=eyJ2ZW5jb2RlX3RhZyI6InByb2ZpbGVfcGljLmRqYW5nby4xMDgwLmMyIn0&_nc_ht=scontent-eze1-2.cdninstagram.com&_nc_cat=104&_nc_oc=Q6cZ2gET8FYLVDHjLOY2-7WXrnMMuz9M8ysX2H7Um7-yti_cYS1kL2X422U_vhP6P05U-XQ&_nc_ohc=uo8ioN2r8HwQ7kNvwGnG4Lb&_nc_gid=Ah3OrgViOGt8eUmGyPxOuw&edm=AI-cjbYBAAAA&ccb=7-5&oh=00_AQDAhHrpVetxvmApp_LYHoUgDYAaI5E42Nlj3judgYcOLw&oe=6A6AF096&_nc_sid=0985b0,1186
test-data3,true,mittel,§ 130 Abs. 1 StGB; § 185 StGB,Verhetzende Beleidigung,"Zensierte, aber erkennbar abwertende Bezeichnung der Gruppe ("",,,,,,,"") kombiniert mit Zustimmung zum Hausverbot – deutet auf verhetzende Beleidigung hin.",ado_sejdinovic,ado_sejdinovic,53056177693,2026-06-01 23:54:15,0,"Ja sicher ist das unfair, was ist mit seinem recht ??? Die werden ihm einfach genomen. Fakt ist freiheit ist das man sagen darf was man mag und was nicht,,, es ist nicht falch zu sagen das man diese ,,,,,,, nicht in seinem laden duldet",no,18398103478080435,https://www.instagram.com/ado_sejdinovic,https://www.instagram.com/p/DZDH8YstgWl/c/18398103478080435,https://scontent-eze1-1.cdninstagram.com/v/t51.2885-19/278113601_1094219961139178_7429375967427539679_n.jpg?stp=dst-jpg_s150x150_tt6&efg=eyJ2ZW5jb2RlX3RhZyI6InByb2ZpbGVfcGljLmRqYW5nby43MTMuYzIifQ&_nc_ht=scontent-eze1-1.cdninstagram.com&_nc_cat=102&_nc_oc=Q6cZ2gGlu2TtakB1xDbKfi4BNo0-s4dfM1nw6YA9byPcv6ChWsXQQi-QgihF67qfIFPkC0M&_nc_ohc=vtMVrHfsnFkQ7kNvwGFgIVO&_nc_gid=87l8pkCwb9zk7FPavy2aYg&edm=AI-cjbYBAAAA&ccb=7-5&oh=00_AQClQ2HTt2qwlmELafqk3fFxzASy-dia967DKT32JEafjg&oe=6A6B05ED&_nc_sid=0985b0,861
test-data3,true,mittel,§ 130 Abs. 1 StGB,Billigung Willkürmaßnahme,Zustimmung zum pauschalen Ausschluss der Gruppe ohne eigene Hetze; billigt die Willkürmaßnahme des Täters gegen Juden.,3x4c7i0n,3x4c7i0n,77397107256,2026-06-01 22:47:23,0,"Er hat doch recht, er kann rein lassen wen er möchte.",no,17887531446561604,https://www.instagram.com/3x4c7i0n,https://www.instagram.com/p/DZDH8YstgWl/c/17887531446561604,https://scontent-eze1-1.cdninstagram.com/v/t51.82787-19/571964303_17850670473579257_3220839791887652094_n.jpg?stp=dst-jpg_s150x150_tt6&efg=eyJ2ZW5jb2RlX3RhZyI6InByb2ZpbGVfcGljLmRqYW5nby4xMDgwLmMyIn0&_nc_ht=scontent-eze1-1.cdninstagram.com&_nc_cat=105&_nc_oc=Q6cZ2gGqzGKEOIV7JTFCvlWvdDfuGyj5_oW600tdZLriczK1ZKHcc2mJl8GvcXmKtuD7_Nw&_nc_ohc=dVdIyr93NaAQ7kNvwFU0SUt&_nc_gid=xiRHOO1PjwLqCKxzbVw8hQ&edm=AI-cjbYBAAAA&ccb=7-5&oh=00_AQB6ipQwPHPHPDOjtV45QgA0OZrvwhGl4oINh1ift2t2jw&oe=6A6B0803&_nc_sid=0985b0,485
test-data3,true,mittel,§ 130 Abs. 1 StGB,Billigung Willkürmaßnahme,"Lobt den Täter als mutig (""Einer von vielen mit Mut"") für das Aushängen des diskriminierenden Schilds und billigt damit die Tat.",julian.19oo_,julian.19oo_,13957804176,2026-06-02 19:20:23,0,Einer von vielen mit Mut,no,18100559222027553,https://www.instagram.com/julian.19oo_,https://www.instagram.com/p/DZDH8YstgWl/c/18100559222027553,https://scontent-eze1-2.cdninstagram.com/v/t51.82787-19/670769946_18148247131468177_8597347776478247088_n.jpg?stp=dst-jpg_s150x150_tt6&efg=eyJ2ZW5jb2RlX3RhZyI6InByb2ZpbGVfcGljLmRqYW5nby4xMDgwLmMyIn0&_nc_ht=scontent-eze1-2.cdninstagram.com&_nc_cat=101&_nc_oc=Q6cZ2gHCMwqI8f5yLtBEOEZ6vd4B-nthkMQk1xDe0at8I6Vl4BCLb-0KL5WZiyyjVOfpk3k&_nc_ohc=DaW4aNcZoDQQ7kNvwHMK2zc&_nc_gid=dsdtehCxXmeekBtG_A23yQ&edm=AI-cjbYBAAAA&ccb=7-5&oh=00_AQCcEufcWhRR6xSWtWEHp_ImjwERbPVKZXL4OYjc9BVFsw&oe=6A6AF8C8&_nc_sid=0985b0,3413
test-data3,true,mittel,§ 130 Abs. 1 StGB; § 140 StGB,Billigung Willkürmaßnahme,'Der Bruder hat alles richtig gemacht' billigt die Willkürmaßnahme gegen Juden.,patrick_69509,patrick_69509,57969969722,2026-06-02 16:05:45,0,Der Bruder hat alles richtig gemacht 🙌,no,18090587078623410,https://www.instagram.com/patrick_69509,https://www.instagram.com/p/DZDH8YstgWl/c/18090587078623410,https://scontent-for2-1.cdninstagram.com/v/t51.2885-19/573323465_1219825463302212_7278921664109726296_n.png?stp=dst-jpg_tt6&efg=eyJ2ZW5jb2RlX3RhZyI6InByb2ZpbGVfcGljLmRqYW5nby4xNTAuYzIifQ&_nc_ht=scontent-for2-1.cdninstagram.com&_nc_cat=1&_nc_oc=Q6cZ2gFkPiU_vBxXDI-MuCRD-enpjODCyqjTZDPrbOBUblxvUQh2HIlmFZv2eRvuImnbwTg&_nc_ohc=vUGxye7DTtYQ7kNvwFvoTtj&_nc_gid=JAiEdyqPn1TCg6mRrrFoEA&edm=AKRuJuEBAAAA&ccb=7-5&ig_cache_key=YW5vbnltb3VzX3Byb2ZpbGVfcGlj.3-ccb7-5&oh=00_AQB7WsAwx2pPD6nV_B8jMJb1B3eYM47XMc5W45oMDae4WQ&oe=6A6B08EA&_nc_sid=280a74,3074
test-data3,true,mittel,§ 130 Abs. 1 StGB,Billigung Willkürmaßnahme,'Richtig so' als klare Zustimmung zur Diskriminierung von Juden beim Zutritt zum Laden.,bose.papa,bose.papa,27038856127,2026-06-02 12:36:36,0,Richtig so. Er hat zu bestimmen wer rein kommt oder nicht,no,18066297389418580,https://www.instagram.com/bose.papa,https://www.instagram.com/p/DZDH8YstgWl/c/18066297389418580,https://scontent-eze1-2.cdninstagram.com/v/t51.82787-19/688729666_18099407845896128_5510686069554303593_n.jpg?stp=dst-jpg_s150x150_tt6&efg=eyJ2ZW5jb2RlX3RhZyI6InByb2ZpbGVfcGljLmRqYW5nby4xMDgwLmMyIn0&_nc_ht=scontent-eze1-2.cdninstagram.com&_nc_cat=108&_nc_oc=Q6cZ2gE4ZpSg3K8K4CXgmCgqdhTEgoaENtiVru7wPeBBkWq9BeGWfUto9y6znIxeIKzqXe8&_nc_ohc=pMAxRMVRyfEQ7kNvwFlZ0CQ&_nc_gid=L-K-GMCp7RfNOsPYRPV20w&edm=AI-cjbYBAAAA&ccb=7-5&oh=00_AQAeaQXij0Gu86VMbZxKn_Seuu36qhhO2Pe8Hg_tmTYISQ&oe=6A6AFC8F&_nc_sid=0985b0,2547
test-data3,true,mittel,§ 130 Abs. 1 StGB,Billigung Willkürmaßnahme,"""Ehrenmann"" lobt den wegen Volksverhetzung verurteilten Täter für sein Handeln.",erhanakin_04,erhanakin_04,8987119804,2026-06-01 22:59:11,0,Ehrenmann 👏🏼👏🏼👏🏼,no,17972917170063461,https://www.instagram.com/erhanakin_04,https://www.instagram.com/p/DZDH8YstgWl/c/17972917170063461,https://scontent-eze1-2.cdninstagram.com/v/t51.2885-19/441574855_1950683865334568_7417751610914154217_n.jpg?stp=dst-jpg_s150x150_tt6&efg=eyJ2ZW5jb2RlX3RhZyI6InByb2ZpbGVfcGljLmRqYW5nby4xMDgwLmMyIn0&_nc_ht=scontent-eze1-2.cdninstagram.com&_nc_cat=108&_nc_oc=Q6cZ2gGBum1Q58BRswcyt4o1w_rn4dUKv6nWE7wP7dawIJHPDPzILJCw7YNie2X0hWoHFyQ&_nc_ohc=4GhLemepl5UQ7kNvwFfACYr&_nc_gid=fcwYkie5ESBIkVsKnfz4GQ&edm=AI-cjbYBAAAA&ccb=7-5&oh=00_AQAh9hlw_M_Kf97lXfgaPQUQ6dqvLr88N66v8GgGCpCvEQ&oe=6A6AFD3E&_nc_sid=0985b0,550
test-data3,true,mittel,§ 130 Abs. 1 StGB,Billigung Willkürmaßnahme,"Bezeichnet den Täter als ""Ehrenmann"" mit Bezug auf ""mehr freie Meinung"" im Kontext der Zustimmung zum Hausverbotsschild und billigt die Diskriminierung.",svenwhoelse,svenwhoelse,506275917,2026-06-02 19:28:23,0,Ehrenmann... mehr freie Meinung.,no,18104199685824006,https://www.instagram.com/svenwhoelse,https://www.instagram.com/p/DZDH8YstgWl/c/18104199685824006,https://scontent-eze1-2.cdninstagram.com/v/t51.2885-19/432169219_242777032163521_8441662992785276153_n.jpg?stp=dst-jpg_s150x150_tt6&efg=eyJ2ZW5jb2RlX3RhZyI6InByb2ZpbGVfcGljLmRqYW5nby44NjguYzIifQ&_nc_ht=scontent-eze1-2.cdninstagram.com&_nc_cat=101&_nc_oc=Q6cZ2gHohZq7gjB2KqNBPUE1xUIYz3475E6H98x4JP7ZjalYxvwQe42ghoq85OPImbAnCMs&_nc_ohc=y5jpSSq7uj8Q7kNvwESHmyQ&_nc_gid=sepFE-NkmmDvunaX6CVJXw&edm=AI-cjbYBAAAA&ccb=7-5&oh=00_AQDuCgrVCwD8EOg3wWPQq3uXSpxjX3uVvnHUekXivqlU8Q&oe=6A6B09AB&_nc_sid=0985b0,3424
test-data3,true,hoch,§ 130 Abs. 1 StGB; § 166 StGB,Aufstacheln zum Hass,"Bezeichnet Juden verschwörungstheoretisch als ""langnasige Satanisten"" mit der Behauptung, Gesetze würden für sie aufgehoben - klassische antisemitische Stereotype (physische Klischees, Dämonisierung) und Verschwörungsnarrativ.",447251919r,447251919r,68038690944,2026-06-02 09:38:15,0,@x.ab963 jedes Gesetzt wird aufgehoben wenn es um die langnasigen Satanisten geht,no,17966563568914701,https://www.instagram.com/447251919r,https://www.instagram.com/p/DZDH8YstgWl/c/17966563568914701,https://scontent-gru2-1.cdninstagram.com/v/t51.2885-19/573323465_1219825463302212_7278921664109726296_n.png?stp=dst-webp&efg=eyJ2ZW5jb2RlX3RhZyI6InByb2ZpbGVfcGljLmRqYW5nby4xNTAuYzIifQ&_nc_ht=scontent-gru2-1.cdninstagram.com&_nc_cat=1&_nc_oc=Q6cZ2gHtV-nu4OCVa_4NxJk6TJy8W6dgP0xS5SD3rg8m_k8iVfi2fFLQTEiRFdKn35bFWwvuUTHq48fWddtPiKIYfc-N&_nc_ohc=vUGxye7DTtYQ7kNvwFw5CZK&_nc_gid=sLAuePLbgMF0SzpwgfhT7Q&edm=APs17CUBAAAA&ccb=7-5&ig_cache_key=YW5vbnltb3VzX3Byb2ZpbGVfcGlj.3-ccb7-5&oh=00_AQB0pcBeUlB8tTmM_ial849jYcW2-YFlaps-VXo5BlzjzQ&oe=6A6B08EA&_nc_sid=10d13b,2109
test-data3,true,mittel,§ 130 Abs. 1 StGB; § 111 StGB,Aufforderung zu Straftaten,"Wünscht sich, dass mehr Menschen dasselbe tun (antisemitisches Hausverbotsschild anbringen), was eine Aufforderung zur Nachahmung darstellt.",ragibekav,ragibekav,59483480443,2026-06-02 21:08:38,0,Er hatte Recht ich wünschte es wäre noch mehr Menschen die das machen,no,17998474907940277,https://www.instagram.com/ragibekav,https://www.instagram.com/p/DZDH8YstgWl/c/17998474907940277,https://scontent-eze1-1.cdninstagram.com/v/t51.2885-19/347696952_1269322887293673_5098822881892073665_n.jpg?stp=dst-jpg_s150x150_tt6&efg=eyJ2ZW5jb2RlX3RhZyI6InByb2ZpbGVfcGljLmRqYW5nby43MjAuYzIifQ&_nc_ht=scontent-eze1-1.cdninstagram.com&_nc_cat=109&_nc_oc=Q6cZ2gE2bojbap4RUvKcV8mx8LHr8UFOAVxuui7HNm6VVpWCUO1zCIm7UPBSFslH3liKrck&_nc_ohc=1cuMgYRVcEkQ7kNvwFj9VG7&_nc_gid=8D_VVpIV4k7R6j0rJjp3CQ&edm=AI-cjbYBAAAA&ccb=7-5&oh=00_AQB8C7kpdTzCA6Jc84CqoFEZl1FeXKTUkExXpyag0fSqkQ&oe=6A6AE717&_nc_sid=0985b0,3577
test-data3,true,mittel,§ 140 StGB,Billigung Willkürmaßnahme,Ruft zur Einrichtung eines Spendenlinks für den wegen Volksverhetzung Verurteilten auf und billigt damit dessen Tat.,pahisk_x,pahisk_x,65639511382,2026-06-16 11:18:15,0,Wir Müssen den Mann Ein Spenden Link aufmachen,no,17940154485083338,https://www.instagram.com/pahisk_x,https://www.instagram.com/p/DZDH8YstgWl/c/17940154485083338,https://scontent-eze1-2.cdninstagram.com/v/t51.2885-19/450094606_353683901104923_5877026956609738108_n.jpg?stp=dst-jpg_s150x150_tt6&efg=eyJ2ZW5jb2RlX3RhZyI6InByb2ZpbGVfcGljLmRqYW5nby4xMDgwLmMyIn0&_nc_ht=scontent-eze1-2.cdninstagram.com&_nc_cat=103&_nc_oc=Q6cZ2gHRFb-B3tohTWcCxRihPg-ktTlgOlE0Rik0RUKAPRiVzUeDH-iJnFZcnX1tlT9GFnw&_nc_ohc=1jcKyHrtCEQQ7kNvwGXG2Qt&_nc_gid=5paS-sl8DOudsTvMKTYtHg&edm=AI-cjbYBAAAA&ccb=7-5&oh=00_AQC5prDFAICYGsnf8O5qUqpN6brSCt2efm8AKMnI3ENruw&oe=6A6B1AD3&_nc_sid=0985b0,4557
test-data3,true,mittel,§ 130 Abs. 1 StGB,Billigung Willkürmaßnahme,"Möchte das Lokal gezielt unterstützen, das für das antisemitische Hausverbotsschild bekannt ist.",onurx.98,onurx.98,3158260370,2026-06-02 23:19:06,0,"Wo ist das, ich möchte das Lokal gerne unterstützen :)",no,17966604914915986,https://www.instagram.com/onurx.98,https://www.instagram.com/p/DZDH8YstgWl/c/17966604914915986,https://scontent-eze1-2.cdninstagram.com/v/t51.82787-19/543734967_18419734330108371_94449363427075936_n.jpg?stp=dst-jpg_s150x150_tt6&efg=eyJ2ZW5jb2RlX3RhZyI6InByb2ZpbGVfcGljLmRqYW5nby4xMDgwLmMyIn0&_nc_ht=scontent-eze1-2.cdninstagram.com&_nc_cat=103&_nc_oc=Q6cZ2gERgIR57PGJQjAfagnYllbqOlbkmzVMuJsDtvITSzmZ5DfDmPmqhADXrIgm6K3cTYM&_nc_ohc=ipMSlgGOKVwQ7kNvwE6Olcb&_nc_gid=HGSqkHt81WSA98SNMaQAvA&edm=AI-cjbYBAAAA&ccb=7-5&oh=00_AQDmJKTpqv1Rx6_FCL0RNv8tIHD1QszTT2Ch198fHVC6KQ&oe=6A6B1E02&_nc_sid=0985b0,3735
test-data3,true,mittel,§ 130 Abs. 1 StGB,Billigung Willkürmaßnahme,"Autor erklärt, er hätte den Ausschluss von Juden 'genauso gemacht', billigt damit ausdrücklich die Willkürmaßnahme.",bilal_se95,bilal_se95,1974539329,2026-06-02 12:36:01,0,"Das ist sein Eigentum. Er darf entscheiden, wer bei ihm reinkommt und wer nicht, hätte ich genauso gemacht.👍",no,18087934679613148,https://www.instagram.com/bilal_se95,https://www.instagram.com/p/DZDH8YstgWl/c/18087934679613148,https://scontent-eze1-1.cdninstagram.com/v/t51.82787-19/702637188_18559932358067330_106764208013829616_n.jpg?stp=dst-jpg_s150x150_tt6&efg=eyJ2ZW5jb2RlX3RhZyI6InByb2ZpbGVfcGljLmRqYW5nby40MjYuYzIifQ&_nc_ht=scontent-eze1-1.cdninstagram.com&_nc_cat=102&_nc_oc=Q6cZ2gE4ZpSg3K8K4CXgmCgqdhTEgoaENtiVru7wPeBBkWq9BeGWfUto9y6znIxeIKzqXe8&_nc_ohc=Wq2NkEZz79MQ7kNvwG9FlOl&_nc_gid=L-K-GMCp7RfNOsPYRPV20w&edm=AI-cjbYBAAAA&ccb=7-5&oh=00_AQDXrgq3m408tPLgFWV_n7B2xE2VGSkivBu2BDYpJU045w&oe=6A6B0773&_nc_sid=0985b0,2546
test-data3,true,mittel,§ 130 Abs. 1 StGB,Billigung Willkürmaßnahme,"Kurze, klare Zustimmung ('Alles richtig gemacht') zum Ausschluss von Juden aus dem Laden.",antonella_666__,antonella_666__,60921723196,2026-06-02 11:45:27,0,Alles richtig gemacht,no,17890523226482390,https://www.instagram.com/antonella_666__,https://www.instagram.com/p/DZDH8YstgWl/c/17890523226482390,https://scontent-eze1-1.cdninstagram.com/v/t51.82787-19/620862807_17957850732027197_264368639018852888_n.jpg?stp=dst-jpg_s150x150_tt6&efg=eyJ2ZW5jb2RlX3RhZyI6InByb2ZpbGVfcGljLmRqYW5nby40MTUuYzIifQ&_nc_ht=scontent-eze1-1.cdninstagram.com&_nc_cat=105&_nc_oc=Q6cZ2gHKtADRaPxrYZmoUJJp7IMWO0vOh00IppPWgfsjFILBSVFxPgmlQz6P10hXAZgMICM&_nc_ohc=3yxbAGm_4TEQ7kNvwF48nDy&_nc_gid=oCCKEzxtj_rHizWsU02WpA&edm=AI-cjbYBAAAA&ccb=7-5&oh=00_AQCY6YInNpcyvuUsl9G4YVbOcsn5p9nCpANF30oqdbMNlA&oe=6A6B064C&_nc_sid=0985b0,2436
test-data3,true,mittel,§ 130 Abs. 1 StGB,Billigung Willkürmaßnahme,"Bezeichnung als 'Ehrenmann' mit Ankündigung, ihn durch Besuche zu unterstützen, billigt die Handlung gegenüber Juden.",jackblade19800,jackblade19800,68472129006,2026-06-02 12:31:49,0,Ehrenmann.  Ich würde jeden Tag dort essen und immer fett spendieren,no,17945601573211620,https://www.instagram.com/jackblade19800,https://www.instagram.com/p/DZDH8YstgWl/c/17945601573211620,https://scontent-eze1-2.cdninstagram.com/v/t51.2885-19/454403385_371648132423544_4977704807849060157_n.jpg?stp=dst-jpg_s150x150_tt6&efg=eyJ2ZW5jb2RlX3RhZyI6InByb2ZpbGVfcGljLmRqYW5nby4xMDgwLmMyIn0&_nc_ht=scontent-eze1-2.cdninstagram.com&_nc_cat=100&_nc_oc=Q6cZ2gE4ZpSg3K8K4CXgmCgqdhTEgoaENtiVru7wPeBBkWq9BeGWfUto9y6znIxeIKzqXe8&_nc_ohc=I3pX077GMwgQ7kNvwFS8dOG&_nc_gid=L-K-GMCp7RfNOsPYRPV20w&edm=AI-cjbYBAAAA&ccb=7-5&oh=00_AQA9KGUVgytRIAHUgI6SFJC8PeNA0uUKEa5wUJMpBzDjCA&oe=6A6B10B5&_nc_sid=0985b0,2531
test-data3,true,mittel,§ 130 Abs. 1 StGB,Verschwörungsnarrativ/Aufstacheln zum Hass,"""Sie besitzen doch Deutschland"" ist eine pauschale antisemitische Verschwörungserzählung, dass Juden Deutschland kontrollieren, und macht die Gruppe kollektiv verächtlich.",sajjadsajjadi18,sajjadsajjadi18,76013931831,2026-06-02 21:20:01,0,Warum denn?Sie besitzen doch Deutschland 😂😂😂,no,18117414376698409,https://www.instagram.com/sajjadsajjadi18,https://www.instagram.com/p/DZDH8YstgWl/c/18117414376698409,https://scontent-eze1-2.cdninstagram.com/v/t51.82787-19/658646904_17880715251531832_4366437507119253576_n.jpg?stp=dst-jpg_s150x150_tt6&efg=eyJ2ZW5jb2RlX3RhZyI6InByb2ZpbGVfcGljLmRqYW5nby4xMDgwLmMyIn0&_nc_ht=scontent-eze1-2.cdninstagram.com&_nc_cat=104&_nc_oc=Q6cZ2gE_cNcSO2qfGLAZ8ygOUJsiffrN3BhX-exemmTunhu2kadWKTpLPza4mr_YevnkrKs&_nc_ohc=jLa4SCinQjAQ7kNvwHuax0h&_nc_gid=RcMBT0Msm-52mftmbJkokg&edm=AI-cjbYBAAAA&ccb=7-5&oh=00_AQAECXHp2RXcVtjF-q626nTiYKY7a7fBZohi2NpbCZYy2Q&oe=6A6AE9BC&_nc_sid=0985b0,3603
test-data3,true,mittel,§ 130 Abs. 1 StGB,Billigung Willkürmaßnahme,"Schlägt vor, statt ""Juden"" direkt ""Israel"" zu schreiben, was den Schild-Inhalt weiterhin als grundsätzlich richtig ansieht und lediglich eine ""treffendere"" Formulierung der Diskriminierung vorschlägt.",kraxberger.can,kraxberger.can,4605698436,2026-06-02 20:26:52,0,Hätte einfach israel schreiben müssen,no,18063745688462720,https://www.instagram.com/kraxberger.can,https://www.instagram.com/p/DZDH8YstgWl/c/18063745688462720,https://scontent-eze1-2.cdninstagram.com/v/t51.2885-19/279228087_789461599076923_607920633450350026_n.jpg?stp=dst-jpg_s150x150_tt6&efg=eyJ2ZW5jb2RlX3RhZyI6InByb2ZpbGVfcGljLmRqYW5nby4xMDgwLmMyIn0&_nc_ht=scontent-eze1-2.cdninstagram.com&_nc_cat=107&_nc_oc=Q6cZ2gGrJKeuMTfTuMA_-VtYbwwYmwHIRRUVv54fIYXckJgPuRnQlQNVP_97Fp78u0W_DP4&_nc_ohc=EP48f63u6tYQ7kNvwGWI9OI&_nc_gid=C7bL2BjTUILkjsEm0q5plw&edm=AI-cjbYBAAAA&ccb=7-5&oh=00_AQB-mkXJUP5XVYfXMXnj7x_P2xq_Hg4D2Gw-7uDNz1HR1Q&oe=6A6AF79B&_nc_sid=0985b0,3508
test-data3,true,mittel,§ 130 Abs. 1 StGB,Billigung Willkürmaßnahme,"""Ein Ehrenmann"" billigt die Tat des wegen Volksverhetzung Verurteilten.",beharzeqiri29,beharzeqiri29,13699913777,2026-06-01 23:56:28,0,Ein Ehrenmann,no,18203560585342749,https://www.instagram.com/beharzeqiri29,https://www.instagram.com/p/DZDH8YstgWl/c/18203560585342749,https://scontent-eze1-1.cdninstagram.com/v/t51.82787-19/670881291_18152708197457778_3440586034190801545_n.jpg?stp=dst-jpg_s150x150_tt6&efg=eyJ2ZW5jb2RlX3RhZyI6InByb2ZpbGVfcGljLmRqYW5nby4xMDgwLmMyIn0&_nc_ht=scontent-eze1-1.cdninstagram.com&_nc_cat=106&_nc_oc=Q6cZ2gGlu2TtakB1xDbKfi4BNo0-s4dfM1nw6YA9byPcv6ChWsXQQi-QgihF67qfIFPkC0M&_nc_ohc=neuN4iOQT5QQ7kNvwHaFznl&_nc_gid=87l8pkCwb9zk7FPavy2aYg&edm=AI-cjbYBAAAA&ccb=7-5&oh=00_AQBgZh7_owLdm_axaWgDzO1fhb8rVy2YEaIv7yC4jLbvFw&oe=6A6B05D7&_nc_sid=0985b0,877
test-data3,true,mittel,§ 130 Abs. 1 StGB,Sonstiges,"Vergleich mit ""Ungeimpfte betreten verboten"" im Kontext der Verteidigung des Schildes relativiert die Gruppenausgrenzung und billigt sie implizit; Graubereich Kontext prüfenswert.",flummy_41,flummy_41,12499705429,2026-06-01 23:47:18,0,Ungeimpfte betreten verboten,no,17986748859003847,https://www.instagram.com/flummy_41,https://www.instagram.com/p/DZDH8YstgWl/c/17986748859003847,https://scontent-eze1-2.cdninstagram.com/v/t51.2885-19/462592630_498394579850923_2471974940518350973_n.jpg?stp=dst-jpg_s150x150_tt6&efg=eyJ2ZW5jb2RlX3RhZyI6InByb2ZpbGVfcGljLmRqYW5nby4xMDgwLmMyIn0&_nc_ht=scontent-eze1-2.cdninstagram.com&_nc_cat=107&_nc_oc=Q6cZ2gFhilJlQ99O1jtrcOJcjPPcfTJolvLXvQipHr-NHxo8hYVf9VDC7jEYfuVoKAU6_cU&_nc_ohc=kFvOmFy2_MMQ7kNvwHYJSuj&_nc_gid=8LPNe_VJabXRKNQEViP9sA&edm=AI-cjbYBAAAA&ccb=7-5&oh=00_AQAc5dfgzkWPbTWNHFQlUC5HwkTOpZCsn4IDfNl7RRnXww&oe=6A6B0A11&_nc_sid=0985b0,823
test-data3,true,hoch,§ 130 Abs. 1 StGB; § 111 StGB,Aufforderung zu Straftaten,"Fordert, dass 'sie' (Juden) 'überall Hausverbot bekommen' sollten - direkte Aufforderung zu einer flächendeckenden Willkürmaßnahme gegen eine Bevölkerungsgruppe.",atakan.250,atakan.250,42916407711,2026-06-02 14:33:12,0,Sollten überall Hausverbot bekommen,no,18094168766216050,https://www.instagram.com/atakan.250,https://www.instagram.com/p/DZDH8YstgWl/c/18094168766216050,https://scontent-eze1-2.cdninstagram.com/v/t51.82787-19/753205121_18093059738431712_8249295779792577885_n.jpg?stp=dst-jpg_s150x150_tt6&efg=eyJ2ZW5jb2RlX3RhZyI6InByb2ZpbGVfcGljLmRqYW5nby4xMDgwLmMyIn0&_nc_ht=scontent-eze1-2.cdninstagram.com&_nc_cat=108&_nc_oc=Q6cZ2gGIPZ8-ZhKuHQysFuAhR_hlkDTfEb29CbufMAkTmvkGw9oEMCahO97976yaNrxU_-Q&_nc_ohc=x7S5Q3EE9yAQ7kNvwHUCpm2&_nc_gid=tFH9vaNpUjdfCKd1GklJ2g&edm=AI-cjbYBAAAA&ccb=7-5&oh=00_AQBU1sLHdR9EyKE1xSkehvhKNY4wD7tZ8LnTz2J410lL_w&oe=6A6B0810&_nc_sid=0985b0,2857
test-data3,true,mittel,§ 140 StGB,Billigung Willkürmaßnahme,Fordert zur Spendensammlung für die Geldstrafe des wegen Volksverhetzung Verurteilten auf und bezeichnet ihn als 'Ehrenmann'.,nawid.30.09,nawid.30.09,2513998276,2026-06-17 22:08:55,0,"Mach ein Spendenkonto, wirst innerhalb halben Tag die 1200€ erreichen. Ehrenmann 💪🏾",no,18118312018833185,https://www.instagram.com/nawid.30.09,https://www.instagram.com/p/DZDH8YstgWl/c/18118312018833185,https://scontent-eze1-2.cdninstagram.com/v/t51.82787-19/724045424_18397802842086277_9219103668442113061_n.jpg?stp=dst-jpg_s150x150_tt6&efg=eyJ2ZW5jb2RlX3RhZyI6InByb2ZpbGVfcGljLmRqYW5nby4xMDgwLmMyIn0&_nc_ht=scontent-eze1-2.cdninstagram.com&_nc_cat=101&_nc_oc=Q6cZ2gHRFb-B3tohTWcCxRihPg-ktTlgOlE0Rik0RUKAPRiVzUeDH-iJnFZcnX1tlT9GFnw&_nc_ohc=tsx2mAuCbD4Q7kNvwHf4Ykt&_nc_gid=5paS-sl8DOudsTvMKTYtHg&edm=AI-cjbYBAAAA&ccb=7-5&oh=00_AQCo2d1sx_YSfuNUFu5-6lPsDirIWDPHcD4mf74TuWo9BQ&oe=6A6B13E4&_nc_sid=0985b0,4566
test-data3,true,mittel,§ 130 Abs. 1 StGB; § 140 StGB,Billigung Willkürmaßnahme,"""Hat er gut gemacht"" billigt explizit die Handlung des Täters gegen Juden.",demirsiraj,demirsiraj,70293190415,2026-06-02 00:48:50,0,Hat er gut gemacht 👍,no,18079024325199600,https://www.instagram.com/demirsiraj,https://www.instagram.com/p/DZDH8YstgWl/c/18079024325199600,https://scontent-eze1-1.cdninstagram.com/v/t51.2885-19/468136137_838704418201475_8295507922015027792_n.jpg?stp=dst-jpg_s150x150_tt6&efg=eyJ2ZW5jb2RlX3RhZyI6InByb2ZpbGVfcGljLmRqYW5nby4xMDgwLmMyIn0&_nc_ht=scontent-eze1-1.cdninstagram.com&_nc_cat=111&_nc_oc=Q6cZ2gFGol7qb3X3CS0h-v7KrbACorAlMG6bngrCn_16G1vR-jdIW-LglFk994SIYGR0lJs&_nc_ohc=G5bPCavs4HsQ7kNvwFhIXqu&_nc_gid=aaM4gx5cCxKlb4t5Rlom1A&edm=AI-cjbYBAAAA&ccb=7-5&oh=00_AQBq8zZi6YqEUmFs8Z7lwNoVBAPgFGT37q5rJXqcDSD39Q&oe=6A6B0CDA&_nc_sid=0985b0,1112
test-data3,true,hoch,§ 130 Abs. 1 StGB; § 111 StGB,Aufforderung zu Straftaten,"Fordert explizit, dass jeder Laden ein solches Schild haben sollte, und ruft damit zur Nachahmung der als Volksverhetzung gewerteten Tat auf.",akiluu1221,akiluu1221,16467449833,2026-06-01 23:04:19,0,Bravo 🙌 So ein Schild sollte in jedem Laden sein 👏,no,17862571767651615,https://www.instagram.com/akiluu1221,https://www.instagram.com/p/DZDH8YstgWl/c/17862571767651615,https://scontent-eze1-1.cdninstagram.com/v/t51.82787-19/645740164_18128466328545834_3446565213388445272_n.jpg?stp=dst-jpg_s150x150_tt6&efg=eyJ2ZW5jb2RlX3RhZyI6InByb2ZpbGVfcGljLmRqYW5nby43ODYuYzIifQ&_nc_ht=scontent-eze1-1.cdninstagram.com&_nc_cat=106&_nc_oc=Q6cZ2gGoRh-mGgodevo4QlLspcX7B8PahW0b8SB6NS1m_8fonqYph2qz5QBeTw_2RxmZW1Y&_nc_ohc=Dr5KETcgy0EQ7kNvwELjgSh&_nc_gid=vgJ0G_fMNYvbt8D-6xUDjQ&edm=AI-cjbYBAAAA&ccb=7-5&oh=00_AQC1Pbumk1iXeH3XOnPHYXUZgjPXvqLBHGUSrCXn98TxRQ&oe=6A6AF75F&_nc_sid=0985b0,576
test-data3,true,mittel,§ 130 Abs. 1 StGB,Aufstacheln zum Hass,"Rechtfertigt den pauschalen Ausschluss mit Kollektivschuld-Argument bezogen auf ""aktuelle Angriffe Israels"".",_cockpuncher_,_cockpuncher_,5882603731,2026-06-01 23:44:47,0,"Aber wieso auch! In Verbindung mit den aktuellen angriffen Israels, finde ich das okay.",no,17897883087459964,https://www.instagram.com/_cockpuncher_,https://www.instagram.com/p/DZDH8YstgWl/c/17897883087459964,https://scontent-eze1-2.cdninstagram.com/v/t51.2885-19/403698437_1774212593029903_2239062073675867100_n.jpg?stp=dst-jpg_s150x150_tt6&efg=eyJ2ZW5jb2RlX3RhZyI6InByb2ZpbGVfcGljLmRqYW5nby4zMTYuYzIifQ&_nc_ht=scontent-eze1-2.cdninstagram.com&_nc_cat=107&_nc_oc=Q6cZ2gFhilJlQ99O1jtrcOJcjPPcfTJolvLXvQipHr-NHxo8hYVf9VDC7jEYfuVoKAU6_cU&_nc_ohc=k9DT-dipDiQQ7kNvwGWn1AJ&_nc_gid=8LPNe_VJabXRKNQEViP9sA&edm=AI-cjbYBAAAA&ccb=7-5&oh=00_AQAHZD4KnjIahXGPdYDH0QOaBAn-vjA8dFakyVALP1TzlQ&oe=6A6B07F3&_nc_sid=0985b0,804
test-data3,true,mittel,§ 130 Abs. 1 StGB; § 140 StGB,Billigung Willkürmaßnahme,"Ausdrückliche Zustimmung, dass der Täter mit dem Ausschluss von Juden 'alles richtig gemacht' habe, billigt die Willkürmaßnahme.",mr.vz.63,mr.vz.63,74752601759,2026-06-02 14:57:02,0,Der Typ mit den Plakat hat alles richtig gemacht,no,18007299020867687,https://www.instagram.com/mr.vz.63,https://www.instagram.com/p/DZDH8YstgWl/c/18007299020867687,https://scontent-eze1-2.cdninstagram.com/v/t51.82787-19/718118399_17891931024489760_4072292732772225914_n.jpg?stp=dst-jpg_s150x150_tt6&efg=eyJ2ZW5jb2RlX3RhZyI6InByb2ZpbGVfcGljLmRqYW5nby4xMDgwLmMyIn0&_nc_ht=scontent-eze1-2.cdninstagram.com&_nc_cat=104&_nc_oc=Q6cZ2gHeTPG5NmUIN67OwskkgEV31A7o7BU2eqOs5dFH5ojJYhOw8jjLyD2Qtbe3RGQa6E8&_nc_ohc=tnM_dWedHPsQ7kNvwGfVg3t&_nc_gid=WrB3c6hiObVFQhzxAiQYWQ&edm=AI-cjbYBAAAA&ccb=7-5&oh=00_AQAxce_vDVgjnnh9Ze-3VzXaQPzvJEm7MqX9PPwEei3GJw&oe=6A6B1B7F&_nc_sid=0985b0,2920
test-data3,true,hoch,§ 130 Abs. 1 StGB,Aufstacheln zum Hass,Kollektivschuld-Zuschreibung an Juden/Israelis als Gruppe wegen des Gaza-Konflikts ('so viele Kinder wie die getötet haben') zur Rechtfertigung ihres Ausschlusses aus dem Laden.,44._lara,44._lara,59570917053,2026-06-15 21:19:17,0,Kein Wunder so viele Kinder wie die getötet haben würde ich die auch nicht in meinem Laden haben wollen,no,18090669383617310,https://www.instagram.com/44._lara,https://www.instagram.com/p/DZDH8YstgWl/c/18090669383617310,https://scontent-eze1-1.cdninstagram.com/v/t51.82787-19/753275709_17970243668989054_7213127079891789934_n.jpg?stp=dst-jpg_s150x150_tt6&efg=eyJ2ZW5jb2RlX3RhZyI6InByb2ZpbGVfcGljLmRqYW5nby4xMDgwLmMyIn0&_nc_ht=scontent-eze1-1.cdninstagram.com&_nc_cat=110&_nc_oc=Q6cZ2gHRFb-B3tohTWcCxRihPg-ktTlgOlE0Rik0RUKAPRiVzUeDH-iJnFZcnX1tlT9GFnw&_nc_ohc=66iZmeK3ZoAQ7kNvwEEvHUc&_nc_gid=5paS-sl8DOudsTvMKTYtHg&edm=AI-cjbYBAAAA&ccb=7-5&oh=00_AQDVwe02AqY7vzLwARvW4O2BveaAS_gX0wTu0h3SAuTQKA&oe=6A6B15FC&_nc_sid=0985b0,4550
test-data3,true,mittel,§ 130 Abs. 1 StGB,Billigung Willkürmaßnahme,"Vorschlag eines alternativen Ausschluss-Schilds (""Zutritt nur für Menschen aus Gaza"") im Kontext der Debatte deutet auf Zustimmung zu gruppenbezogenem Ausschluss hin; grenzwertig.",fassbender.heinz,fassbender.heinz,48628825780,2026-06-03 11:25:08,0,Ich würde es so schreiben : Zutritt nur für Menschen aus dem Gaza,no,18130369951594564,https://www.instagram.com/fassbender.heinz,https://www.instagram.com/p/DZDH8YstgWl/c/18130369951594564,https://scontent-eze1-1.cdninstagram.com/v/t51.2885-19/467656584_579047394623237_8770022690518645429_n.jpg?stp=dst-jpg_s150x150_tt6&efg=eyJ2ZW5jb2RlX3RhZyI6InByb2ZpbGVfcGljLmRqYW5nby4xMDgwLmMyIn0&_nc_ht=scontent-eze1-1.cdninstagram.com&_nc_cat=105&_nc_oc=Q6cZ2gHc3-fgprct0i8sjehwBXeu5pPfvY6lwB18gSXASkuyxgO1cNGQcbSs9fIsv4xSFSM&_nc_ohc=IouvNtSGjXgQ7kNvwHj7fx2&_nc_gid=eNc47n5sAq3Asp7HTY4qUw&edm=AI-cjbYBAAAA&ccb=7-5&oh=00_AQCfxptoaun8-XWSBaaY1ygEiAWJNo5bX2XWqL0pobrXwg&oe=6A6B0F43&_nc_sid=0985b0,3931
test-data3,true,mittel,§ 130 Abs. 1 StGB,Verhetzende Beleidigung,"""guter goy. Schön weiter so"" ist eine verhöhnende antisemitische Codeäußerung, die Nichtjuden abwertend als jüdischen Interessen dienstbar darstellt.",jxstin4716,jxstin4716,654966873,2026-06-02 03:37:32,0,@byannie.c guter goy. Schön weiter so :)👍🏽,no,18116615329796661,https://www.instagram.com/jxstin4716,https://www.instagram.com/p/DZDH8YstgWl/c/18116615329796661,https://scontent-eze1-1.cdninstagram.com/v/t51.2885-19/436234659_1478524269421835_3403084669429326043_n.jpg?stp=dst-jpg_s150x150_tt6&efg=eyJ2ZW5jb2RlX3RhZyI6InByb2ZpbGVfcGljLmRqYW5nby4xMDgwLmMyIn0&_nc_ht=scontent-eze1-1.cdninstagram.com&_nc_cat=111&_nc_oc=Q6cZ2gGEUVlwyx036ELUK59e7yBVoINgsBY1tFz7q1splVZBEbnMU4AfDCj6j10SgQjC6Pc&_nc_ohc=UemJ2rypU2gQ7kNvwEiVjJK&_nc_gid=c19lO8krs_OX3Tgb35XYUw&edm=AI-cjbYBAAAA&ccb=7-5&oh=00_AQCvhIx47ieokDqAx6m0MhFvz70p7GWWs9aTXQEQ5F-VTA&oe=6A6AEF41&_nc_sid=0985b0,1592
test-data3,true,mittel,§ 130 Abs. 1 StGB; § 140 StGB,Billigung Willkürmaßnahme,"Ruft dazu auf, dem Täter finanziell zu helfen und unterstützt damit demonstrativ die diskriminierende Handlung.",ekrlte38,ekrlte38,52322174891,2026-06-02 01:07:04,0,Der soll ein Spendenlink raus hauen ich bin ein Hund wenn ich dem nicht helfe,no,18162006643453835,https://www.instagram.com/ekrlte38,https://www.instagram.com/p/DZDH8YstgWl/c/18162006643453835,https://scontent-eze1-2.cdninstagram.com/v/t51.82787-19/681728933_18050462960750892_718765259314831236_n.jpg?stp=dst-jpg_s150x150_tt6&efg=eyJ2ZW5jb2RlX3RhZyI6InByb2ZpbGVfcGljLmRqYW5nby4xMDgwLmMyIn0&_nc_ht=scontent-eze1-2.cdninstagram.com&_nc_cat=100&_nc_oc=Q6cZ2gET8FYLVDHjLOY2-7WXrnMMuz9M8ysX2H7Um7-yti_cYS1kL2X422U_vhP6P05U-XQ&_nc_ohc=oggJt2CYCMYQ7kNvwElaW7R&_nc_gid=Ah3OrgViOGt8eUmGyPxOuw&edm=AI-cjbYBAAAA&ccb=7-5&oh=00_AQAh-7VyzG6ucYUYHt1LkPp-H-yMvPzW27_C_2-Hpqpiwg&oe=6A6B1E04&_nc_sid=0985b0,1165
test-data3,true,mittel,§ 130 Abs. 1 StGB,Sonstiges,"Fordert, dass jeder, der die Feier des Vorfalls (Zustimmung zum antisemitischen Schild) gutheißt, nach Palästina abgeschoben werden solle - kollektive Ausgrenzungsforderung, Bezug unklar/grenzwertig, eher gegen Täterunterstützer gerichtet, daher nur mittel zur Prüfung.",lucafrauke161,lucafrauke161,79483653625,2026-06-02 08:34:52,0,"Jeder der dass feiert, sollte nach Palestina abgeschoben werden",no,17942511090215526,https://www.instagram.com/lucafrauke161,https://www.instagram.com/p/DZDH8YstgWl/c/17942511090215526,https://instagram.frec17-1.fna.fbcdn.net/v/t51.2885-19/573323465_1219825463302212_7278921664109726296_n.png?stp=dst-webp&efg=eyJ2ZW5jb2RlX3RhZyI6InByb2ZpbGVfcGljLmRqYW5nby4xNTAuYzIifQ&_nc_ht=instagram.frec17-1.fna.fbcdn.net&_nc_cat=1&_nc_oc=Q6cZ2gGD0w3A03RnbX9AIa-gNDSs2HtqM7OCcbbZ6Rgf16uFMAYKwxDGI9twQLiP8jIzPQY&_nc_ohc=vUGxye7DTtYQ7kNvwHHDQW4&_nc_gid=KLbyb1OSxOoqbDAy455mSw&edm=AJ9x6zYBAAAA&ccb=7-5&ig_cache_key=YW5vbnltb3VzX3Byb2ZpbGVfcGlj.3-ccb7-5&oh=00_AQCBLeoDmdwnjXfyyqsva9FU83V3dWgMwBexH108LKGB-g&oe=6A6B08EA&_nc_sid=65462d,1929
test-data3,true,mittel,§ 130 Abs. 1 StGB; § 140 StGB,Billigung Willkürmaßnahme,"Erklärt, selbst genauso zu handeln und bezeichnet die Aktion als ""Hammer Aktion""; billigt ausdrücklich die Nachahmung der diskriminierenden Handlung.",natyaretia,natyaretia,48489028140,2026-06-02 01:35:15,0,Würde das bei meinem Laden genauso machen!!! Hammer Aktion,no,18113408416841576,https://www.instagram.com/natyaretia,https://www.instagram.com/p/DZDH8YstgWl/c/18113408416841576,https://scontent-eze1-2.cdninstagram.com/v/t51.82787-19/753381716_18098218622620141_3723444878854245014_n.jpg?stp=dst-jpg_s150x150_tt6&efg=eyJ2ZW5jb2RlX3RhZyI6InByb2ZpbGVfcGljLmRqYW5nby4xMDgwLmMyIn0&_nc_ht=scontent-eze1-2.cdninstagram.com&_nc_cat=101&_nc_oc=Q6cZ2gGxS6S0mFeiim_iEpNQqAAkM_oXWrox0S1v0AIaHYVylAjhfZx_gxcoGlTtRb37hok&_nc_ohc=vcSnc8l03UQQ7kNvwExKMeS&_nc_gid=22-tlho5iaWT-8CyqMAZ4A&edm=AI-cjbYBAAAA&ccb=7-5&oh=00_AQBgtzGZ4F9wNEPOTqKqrS-hYDXaK493ZRhhdLkBBV-40w&oe=6A6AEF09&_nc_sid=0985b0,1285
test-data3,true,mittel,§ 130 Abs. 1 StGB,Billigung Willkürmaßnahme,'Absoluter ehrenmann' als deutliche Zustimmung zur Handlung gegen Juden.,onkel__juri,onkel__juri,12135732598,2026-06-02 14:23:42,0,Absoluter ehrenmann,no,18115188751841140,https://www.instagram.com/onkel__juri,https://www.instagram.com/p/DZDH8YstgWl/c/18115188751841140,https://scontent-eze1-1.cdninstagram.com/v/t51.2885-19/54247270_290005228565385_6348547514207043584_n.jpg?stp=dst-jpg_s150x150_tt6&efg=eyJ2ZW5jb2RlX3RhZyI6InByb2ZpbGVfcGljLmRqYW5nby4yNTAuYzIifQ&_nc_ht=scontent-eze1-1.cdninstagram.com&_nc_cat=109&_nc_oc=Q6cZ2gGR5NDZcZt3AnwYBQ0-_507faOIF4avG9vTfV9kiLA_UNqrSBalJ4jl2S4E_1CtZjI&_nc_ohc=5JmjOvONck0Q7kNvwH32IyN&_nc_gid=768vrnNyFr9oS5pDNOw9NQ&edm=AI-cjbYBAAAA&ccb=7-5&oh=00_AQDrhKg0wVQujzfyOoCrmlAGEKNJqaZaLDqqiRiszDhxHg&oe=6A6B14DD&_nc_sid=0985b0,2830
test-data3,true,mittel,§ 130 Abs. 1 StGB; § 140 StGB,Billigung Willkürmaßnahme,"Ruft dazu auf, den Täter zu unterstützen (""Der Mann muss unterstützt werden""); billigt die Tat.",mr.fantastic_28,mr.fantastic_28,6299772844,2026-06-02 01:59:06,0,Wo ist der Laden in Flensburg?  Der Mann muss unterstützt werden.,no,17930197833097198,https://www.instagram.com/mr.fantastic_28,https://www.instagram.com/p/DZDH8YstgWl/c/17930197833097198,https://scontent-eze1-1.cdninstagram.com/v/t51.2885-19/287806802_578056033887527_7595518621562670722_n.jpg?stp=dst-jpg_s150x150_tt6&efg=eyJ2ZW5jb2RlX3RhZyI6InByb2ZpbGVfcGljLmRqYW5nby4xMDgwLmMyIn0&_nc_ht=scontent-eze1-1.cdninstagram.com&_nc_cat=111&_nc_oc=Q6cZ2gGmZljf3BRSkO170gxDqy8p7kf534XqM2D6DhQdi-oNo6Z_QJz8j7mTaiR1Gq8F0s8&_nc_ohc=hFNEmo9sprQQ7kNvwE89H62&_nc_gid=PJ6l6j7NIIk05K7-0E5qPA&edm=AI-cjbYBAAAA&ccb=7-5&oh=00_AQCyxjac4u20zNBe3d80fgPPbk-HRNoA3dw_JjQX8kIvxA&oe=6A6AEDF6&_nc_sid=0985b0,1377
test-data3,true,mittel,§ 130 Abs. 1 StGB; § 140 StGB,Billigung Willkürmaßnahme,"Erklärt, selbst nicht anders handeln zu wollen, und billigt damit die als Volksverhetzung gewertete Ausgrenzung von Juden.",xiii_kili,xiii_kili,9392433722,2026-07-09 20:00:52,0,Beste Mann. Würde ich auch nicht anders machen.,no,18130040434621756,https://www.instagram.com/xiii_kili,https://www.instagram.com/p/DZDH8YstgWl/c/18130040434621756,https://scontent-eze1-2.cdninstagram.com/v/t51.2885-19/449379404_326495563845469_6185015539297821577_n.jpg?stp=dst-jpg_s150x150_tt6&efg=eyJ2ZW5jb2RlX3RhZyI6InByb2ZpbGVfcGljLmRqYW5nby40ODAuYzIifQ&_nc_ht=scontent-eze1-2.cdninstagram.com&_nc_cat=101&_nc_oc=Q6cZ2gHTX5slP2BuGB4y8iKdCp-TSYyRV_rVz3g2iRMhRh6c2RyNowtbhTHd0m3Xhv6nFf8&_nc_ohc=_r_zLC0WL9cQ7kNvwFsbc9r&_nc_gid=ajkblY_tNho0CfTo5GwyzA&edm=AI-cjbYBAAAA&ccb=7-5&oh=00_AQCJZtGGCsdnGQ8K5XytngGKhJBm_92sJfCraPW1zd6lBg&oe=6A6B0B89&_nc_sid=0985b0,4610
test-data3,true,mittel,§ 130 Abs. 1 StGB,Billigung Willkürmaßnahme,'Er hatte recht' als deutliche Zustimmung zur Ausgrenzung von Juden.,asimamurtovi,asimamurtovi,2238566042,2026-06-02 13:59:52,0,Er hatte recht 👍👍👍👍,no,18080431232194899,https://www.instagram.com/asimamurtovi,https://www.instagram.com/p/DZDH8YstgWl/c/18080431232194899,https://scontent-eze1-1.cdninstagram.com/v/t51.2885-19/332319888_923751175485185_6060008319745967657_n.jpg?stp=dst-jpg_s150x150_tt6&efg=eyJ2ZW5jb2RlX3RhZyI6InByb2ZpbGVfcGljLmRqYW5nby44MTkuYzIifQ&_nc_ht=scontent-eze1-1.cdninstagram.com&_nc_cat=105&_nc_oc=Q6cZ2gGBIpQyJ40zB-5e2JJNHgpKYQvFbUWoesJlUPrIKpjr71XBTfb2BFPE6kNWzmiZV-E&_nc_ohc=O8W4IUngaGYQ7kNvwERnJwH&_nc_gid=1I12LAon-7FddfyBWv8UsA&edm=AI-cjbYBAAAA&ccb=7-5&oh=00_AQCatRAUd2gCAvU1KoWJdsqFEhL8bYdi9_5YWlpzWzwODw&oe=6A6B190B&_nc_sid=0985b0,2765
test-data3,true,mittel,§ 130 Abs. 1 StGB; § 140 StGB,Billigung Willkürmaßnahme,"Beifalls-Emoji verbunden mit Berufung auf ""sein Hausrecht"" im Kontext eindeutiger Zustimmung billigt die Tat.",saray_ozcan,saray_ozcan,3294248113,2026-06-02 01:51:11,0,👏 Sein landen sein Hausrecht!,no,18092616479363543,https://www.instagram.com/saray_ozcan,https://www.instagram.com/p/DZDH8YstgWl/c/18092616479363543,https://scontent-eze1-1.cdninstagram.com/v/t51.82787-19/661595753_18455334064104114_3333555174313449186_n.jpg?stp=dst-jpg_s150x150_tt6&efg=eyJ2ZW5jb2RlX3RhZyI6InByb2ZpbGVfcGljLmRqYW5nby4xMDgwLmMyIn0&_nc_ht=scontent-eze1-1.cdninstagram.com&_nc_cat=106&_nc_oc=Q6cZ2gHXoHWYLBOSyKmhNnKS1RCJTIU2THY3-jVYWG1slxNbPVrm7HTTYTBxu72g6JeCj7s&_nc_ohc=nj32Of18KncQ7kNvwHLFAN6&_nc_gid=slhFyn9p4OolA0pPD2P3Mw&edm=AI-cjbYBAAAA&ccb=7-5&oh=00_AQCM1shUzTClfw57_87XeFFnbTwRtZ1KeRiKc-quJ3jL3A&oe=6A6B100F&_nc_sid=0985b0,1350
test-data3,true,mittel,§ 130 Abs. 1 StGB,Billigung Willkürmaßnahme,'guter Mann' als klare Zustimmung zur Handlung des Täters gegenüber Juden.,holger3084,holger3084,19263519939,2026-06-02 14:24:47,0,❤️guter Mann,no,18007709282868374,https://www.instagram.com/holger3084,https://www.instagram.com/p/DZDH8YstgWl/c/18007709282868374,https://scontent-eze1-1.cdninstagram.com/v/t51.2885-19/453397169_485126410831318_4942356689924868277_n.jpg?stp=dst-jpg_s150x150_tt6&efg=eyJ2ZW5jb2RlX3RhZyI6InByb2ZpbGVfcGljLmRqYW5nby45NTcuYzIifQ&_nc_ht=scontent-eze1-1.cdninstagram.com&_nc_cat=110&_nc_oc=Q6cZ2gGR5NDZcZt3AnwYBQ0-_507faOIF4avG9vTfV9kiLA_UNqrSBalJ4jl2S4E_1CtZjI&_nc_ohc=kc4oALVKrwgQ7kNvwHcP-k5&_nc_gid=768vrnNyFr9oS5pDNOw9NQ&edm=AI-cjbYBAAAA&ccb=7-5&oh=00_AQBHfdaiNyU3T_zo3gRa4V27gZb7BqcLZYoogCJAv2A5Hg&oe=6A6B051B&_nc_sid=0985b0,2837
test-data3,true,mittel,§ 130 Abs. 1 StGB,Billigung Willkürmaßnahme,'Er hat alles richtig gemacht' als klare Zustimmung zur antisemitischen Ausgrenzung.,kleinchen800,kleinchen800,78829457741,2026-06-02 14:21:17,0,Er hat alles richtig gemacht,no,18068820908693938,https://www.instagram.com/kleinchen800,https://www.instagram.com/p/DZDH8YstgWl/c/18068820908693938,https://scontent-eze1-1.cdninstagram.com/v/t51.82787-19/659725671_17859830145625742_4523661926060263210_n.jpg?stp=dst-jpg_s150x150_tt6&efg=eyJ2ZW5jb2RlX3RhZyI6InByb2ZpbGVfcGljLmRqYW5nby4xMDI0LmMyIn0&_nc_ht=scontent-eze1-1.cdninstagram.com&_nc_cat=102&_nc_oc=Q6cZ2gGR5NDZcZt3AnwYBQ0-_507faOIF4avG9vTfV9kiLA_UNqrSBalJ4jl2S4E_1CtZjI&_nc_ohc=F5y0bVI4zisQ7kNvwHlNYhl&_nc_gid=768vrnNyFr9oS5pDNOw9NQ&edm=AI-cjbYBAAAA&ccb=7-5&oh=00_AQDqa4AWT5ZNBPjRzvjssVjTCPPqDtNsDupAa1h8oaoa_w&oe=6A6B043B&_nc_sid=0985b0,2819
data2,,,,,,v_k_357,v_k_357,48804254234,2026-06-01 23:13:14,0,Hat er seinen Laden noch?,no,18101851843842018,https://www.instagram.com/v_k_357,https://www.instagram.com/p/DZDH8YstgWl/c/18101851843842018,https://scontent-eze1-2.cdninstagram.com/v/t51.2885-19/506358973_18043828739630235_8105314546549629070_n.jpg?stp=dst-jpg_s150x150_tt6&efg=eyJ2ZW5jb2RlX3RhZyI6InByb2ZpbGVfcGljLmRqYW5nby4xMDgwLmMyIn0&_nc_ht=scontent-eze1-2.cdninstagram.com&_nc_cat=103&_nc_oc=Q6cZ2gFUKAu33TzZzCgXPLWy2oEhw0YrEuMTQXuS4gQHdVAFgSIiUwqpPaG8Gajvci1cmbU&_nc_ohc=L4H6r6DnO5wQ7kNvwFwAItg&_nc_gid=3T7fI1Z1-_EndhbPna-6uQ&edm=AI-cjbYBAAAA&ccb=7-5&oh=00_AQDTUpBHGT6JgAEmAjuwGZteDgF_J01kJKx0ewDTGfODGg&oe=6A6AFBA7&_nc_sid=0985b0,
test-data3,true,mittel,§ 130 Abs. 1 StGB; § 140 StGB,Billigung Willkürmaßnahme,"Bekundet ""Respekt"" für den Täter und Bereitschaft, ihn finanziell zu unterstützen; billigt damit die diskriminierende Handlung.",me_ay.n,me_ay.n,4681034696,2026-06-02 00:27:57,0,👏 Respekt an den man würde sofort Spenden an ihn wenn er ein spenden Konto eröffnet,no,18354027001212357,https://www.instagram.com/me_ay.n,https://www.instagram.com/p/DZDH8YstgWl/c/18354027001212357,https://scontent-eze1-1.cdninstagram.com/v/t51.82787-19/744535408_18399853057154697_7899777613640912402_n.jpg?stp=dst-jpg_s150x150_tt6&efg=eyJ2ZW5jb2RlX3RhZyI6InByb2ZpbGVfcGljLmRqYW5nby43MzEuYzIifQ&_nc_ht=scontent-eze1-1.cdninstagram.com&_nc_cat=109&_nc_oc=Q6cZ2gHMKFvbaIj5EF5ceY4YzlJd3N-DlVs1gado8oW_6iYgeLcsUqW6mR4zcZAy7LI5lGE&_nc_ohc=FfoDybYfiUwQ7kNvwGN0WMV&_nc_gid=0XY2wn5MA1OTxYeVzwvwfQ&edm=AI-cjbYBAAAA&ccb=7-5&oh=00_AQArGrFJvJRooH208wN3Yq4ZY9Xh4-D-nLNTRhfQ68ztRw&oe=6A6B126E&_nc_sid=0985b0,1037
test-data3,true,mittel,§ 130 Abs. 1 StGB,Billigung Willkürmaßnahme,"Billigt das Vorgehen des Täters ausdrücklich als ""vollkommen recht"".",pianoplayer2018,pianoplayer2018,7857096131,2026-06-03 00:46:27,0,Er hatte vollkommen recht,no,18097148060034761,https://www.instagram.com/pianoplayer2018,https://www.instagram.com/p/DZDH8YstgWl/c/18097148060034761,https://scontent-bos5-1.cdninstagram.com/v/t51.2885-19/573323465_1219825463302212_7278921664109726296_n.png?stp=dst-webp&efg=eyJ2ZW5jb2RlX3RhZyI6InByb2ZpbGVfcGljLmRqYW5nby4xNTAuYzIifQ&_nc_ht=scontent-bos5-1.cdninstagram.com&_nc_cat=1&_nc_oc=Q6cZ2gFSs32dQ-sP199ICTkVRKWQGrqdaDmSr_YRcmGK2QVmIgB5ntUClFl7Pfe_bW6wxjKqdHtZqncCeIh_aD3YSReq&_nc_ohc=vUGxye7DTtYQ7kNvwEiWzBk&_nc_gid=buPmQfL7rSa9IJRwzANmmw&edm=APIRfOcBAAAA&ccb=7-5&ig_cache_key=YW5vbnltb3VzX3Byb2ZpbGVfcGlj.3-ccb7-5&oh=00_AQBfMerTIjdFqWO6n-Q6x-kDFqTJkBc4EZlULLC4B8_VnQ&oe=6A6B08EA&_nc_sid=2835ad,3807
test-data3,true,mittel,§ 130 Abs. 1 StGB,Sonstiges,Verwendung der Echo-Klammern (((Justiz))) ist ein bekannter antisemitischer Code zur Markierung vermeintlich jüdisch kontrollierter Institutionen.,uhrmocha,uhrmocha,2131953057,2026-06-02 14:26:24,0,@rene_w_bs81 (((Justiz)))),no,18105167729081650,https://www.instagram.com/uhrmocha,https://www.instagram.com/p/DZDH8YstgWl/c/18105167729081650,https://scontent-eze1-1.cdninstagram.com/v/t51.2885-19/262593968_121752720310598_2348064086460948394_n.jpg?stp=dst-jpg_s150x150_tt6&efg=eyJ2ZW5jb2RlX3RhZyI6InByb2ZpbGVfcGljLmRqYW5nby4xMDgwLmMyIn0&_nc_ht=scontent-eze1-1.cdninstagram.com&_nc_cat=102&_nc_oc=Q6cZ2gGR5NDZcZt3AnwYBQ0-_507faOIF4avG9vTfV9kiLA_UNqrSBalJ4jl2S4E_1CtZjI&_nc_ohc=uzpg6zBWFF0Q7kNvwEhcdKf&_nc_gid=768vrnNyFr9oS5pDNOw9NQ&edm=AI-cjbYBAAAA&ccb=7-5&oh=00_AQAafRpj4m-jlfKJ4wYiQKc2pVjeZzykwkH1_bjui_X0Vw&oe=6A6AF1A0&_nc_sid=0985b0,2842
test-data3,true,mittel,§ 130 Abs. 1 StGB,Billigung Willkürmaßnahme,"""Hat er super gemacht"" billigt ausdrücklich das antisemitische Schild.",ceylan.decor,ceylan.decor,76121161036,2026-06-02 00:02:55,0,Hat er super gemacht 👏👏👏,no,18079783298558497,https://www.instagram.com/ceylan.decor,https://www.instagram.com/p/DZDH8YstgWl/c/18079783298558497,https://scontent-eze1-2.cdninstagram.com/v/t51.82787-19/712844779_17891006898537037_7879949208412021026_n.jpg?stp=dst-jpg_s150x150_tt6&efg=eyJ2ZW5jb2RlX3RhZyI6InByb2ZpbGVfcGljLmRqYW5nby45OTQuYzIifQ&_nc_ht=scontent-eze1-2.cdninstagram.com&_nc_cat=101&_nc_oc=Q6cZ2gFJfIsg4ul4p8ArgfrrkODARU39mR7HzwzsRj38foBDqg2rPNAtTmwedj5o64ris5I&_nc_ohc=1iraABx3DAIQ7kNvwFWS5Jy&_nc_gid=YrzuNyzzogGfc-a3QYyuaA&edm=AI-cjbYBAAAA&ccb=7-5&oh=00_AQAYXKmi2nMyNQLBcE6E-pAqfEJiGirOx10feCkZA-prFQ&oe=6A6AEBEC&_nc_sid=0985b0,922
test-data3,true,mittel,§ 130 Abs. 1 StGB,Billigung Willkürmaßnahme,"""Richtig so"" im täterfreundlichen Kommentarkontext billigt die Willkürmaßnahme.",viktoriaschetman,viktoriaschetman,73554496898,2026-06-01 23:55:09,0,Richtig so,no,18080593559632472,https://www.instagram.com/viktoriaschetman,https://www.instagram.com/p/DZDH8YstgWl/c/18080593559632472,https://instagram.fada1-12.fna.fbcdn.net/v/t51.2885-19/573323465_1219825463302212_7278921664109726296_n.png?stp=dst-jpg_e0_s150x150_tt6&efg=eyJ2ZW5jb2RlX3RhZyI6InByb2ZpbGVfcGljLmRqYW5nby4xNTAuYzIifQ&_nc_ht=instagram.fada1-12.fna.fbcdn.net&_nc_cat=1&_nc_oc=Q6cZ2gF9D-pNQ0vhILjkDYWTOtNWMwd0gixB4mKLPwE2Df3tY5bZWEfStLx5eg5pW3Vkyn6_jHhaeCkHDpqIs-fQZffH&_nc_ohc=vUGxye7DTtYQ7kNvwGYYrZe&_nc_gid=J5ZQwAXlf5qGrXPsIYi1xQ&edm=APs17CUBAAAA&ccb=7-5&ig_cache_key=YW5vbnltb3VzX3Byb2ZpbGVfcGlj.3-ccb7-5&oh=00_AQD8z1jMYtW0oCgGqSjcxuxYWsdikqfasFx8NLd6egENrg&oe=6A6B08EA&_nc_sid=10d13b,868
test-data3,true,mittel,§ 130 Abs. 1 StGB; § 185 StGB,Verhetzende Beleidigung,"""Goy"" als abwertende/verhetzende Fremdbezeichnung im antisemitisch konnotierten Diskussionskontext.",td.gs15,td.gs15,21303614181,2026-06-02 00:04:28,0,@irf_cey goy,no,17869081719682181,https://www.instagram.com/td.gs15,https://www.instagram.com/p/DZDH8YstgWl/c/17869081719682181,https://scontent-eze1-1.cdninstagram.com/v/t51.82787-19/711729508_18120509992710182_5515587328283439616_n.jpg?stp=dst-jpg_s150x150_tt6&efg=eyJ2ZW5jb2RlX3RhZyI6InByb2ZpbGVfcGljLmRqYW5nby40NzUuYzIifQ&_nc_ht=scontent-eze1-1.cdninstagram.com&_nc_cat=102&_nc_oc=Q6cZ2gFefdEEjFN0GqVMVdcsntNA9yAMXW79onrqemn3_ADlPiCyUbi4OciW35blojUl6bg&_nc_ohc=cjkdJ3wgLeIQ7kNvwF8-60A&_nc_gid=WF7HRP2X5aA72YC1xYTJ-g&edm=AI-cjbYBAAAA&ccb=7-5&oh=00_AQDHIUBplKnzQjtat1l2RpHfgMNV0d2_Zrwa_GtuP0OfQQ&oe=6A6B0689&_nc_sid=0985b0,929
test-data3,true,hoch,§ 130 Abs. 1 StGB,Aufstacheln zum Hass,"Bezeichnet Muslime pauschal als ""☪️-Müll"" und fordert, man solle mit ihnen ""das auch machen"" (Hausverbot/Ausgrenzung) - böswillige Verächtlichmachung einer Religionsgruppe, die die Menschenwürde angreift.",_denise_782,_denise_782,69384050998,2026-06-02 10:36:05,0,@orhanbey1984 sollte man mit euch ☪️-Müll auch machen,no,18556949248067481,https://www.instagram.com/_denise_782,https://www.instagram.com/p/DZDH8YstgWl/c/18556949248067481,https://scontent-eze1-2.cdninstagram.com/v/t51.2885-19/482956429_3047530635397692_1184231808091379146_n.jpg?stp=dst-jpg_s150x150_tt6&efg=eyJ2ZW5jb2RlX3RhZyI6InByb2ZpbGVfcGljLmRqYW5nby4xMDgwLmMyIn0&_nc_ht=scontent-eze1-2.cdninstagram.com&_nc_cat=100&_nc_oc=Q6cZ2gGRKIN_u46ylObHfLOQ1cliQiFRgPEEbFR0LJZYpE3uSspjuHoakAgs3MdpgdbJQKM&_nc_ohc=LEPMNMvDg64Q7kNvwGMutpR&_nc_gid=8AVAm4LMoUPtYllax7dJyA&edm=AI-cjbYBAAAA&ccb=7-5&oh=00_AQClxMUIrOo8yv1-OSjxoWnmpJTSlhzDENGeWP4lwzSEBg&oe=6A6B0045&_nc_sid=0985b0,2250
test-data3,true,hoch,§ 130 Abs. 1 StGB,Aufstacheln zum Hass,"Fordert ein generelles Verbot ('Verbot überall für sie') für Juden als Gruppe und feiert den Täter dafür, damit Aufforderung zu Willkürmaßnahmen gegen eine Bevölkerungsgruppe.",armino_haskurti,armino_haskurti,45904033218,2026-06-02 11:44:03,0,Bester Mann...Verbot überall für sie in schwarz!,no,17928560058319994,https://www.instagram.com/armino_haskurti,https://www.instagram.com/p/DZDH8YstgWl/c/17928560058319994,https://scontent-fra5-2.cdninstagram.com/v/t51.2885-19/573323465_1219825463302212_7278921664109726296_n.png?stp=dst-jpg_e0_s150x150_tt6&efg=eyJ2ZW5jb2RlX3RhZyI6InByb2ZpbGVfcGljLmRqYW5nby4xNTAuYzIifQ&_nc_ht=scontent-fra5-2.cdninstagram.com&_nc_cat=1&_nc_oc=Q6cZ2gGpAZ66_ifAkjgrfZ7pTtNTTQC1NCgWECJ0Xw7PbdiJrmEMagbNdj9TBlLX5vXazsI&_nc_ohc=vUGxye7DTtYQ7kNvwFGBwng&_nc_gid=03xAbe6zdwyPmL9SoNkJGQ&edm=AOVgSKcBAAAA&ccb=7-5&ig_cache_key=YW5vbnltb3VzX3Byb2ZpbGVfcGlj.3-ccb7-5&oh=00_AQCtxoF-H-QOwh78p6i87nWr9OCmwGhS36_OTFjI5wpTcw&oe=6A6B08EA&_nc_sid=ac1396,2431
test-data3,true,mittel,§ 130 Abs. 1 StGB,Aufstacheln zum Hass,"Kombination aus Applaus-Emoji, Toiletten-Symbolen und israelischen Flaggen suggeriert entmenschlichende/verächtlichmachende Aussage gegenüber Israelis als Gruppe.",moe.504,moe.504,48369084637,2026-06-03 08:06:28,0,👏👏👏👏👏👏🚽🚽🚽🚽🇮🇱🇮🇱🇮🇱🇮🇱🇮🇱🇮🇱🇮🇱🇮🇱🇮🇱🇮🇱🇮🇱,no,18354480271300232,https://www.instagram.com/moe.504,https://www.instagram.com/p/DZDH8YstgWl/c/18354480271300232,https://scontent-eze1-1.cdninstagram.com/v/t51.2885-19/337356009_1623604981399593_8905561989557176735_n.jpg?stp=dst-jpg_s150x150_tt6&efg=eyJ2ZW5jb2RlX3RhZyI6InByb2ZpbGVfcGljLmRqYW5nby4xMDgwLmMyIn0&_nc_ht=scontent-eze1-1.cdninstagram.com&_nc_cat=109&_nc_oc=Q6cZ2gHsM1yIqbn7s0b90uVoYJwcJ7PXsW05pd1uCxpeQMkLRFzMibMxv_dyZDawxD1ajCM&_nc_ohc=cW3zpMsKeBEQ7kNvwEOY9SU&_nc_gid=dbhYvoGCRBDVTaAAcI9sfA&edm=AI-cjbYBAAAA&ccb=7-5&oh=00_AQATDeywhYjzBwqtC-J57iUlHztuUnjMct8-6FHSYkraSg&oe=6A6B0044&_nc_sid=0985b0,3878
test-data3,true,hoch,§ 240 StGB (Kontext); § 130 Abs. 1 StGB,Sonstiges,"Fordert lebenslange Gefängnisstrafe gegen den Ladenbesitzer wegen seiner Tat – hier eher Zustimmung zum Urteil/Übersteigerung, aber Formulierung ""Gefängnis (lebenslang)"" könnte auch als übersteigerte Bedrohung gelesen werden; im Zweifel zur Prüfung aufgenommen.",hakimoooo4,hakimoooo4,860146676,2026-06-02 01:19:00,0,Der gehört i s Gefängnis ( lebenslang),no,17996761457780254,https://www.instagram.com/hakimoooo4,https://www.instagram.com/p/DZDH8YstgWl/c/17996761457780254,https://scontent-eze1-2.cdninstagram.com/v/t51.2885-19/12331912_873309366101461_1469394930_a.jpg?stp=dst-jpg_s150x150_tt6&efg=eyJ2ZW5jb2RlX3RhZyI6InByb2ZpbGVfcGljLmRqYW5nby4xMDgwLmMyIn0&_nc_ht=scontent-eze1-2.cdninstagram.com&_nc_cat=101&_nc_oc=Q6cZ2gH6UDKODDmbk6JcC87IfF62_aEoEfQCoNyBr0K2IL8FDTiPBE_SkPXMAzaHtGGJ4Xo&_nc_ohc=dGQRjqaRYwIQ7kNvwEIU18S&_nc_gid=Pjh61R3KJIDq-3mTDpqLaw&edm=AI-cjbYBAAAA&ccb=7-5&oh=00_AQBijlujqZC9c08t5xFkCzFfZ5nuqdfV8SDD5Tq6gBTqOg&oe=6A6AEE4E&_nc_sid=0985b0,1218
data2,,,,,,extreme_exploring,extreme_exploring,3974694052,2026-06-01 22:51:48,0,Das ist actual Antisemitismus! Solidarität mit Palästina ist es nicht.,no,18104697563472569,https://www.instagram.com/extreme_exploring,https://www.instagram.com/p/DZDH8YstgWl/c/18104697563472569,https://scontent-eze1-2.cdninstagram.com/v/t51.2885-19/83441816_2394410434204143_1390161230156529664_n.jpg?stp=dst-jpg_s150x150_tt6&efg=eyJ2ZW5jb2RlX3RhZyI6InByb2ZpbGVfcGljLmRqYW5nby4zMjAuYzIifQ&_nc_ht=scontent-eze1-2.cdninstagram.com&_nc_cat=103&_nc_oc=Q6cZ2gGqzGKEOIV7JTFCvlWvdDfuGyj5_oW600tdZLriczK1ZKHcc2mJl8GvcXmKtuD7_Nw&_nc_ohc=UGcdJ9sTx9EQ7kNvwHbe7Dk&_nc_gid=xiRHOO1PjwLqCKxzbVw8hQ&edm=AI-cjbYBAAAA&ccb=7-5&oh=00_AQDgoyErgqkcR6kN41F_hoBgnj7WZ7XZqvxK_z36G_PnOw&oe=6A6AF507&_nc_sid=0985b0,
test-data3,true,mittel,§ 130 Abs. 1 StGB,Billigung Willkürmaßnahme,"""richtig so"" als direkte Zustimmung zum Schild/Täter im Kontext der übrigen unterstützenden Kommentare des Threads.",rupp79vkkhv,rupp79vkkhv,73776655859,2026-06-02 20:37:36,0,richtig so,no,18071284499335017,https://www.instagram.com/rupp79vkkhv,https://www.instagram.com/p/DZDH8YstgWl/c/18071284499335017,https://scontent-iad3-2.cdninstagram.com/v/t51.2885-19/573323465_1219825463302212_7278921664109726296_n.png?stp=dst-jpg_tt6&efg=eyJ2ZW5jb2RlX3RhZyI6InByb2ZpbGVfcGljLmRqYW5nby4yMjQuYzIifQ&_nc_ht=scontent-iad3-2.cdninstagram.com&_nc_cat=1&_nc_oc=Q6cZ2gF16ix35-s2rV-uX7_W83NcGJmGagS1rNnk6f1r5T0JQ1b3kyn_MPBYFKie3kWVKDRTooZ64TifFJFaHl84fZaS&_nc_ohc=vUGxye7DTtYQ7kNvwF1JjnI&edm=AAAAAAABAAAA&ccb=7-5&ig_cache_key=YW5vbnltb3VzX3Byb2ZpbGVfcGlj.3-ccb7-5&oh=00_AQAM-NYSuL6FeuDkEMdiFZmjBKcrhBSrcRWMDYS26JHUhw&oe=6A6B08EA&_nc_sid=328259,3525
test-data3,true,mittel,§ 130 Abs. 1 StGB,Billigung Willkürmaßnahme/Aufstacheln zum Hass,"Behauptet, der Täter habe geschrieben, ""was viele Denken"", und suggeriert damit eine breite gesellschaftliche Zustimmung zur antisemitischen Aussage des Schilds.",19isa85,19isa85,76782020846,2026-06-02 22:37:59,0,Er hat dass geschrieben was viele Denken 👍,no,17955220737140915,https://www.instagram.com/19isa85,https://www.instagram.com/p/DZDH8YstgWl/c/17955220737140915,https://scontent-eze1-1.cdninstagram.com/v/t51.82787-19/625048660_17867497479556847_6946582208081733194_n.jpg?stp=dst-jpg_s150x150_tt6&efg=eyJ2ZW5jb2RlX3RhZyI6InByb2ZpbGVfcGljLmRqYW5nby4xMDgwLmMyIn0&_nc_ht=scontent-eze1-1.cdninstagram.com&_nc_cat=111&_nc_oc=Q6cZ2gERgIR57PGJQjAfagnYllbqOlbkmzVMuJsDtvITSzmZ5DfDmPmqhADXrIgm6K3cTYM&_nc_ohc=Tqzcs8clpQAQ7kNvwGqg04S&_nc_gid=HGSqkHt81WSA98SNMaQAvA&edm=AI-cjbYBAAAA&ccb=7-5&oh=00_AQC9MycNE8pssl0FJ8NU_8ZNS4MvL2_O6p-lkKwelIGsKg&oe=6A6B0AD7&_nc_sid=0985b0,3701
test-data3,true,hoch,§ 130 Abs. 1 StGB; § 111 StGB,Aufforderung zu Straftaten,"Billigt das Schild als ""vollkommen richtig"" und sagt voraus bzw. befürwortet implizit, dass es in Zukunft in mehreren Läden hängen werde – eine Nachahmungsaufforderung zur Wiederholung der Volksverhetzung.",yil_unal,yil_unal,6302149275,2026-06-02 20:43:55,0,Voll kommen richtig 👍 im Zukunft wird es in mehreren laden hängen,no,17956891160963300,https://www.instagram.com/yil_unal,https://www.instagram.com/p/DZDH8YstgWl/c/17956891160963300,https://scontent-eze1-2.cdninstagram.com/v/t51.2885-19/23101295_233898910476308_4202928337280040960_n.jpg?stp=dst-jpg_s150x150_tt6&efg=eyJ2ZW5jb2RlX3RhZyI6InByb2ZpbGVfcGljLmRqYW5nby4yMDAuYzIifQ&_nc_ht=scontent-eze1-2.cdninstagram.com&_nc_cat=108&_nc_oc=Q6cZ2gGrJKeuMTfTuMA_-VtYbwwYmwHIRRUVv54fIYXckJgPuRnQlQNVP_97Fp78u0W_DP4&_nc_ohc=oNZn2VlstKQQ7kNvwHjh4Pl&_nc_gid=C7bL2BjTUILkjsEm0q5plw&edm=AI-cjbYBAAAA&ccb=7-5&oh=00_AQBUF6Y80VBbDDHsTtdHnF1qWxverwKW90bNic8nRpABEw&oe=6A6B0E3F&_nc_sid=0985b0,3531
test-data3,true,mittel,§ 130 Abs. 1 StGB,Kollektivschuld/Sonstiges,"Nutzername ""noticing_goy18"" und Aussage, ein Hausverbot gegen Deutsche wäre ""auf müde Augen gestoßen"", enthält eine subtile antisemitische Codes-Anspielung im Kontext (Nutzername), daher prüfenswert.",noticing_goy18,noticing_goy18,38592914472,2026-06-02 01:21:32,0,"Würde da stehen, dass deutsche nixht willkommen sind, dann wär das  auf müde augen gestoßen",no,18129759562595158,https://www.instagram.com/noticing_goy18,https://www.instagram.com/p/DZDH8YstgWl/c/18129759562595158,https://scontent-eze1-2.cdninstagram.com/v/t51.82787-19/728511831_18079272626282473_929378313834776640_n.jpg?stp=dst-jpg_s150x150_tt6&efg=eyJ2ZW5jb2RlX3RhZyI6InByb2ZpbGVfcGljLmRqYW5nby4xMDgwLmMyIn0&_nc_ht=scontent-eze1-2.cdninstagram.com&_nc_cat=101&_nc_oc=Q6cZ2gH6UDKODDmbk6JcC87IfF62_aEoEfQCoNyBr0K2IL8FDTiPBE_SkPXMAzaHtGGJ4Xo&_nc_ohc=h-63x_K6wgsQ7kNvwEaB49N&_nc_gid=Pjh61R3KJIDq-3mTDpqLaw&edm=AI-cjbYBAAAA&ccb=7-5&oh=00_AQDUBKMdmLBzFVeDvGb4FAzEF7MmhZrL1MCAToRYtHBq0Q&oe=6A6AF7B5&_nc_sid=0985b0,1239
test-data3,true,mittel,§ 130 Abs. 1 StGB; § 140 StGB,Billigung Willkürmaßnahme,"Behauptet, der Täter habe 'nichts falsches gemacht' und billigt damit den Ausschluss von Juden als Gruppe.",carlo_biianconi,carlo_biianconi,56063462588,2026-06-02 15:04:15,0,Er hat nichts falsches gemacht,no,18588604666054020,https://www.instagram.com/carlo_biianconi,https://www.instagram.com/p/DZDH8YstgWl/c/18588604666054020,https://scontent-eze1-1.cdninstagram.com/v/t51.82787-19/638853953_17992784702870589_576113007033110006_n.jpg?stp=dst-jpg_s150x150_tt6&efg=eyJ2ZW5jb2RlX3RhZyI6InByb2ZpbGVfcGljLmRqYW5nby4xMDgwLmMyIn0&_nc_ht=scontent-eze1-1.cdninstagram.com&_nc_cat=109&_nc_oc=Q6cZ2gHeTPG5NmUIN67OwskkgEV31A7o7BU2eqOs5dFH5ojJYhOw8jjLyD2Qtbe3RGQa6E8&_nc_ohc=tA0dvM5Rt_AQ7kNvwG4TfO5&_nc_gid=WrB3c6hiObVFQhzxAiQYWQ&edm=AI-cjbYBAAAA&ccb=7-5&oh=00_AQDm6jaMPlDheX7hHyiqiQCdLgS-e4pY04orasTfd07EZQ&oe=6A6AF531&_nc_sid=0985b0,2934
test-data3,true,hoch,§ 111 StGB; § 130 Abs. 1 StGB,Aufforderung zu Straftaten,"Fordert explizit dazu auf, 'Israelis' auf ein vergleichbares Ausgrenzungsschild zu schreiben, und ruft damit zur Wiederholung der als Volksverhetzung gewerteten Tat auf.",b.explor,b.explor,5667733126,2026-07-15 13:37:31,0,"Ganz einfach, schreib Israelis drauf",no,18220713667325432,https://www.instagram.com/b.explor,https://www.instagram.com/p/DZDH8YstgWl/c/18220713667325432,https://scontent-eze1-1.cdninstagram.com/v/t51.82787-19/750312894_18446102014189127_8474083802752989715_n.jpg?stp=dst-jpg_s150x150_tt6&efg=eyJ2ZW5jb2RlX3RhZyI6InByb2ZpbGVfcGljLmRqYW5nby4xMDgwLmMyIn0&_nc_ht=scontent-eze1-1.cdninstagram.com&_nc_cat=111&_nc_oc=Q6cZ2gEUnAA1Kgei0--81Bu3pYoQ-xCPpDTYuqH68bykw5taXhb8hVJvpCaWnBjgJUQ8ibc&_nc_ohc=nciOuRwsK0AQ7kNvwE5SGU2&_nc_gid=sd9CkGhOofQjVw_tGXQQVw&edm=AI-cjbYBAAAA&ccb=7-5&oh=00_AQAq2U3XAnxBYkGuwekmCAq9JrEOnEDwfwYYhEdaZ1bmlA&oe=6A6AF7D8&_nc_sid=0985b0,4656
test-data3,true,mittel,§ 130 Abs. 1 StGB; § 140 StGB,Billigung Willkürmaßnahme,"""Ehrenmann"" - billigende Zustimmung zur Handlung des Ladenbesitzers.",f.caglar1982,f.caglar1982,5501757987,2026-06-02 11:29:39,0,Ehrenmann,no,17892253383474001,https://www.instagram.com/f.caglar1982,https://www.instagram.com/p/DZDH8YstgWl/c/17892253383474001,https://scontent-eze1-2.cdninstagram.com/v/t51.82787-19/621062894_18391359307181988_2402827376915150926_n.jpg?stp=dst-jpg_s150x150_tt6&efg=eyJ2ZW5jb2RlX3RhZyI6InByb2ZpbGVfcGljLmRqYW5nby4xMDI0LmMyIn0&_nc_ht=scontent-eze1-2.cdninstagram.com&_nc_cat=100&_nc_oc=Q6cZ2gH50YIUgJwQ85dTO2AE7jRUaMuoMK4xTGF7AKp3UK3-x60l8ejXT2WaHy4-P3Z7y1A&_nc_ohc=7JP8OhV3vTQQ7kNvwGNoaah&_nc_gid=HmmqaAQNKT5EEpeWjiuJAg&edm=AI-cjbYBAAAA&ccb=7-5&oh=00_AQCmJ2YaqCMeseQ2BnovkztM9vGrpOll4zYAfDXd-zEUBw&oe=6A6B1085&_nc_sid=0985b0,2397
data2,,,,,,aybiyat965,aybiyat965,73790511126,2026-06-01 22:15:29,0,Für mich ein extrem sympathischer Mann. Hatte mit dem in seinem Laden geredet. Hatte mir sogar ein Tee gemacht,no,18163649446452058,https://www.instagram.com/aybiyat965,https://www.instagram.com/p/DZDH8YstgWl/c/18163649446452058,https://scontent-eze1-2.cdninstagram.com/v/t51.2885-19/573323465_1219825463302212_7278921664109726296_n.png?stp=dst-jpg_s150x150_tt6&efg=eyJ2ZW5jb2RlX3RhZyI6InByb2ZpbGVfcGljLmRqYW5nby4xNTAuYzIifQ&_nc_ht=scontent-eze1-2.cdninstagram.com&_nc_cat=1&_nc_oc=Q6cZ2gE9Hi9Uu-FTY6eE6JPmF7cZrLbDBPxU0GXfO2ZoPgJhIqPlCHOsTgc6tDR3QAAyLrs&_nc_ohc=vUGxye7DTtYQ7kNvwHyWyhS&_nc_gid=ozB1PVsIZOkl4gQ3H1TTdg&edm=AI-cjbYBAAAA&ccb=7-5&ig_cache_key=YW5vbnltb3VzX3Byb2ZpbGVfcGlj.3-ccb7-5&oh=00_AQAbBu5qFp6GbQOQdUCPFFoQ0umFD7G6PaJGaPAvmwWpNQ&oe=6A6B08EA&_nc_sid=0985b0,
test-data3,true,mittel,§ 130 Abs. 1 StGB,Billigung Willkürmaßnahme,'guter Mann' mit vielen Klatsch-Emojis als eindeutige Zustimmung zur antisemitischen Handlung.,maikbaronelli,maikbaronelli,4704777772,2026-06-02 13:20:31,0,👏👏👏👏👏👏👏guter Mann 👍👍👍👍,no,18153500575482012,https://www.instagram.com/maikbaronelli,https://www.instagram.com/p/DZDH8YstgWl/c/18153500575482012,https://scontent-eze1-1.cdninstagram.com/v/t51.82787-19/588455444_18375230806153773_8097356561033855660_n.jpg?stp=dst-jpg_s150x150_tt6&efg=eyJ2ZW5jb2RlX3RhZyI6InByb2ZpbGVfcGljLmRqYW5nby4xMDgwLmMyIn0&_nc_ht=scontent-eze1-1.cdninstagram.com&_nc_cat=109&_nc_oc=Q6cZ2gG_g5EKW-jVsQ_TC4TRYo9pBUGG2ftTk8I50zuYQ8pf41tp3ev1x5Hm_0L8zHzhXGE&_nc_ohc=wQ5GVhoVl2wQ7kNvwGmlzK0&_nc_gid=13aVa0dDHzHDtscTZsv5RA&edm=AI-cjbYBAAAA&ccb=7-5&oh=00_AQBEd1EKK301QhaaIwRCyTRYa2b40VfQQh20e0KLEPnsdw&oe=6A6AFE6D&_nc_sid=0985b0,2675
test-data3,true,mittel,§ 130 Abs. 1 StGB,Sonstiges,"Behauptung, ""gewisse Menschen wie die Israelis"" hätten heimlich die Kontrolle über Deutschland, bedient antisemitisches Verschwörungsnarrativ der Fremdsteuerung.",linachahade,linachahade,52972704283,2026-06-03 08:56:17,0,Deutschland hat nämlich keine eigene Meinung.  Deutschland hat in Deutschland nicht das Sagen sondern andere gewisse Menschen wie die Israelis,no,18012418238888119,https://www.instagram.com/linachahade,https://www.instagram.com/p/DZDH8YstgWl/c/18012418238888119,https://scontent-eze1-2.cdninstagram.com/v/t51.2885-19/395773160_968586444657464_502794161125192320_n.jpg?stp=dst-jpg_s150x150_tt6&efg=eyJ2ZW5jb2RlX3RhZyI6InByb2ZpbGVfcGljLmRqYW5nby43NzguYzIifQ&_nc_ht=scontent-eze1-2.cdninstagram.com&_nc_cat=108&_nc_oc=Q6cZ2gHsM1yIqbn7s0b90uVoYJwcJ7PXsW05pd1uCxpeQMkLRFzMibMxv_dyZDawxD1ajCM&_nc_ohc=ZqS3lGpEdj8Q7kNvwFDmBg0&_nc_gid=dbhYvoGCRBDVTaAAcI9sfA&edm=AI-cjbYBAAAA&ccb=7-5&oh=00_AQAycubSwirYvaSveyN4ueezfhcawGOUq-Q2SwwCuyaCTA&oe=6A6AF743&_nc_sid=0985b0,3894
data2,,,,,,ianpatrikck,ianpatrikck,21577365997,2026-06-01 20:37:36,0,"Wenn es so stimmen sollte...,Thailand hat sicher keine Vergangenheit wie die Deutschen mit Israel.",no,17997338933776840,https://www.instagram.com/ianpatrikck,https://www.instagram.com/p/DZDH8YstgWl/c/17997338933776840,https://scontent-eze1-2.cdninstagram.com/v/t51.2885-19/274076695_1445887732480879_5877063357375305487_n.jpg?stp=dst-jpg_s150x150_tt6&efg=eyJ2ZW5jb2RlX3RhZyI6InByb2ZpbGVfcGljLmRqYW5nby4xMDgwLmMyIn0&_nc_ht=scontent-eze1-2.cdninstagram.com&_nc_cat=107&_nc_oc=Q6cZ2gEGBjPhOVlhzrnTWIe8Eu17ukTogRBYe8PN6KCi6pj655slmE5m0ZDQ71zt2MAfnC4&_nc_ohc=brWaj1tPvEUQ7kNvwGFvUE5&_nc_gid=R9EEevujMWhl95QdcquR3A&edm=AI-cjbYBAAAA&ccb=7-5&oh=00_AQDkXiFVpY-LBe7uWwxG4FowV5EKCX9lfcq-ae17KRJg8Q&oe=6A6B0FE0&_nc_sid=0985b0,
test-data3,true,mittel,§ 130 Abs. 1 StGB,Sonstiges,"""wer im Weltgeschehen von wem die Eier im Mund hat"" - verschwörungsideologische Anspielung auf angebliche versteckte (jüdische) Weltkontrolle im Kontext der Diskussion, Graubereich.",vxctzrjp,vxctzrjp,1649892511,2026-06-02 10:59:16,0,Da fragt man sich doch nicht mehr wer im Weltgeschehen von wem die Eier im Mund hat👀,no,17927876745301747,https://www.instagram.com/vxctzrjp,https://www.instagram.com/p/DZDH8YstgWl/c/17927876745301747,https://scontent-eze1-2.cdninstagram.com/v/t51.82787-19/685018690_18578725768036512_2433073930018827916_n.jpg?stp=dst-jpg_s150x150_tt6&efg=eyJ2ZW5jb2RlX3RhZyI6InByb2ZpbGVfcGljLmRqYW5nby4xMDgwLmMyIn0&_nc_ht=scontent-eze1-2.cdninstagram.com&_nc_cat=100&_nc_oc=Q6cZ2gHia8Yh3qoxoqarGyfnQHd_wftAJ5frTE1Bjp13tEazbLrA1ijPDf5pvmfssQ36gBg&_nc_ohc=p9BhcswUlCUQ7kNvwENlwOW&_nc_gid=4mjOLn7T8uS-RCIt-KYuMA&edm=AI-cjbYBAAAA&ccb=7-5&oh=00_AQBt-I-n26U-XK-VVX0AxpkfBAh5nCk8ued08UnxpBg8PA&oe=6A6AF442&_nc_sid=0985b0,2312
test-data3,true,mittel,§ 130 Abs. 1 StGB,Sonstiges,"Verschwörungsanspielung, Deutschland sei von Israel ""besetzt"" - klassisches antisemitisches Verschwörungsnarrativ zur pauschalen Zuschreibung jüdischer/israelischer Machtkontrolle, Graubereich.",santo66.hl,santo66.hl,77300122937,2026-06-02 08:57:04,0,"Das wirft dem Verdacht auf, daß Deutschland von Israel besetzt ist.",no,17907964341238834,https://www.instagram.com/santo66.hl,https://www.instagram.com/p/DZDH8YstgWl/c/17907964341238834,https://instagram.fccp1-1.fna.fbcdn.net/v/t51.2885-19/573323465_1219825463302212_7278921664109726296_n.png?stp=dst-jpg_e0_s150x150_tt6&efg=eyJ2ZW5jb2RlX3RhZyI6InByb2ZpbGVfcGljLmRqYW5nby4xNTAuYzIifQ&_nc_ht=instagram.fccp1-1.fna.fbcdn.net&_nc_cat=1&_nc_oc=Q6cZ2gHMHqGTu6CsRbJrhF8LyCA5p1C-rqcWTCUKEM0mro-KWKRWg6XHf0H-6qfHr4rhr_qVUNQmaoWq4ieV2BiVWeE-&_nc_ohc=vUGxye7DTtYQ7kNvwGCqSqk&_nc_gid=1ZMFq9D26XHsPcOlN8CopA&edm=AL4D0a4BAAAA&ccb=7-5&ig_cache_key=YW5vbnltb3VzX3Byb2ZpbGVfcGlj.3-ccb7-5&oh=00_AQDY5bDT1Ponw4iMX7HiwCuQwW3f0-qhChS7bVdEMOqDfw&oe=6A6B08EA&_nc_sid=9e8221,1980
test-data3,true,mittel,§ 130 Abs. 1 StGB,Billigung Willkürmaßnahme,Ausdrückliches Lob und Unterstützungsbekundung für den Täter und dessen Schild billigen die Willkürmaßnahme.,luan_karamurati,luan_karamurati,5695314746,2026-06-01 23:00:15,0,Einfach super gemacht Respekt Respekt es sollte noch solche Läden haben ich gehe jeden Tag beim dem Restaurant 👏👏👏👏👏👏👏👏,no,18106490407852402,https://www.instagram.com/luan_karamurati,https://www.instagram.com/p/DZDH8YstgWl/c/18106490407852402,https://scontent-eze1-1.cdninstagram.com/v/t51.2885-19/398697267_858600752308529_64900234517610802_n.jpg?stp=dst-jpg_s150x150_tt6&efg=eyJ2ZW5jb2RlX3RhZyI6InByb2ZpbGVfcGljLmRqYW5nby40NTguYzIifQ&_nc_ht=scontent-eze1-1.cdninstagram.com&_nc_cat=105&_nc_oc=Q6cZ2gGBum1Q58BRswcyt4o1w_rn4dUKv6nWE7wP7dawIJHPDPzILJCw7YNie2X0hWoHFyQ&_nc_ohc=xGjcAKyiGRIQ7kNvwFP8j2c&_nc_gid=fcwYkie5ESBIkVsKnfz4GQ&edm=AI-cjbYBAAAA&ccb=7-5&oh=00_AQABucj_9KnYr5lWyvda3yjH8yPzJsXeSU-6qeaksSJ_8w&oe=6A6AFACD&_nc_sid=0985b0,555
data2,,,,,,jekka.m,jekka.m,2309343183,2026-06-01 21:00:19,0,@alicia_jacobsen_ setzt dich doch nochmal hin und nimm ein Geschichtsbuch zu Dritten Reich in die Hnd. Vielleicht hilft das mit drm Verständnis,no,18113577685846076,https://www.instagram.com/jekka.m,https://www.instagram.com/p/DZDH8YstgWl/c/18113577685846076,https://scontent-eze1-2.cdninstagram.com/v/t51.2885-19/419769451_750125779908579_4510831482207374095_n.jpg?stp=dst-jpg_s150x150_tt6&efg=eyJ2ZW5jb2RlX3RhZyI6InByb2ZpbGVfcGljLmRqYW5nby4xMDgwLmMyIn0&_nc_ht=scontent-eze1-2.cdninstagram.com&_nc_cat=103&_nc_oc=Q6cZ2gEI25Ah52X2_DUvPXOLW0LVRKp1HMo19BDP14oxYpn8NI_jkiRWeNOnXDmwzASjx7k&_nc_ohc=24sNpsSkar8Q7kNvwHDMl08&_nc_gid=_z4GfB8gdLfWzqTJHBulLA&edm=AI-cjbYBAAAA&ccb=7-5&oh=00_AQB_hxhAeM32eTI6D0Jk4Vu-nexpEmH2dGl9w9FjrSAbfA&oe=6A6AF693&_nc_sid=0985b0,
data2,,,,,,hanshornbacher,hanshornbacher,11147512151,2026-06-02 19:35:31,0,Solche Demokratie wollten wir doch,no,18169206664426155,https://www.instagram.com/hanshornbacher,https://www.instagram.com/p/DZDH8YstgWl/c/18169206664426155,https://scontent-eze1-1.cdninstagram.com/v/t51.2885-19/49802194_1486465371522333_5268131371158601728_n.jpg?stp=dst-jpg_s150x150_tt6&efg=eyJ2ZW5jb2RlX3RhZyI6InByb2ZpbGVfcGljLmRqYW5nby4xMDUzLmMyIn0&_nc_ht=scontent-eze1-1.cdninstagram.com&_nc_cat=109&_nc_oc=Q6cZ2gHohZq7gjB2KqNBPUE1xUIYz3475E6H98x4JP7ZjalYxvwQe42ghoq85OPImbAnCMs&_nc_ohc=zAaqT0FAcvoQ7kNvwF2BnX0&_nc_gid=sepFE-NkmmDvunaX6CVJXw&edm=AI-cjbYBAAAA&ccb=7-5&oh=00_AQCJstEfzZlST8tSFEztBUdpK31nFEIZtHy1rgkOWqsUXQ&oe=6A6AE750&_nc_sid=0985b0,
test-data3,true,mittel,§ 130 Abs. 3 StGB,Holocaustleugnung/-verharmlosung,Spöttische Bezugnahme auf die 'kollektive Enkelschuld' verharmlost die deutsche Verantwortung für den Holocaust und stellt sie sarkastisch als ungerechtfertigt dar.,reinhard.angerer,reinhard.angerer,72011331724,2026-06-06 19:09:51,0,"Bei Ungeimpften haben wir das hingenommen, bei den heiligen israelis geht das selbtvernatürlich gar nicht wegen der kollektiven enkelschuld",no,18359420950234488,https://www.instagram.com/reinhard.angerer,https://www.instagram.com/p/DZDH8YstgWl/c/18359420950234488,https://scontent-eze1-1.cdninstagram.com/v/t51.82787-19/534557727_17874813357403725_5069260178699205695_n.jpg?stp=dst-jpg_s150x150_tt6&efg=eyJ2ZW5jb2RlX3RhZyI6InByb2ZpbGVfcGljLmRqYW5nby4xMDgwLmMyIn0&_nc_ht=scontent-eze1-1.cdninstagram.com&_nc_cat=109&_nc_oc=Q6cZ2gF6ItV5BdiygrNqcilfJz5Bxq7K2gdc8Of-BmhN7gJwp_Vha-DoneOUaAjvw_kB81c&_nc_ohc=R-gS9UXGZvwQ7kNvwEJqBCM&_nc_gid=DxPAZg8FE7wj6FNy2JU8ag&edm=AI-cjbYBAAAA&ccb=7-5&oh=00_AQDAy0ez3cK5cLOBb9DYD8tbniEANoe2MzAilBoQ4VQbJw&oe=6A6AEDFC&_nc_sid=0985b0,4345
test-data3,true,mittel,§ 130 Abs. 1 StGB,Billigung Willkürmaßnahme,"Billigt das Vorgehen des Täters und erklärt, es selbst genauso machen zu wollen, was eine aktive Zustimmung zur Diskriminierung von Juden darstellt.",benuemmue,benuemmue,56853139344,2026-06-03 00:51:45,0,"Er hat recht,  das ist sein Besitz,  ich würde genau so machen",no,18051403700760126,https://www.instagram.com/benuemmue,https://www.instagram.com/p/DZDH8YstgWl/c/18051403700760126,https://scontent-bos5-1.cdninstagram.com/v/t51.2885-19/573323465_1219825463302212_7278921664109726296_n.png?stp=dst-webp&efg=eyJ2ZW5jb2RlX3RhZyI6InByb2ZpbGVfcGljLmRqYW5nby4xNTAuYzIifQ&_nc_ht=scontent-bos5-1.cdninstagram.com&_nc_cat=1&_nc_oc=Q6cZ2gFSs32dQ-sP199ICTkVRKWQGrqdaDmSr_YRcmGK2QVmIgB5ntUClFl7Pfe_bW6wxjKqdHtZqncCeIh_aD3YSReq&_nc_ohc=vUGxye7DTtYQ7kNvwEiWzBk&_nc_gid=buPmQfL7rSa9IJRwzANmmw&edm=APIRfOcBAAAA&ccb=7-5&ig_cache_key=YW5vbnltb3VzX3Byb2ZpbGVfcGlj.3-ccb7-5&oh=00_AQBfMerTIjdFqWO6n-Q6x-kDFqTJkBc4EZlULLC4B8_VnQ&oe=6A6B08EA&_nc_sid=2835ad,3810
test-data3,true,mittel,§ 130 Abs. 1 StGB,Billigung Willkürmaßnahme,"Lob (""Guter Mann"") für den Täter billigt dessen Handeln gegen Juden als Gruppe.",marcorm_nfg,marcorm_nfg,1829917129,2026-06-01 22:57:08,0,👏👏👏👏👏Guter mann,no,18103614182020240,https://www.instagram.com/marcorm_nfg,https://www.instagram.com/p/DZDH8YstgWl/c/18103614182020240,https://instagram.fsdu2-1.fna.fbcdn.net/v/t51.2885-19/573323465_1219825463302212_7278921664109726296_n.png?stp=dst-webp&efg=eyJ2ZW5jb2RlX3RhZyI6InByb2ZpbGVfcGljLmRqYW5nby4xNTAuYzIifQ&_nc_ht=instagram.fsdu2-1.fna.fbcdn.net&_nc_cat=1&_nc_oc=Q6cZ2gGaq5i3-5qzuC5BQ2GEYvZbUHrY9uL2kGHSYB5dn-cUj7B85qv5x3pINn13TsGfGTysjNA2cMW9x8T9tb_UPQQN&_nc_ohc=vUGxye7DTtYQ7kNvwEBJfRZ&_nc_gid=c-Sbr38KbCOpCZfXGBvCPQ&edm=AJFGJLkBAAAA&ccb=7-5&ig_cache_key=YW5vbnltb3VzX3Byb2ZpbGVfcGlj.3-ccb7-5&oh=00_AQDE4CJ_5PzY9pPybXklbt1zbo1lJ253xJ_LHuhmttZrQw&oe=6A6B08EA&_nc_sid=2c2bc7,533
test-data3,true,mittel,§ 130 Abs. 1 StGB,Aufstacheln zum Hass,Pauschale abwertende Zuschreibung an 'dieses Volk' als Gruppe im Kontext der Verteidigung des Hausverbot-Schilds.,busse2153,busse2153,31600864633,2026-06-01 22:30:37,0,So ein Schild ist totaler Schwachsinn dieses Volk wurde nie in ein Laden gehen der nicht von seines gleichen betrieben wird,no,18078757409670423,https://www.instagram.com/busse2153,https://www.instagram.com/p/DZDH8YstgWl/c/18078757409670423,https://scontent-eze1-2.cdninstagram.com/v/t51.2885-19/89699813_208428963557820_6344866598385352704_n.jpg?stp=dst-jpg_s150x150_tt6&efg=eyJ2ZW5jb2RlX3RhZyI6InByb2ZpbGVfcGljLmRqYW5nby42NzIuYzIifQ&_nc_ht=scontent-eze1-2.cdninstagram.com&_nc_cat=100&_nc_oc=Q6cZ2gFxyvHcYDHwYOqQhbrGyX5lvuRiIzTmLa-IN2H8TGoutZ_mVbngtKkALW63ZFVsAv8&_nc_ohc=B-u9b5wxm8sQ7kNvwEA0KvL&_nc_gid=iky_bkw_Yq1PXuLyWlf_fg&edm=AI-cjbYBAAAA&ccb=7-5&oh=00_AQAg6W0Oe1f40P4ZtQ7a8tgKwDliRQ0toOWMQXnsWSMp6g&oe=6A6B06E4&_nc_sid=0985b0,397
test-data3,true,mittel,§ 130 Abs. 1 StGB,Sonstiges,"Verwendung des abwertenden antisemitischen Codeworts ""good goy"" gegenüber einem Nutzer im Kontext der Debatte deutet auf verächtlichmachende Anspielung auf jüdische Gruppenzugehörigkeit hin; Kontext unklar, daher prüfenswert.",_____simbaaaa_____,_____simbaaaa_____,8612811874,2026-06-03 03:52:39,0,@stefanhofi good goy,no,17912157396406289,https://www.instagram.com/_____simbaaaa_____,https://www.instagram.com/p/DZDH8YstgWl/c/17912157396406289,https://scontent-eze1-2.cdninstagram.com/v/t51.82787-19/523956640_18285431392283875_5104944663128139927_n.jpg?stp=dst-jpg_s150x150_tt6&efg=eyJ2ZW5jb2RlX3RhZyI6InByb2ZpbGVfcGljLmRqYW5nby4xMDgwLmMyIn0&_nc_ht=scontent-eze1-2.cdninstagram.com&_nc_cat=107&_nc_oc=Q6cZ2gHkE-rTFYa7rSvqOpX0gzxRD79XN5vYjoyA5LYXtxhJU9H9QIfOCGMhk5FjXzy483o&_nc_ohc=IihBS_ibKvkQ7kNvwEgu2DL&_nc_gid=jqyYX8drCSlaNdWtO3faJQ&edm=AI-cjbYBAAAA&ccb=7-5&oh=00_AQCFQvUcdgKiDGFKHd9vZAFinAYcp9P7Lf-Eoyc87NSidQ&oe=6A6B0382&_nc_sid=0985b0,3856
test-data3,true,mittel,§ 130 Abs. 1 StGB,Billigung Willkürmaßnahme,"Billigt das Vorgehen des Täters ausdrücklich (""alles richtig gemacht"") bezogen auf das antisemitische Hausverbotsschild.",thunderfist05,thunderfist05,55473834741,2026-06-03 00:30:46,0,Geiler typ alles richtig gemacht !!,no,18400826833154200,https://www.instagram.com/thunderfist05,https://www.instagram.com/p/DZDH8YstgWl/c/18400826833154200,https://scontent-eze1-1.cdninstagram.com/v/t51.82787-19/511524535_17978934881850742_2604539280776315160_n.jpg?stp=dst-jpg_s150x150_tt6&efg=eyJ2ZW5jb2RlX3RhZyI6InByb2ZpbGVfcGljLmRqYW5nby4xMDE0LmMyIn0&_nc_ht=scontent-eze1-1.cdninstagram.com&_nc_cat=110&_nc_oc=Q6cZ2gHr2ac0w_7niNW8TAkbfY2tgdn5jRwux8cAFcnN0FNAENbwtVx5SFoj18YHyeA-Uts&_nc_ohc=5FMizhnC_00Q7kNvwELeCzj&_nc_gid=pVllpQk4X7RCP9wY38QqJA&edm=AI-cjbYBAAAA&ccb=7-5&oh=00_AQCqaNKILiAxAUF0Z8g2L3mtxgf2zPqm8uDf0WMVc7yXkQ&oe=6A6AFB9B&_nc_sid=0985b0,3795
test-data3,true,mittel,§ 130 Abs. 1 StGB; § 140 StGB,Billigung Willkürmaßnahme,"Ruft dazu auf, den Täter zu unterstützen; billigt damit die diskriminierende Handlung.",mr.fantastic_28,mr.fantastic_28,6299772844,2026-06-02 01:55:41,0,Ein Mann der unterstützt werden muss❤️❤️❤️👏👏,no,17984685167834200,https://www.instagram.com/mr.fantastic_28,https://www.instagram.com/p/DZDH8YstgWl/c/17984685167834200,https://scontent-eze1-1.cdninstagram.com/v/t51.2885-19/287806802_578056033887527_7595518621562670722_n.jpg?stp=dst-jpg_s150x150_tt6&efg=eyJ2ZW5jb2RlX3RhZyI6InByb2ZpbGVfcGljLmRqYW5nby4xMDgwLmMyIn0&_nc_ht=scontent-eze1-1.cdninstagram.com&_nc_cat=111&_nc_oc=Q6cZ2gHXoHWYLBOSyKmhNnKS1RCJTIU2THY3-jVYWG1slxNbPVrm7HTTYTBxu72g6JeCj7s&_nc_ohc=hFNEmo9sprQQ7kNvwE89H62&_nc_gid=slhFyn9p4OolA0pPD2P3Mw&edm=AI-cjbYBAAAA&ccb=7-5&oh=00_AQASMc4cncbV9lKE-24EXNw8Lr2N5DGuy0i7tgoIBPVnXw&oe=6A6AEDF6&_nc_sid=0985b0,1373
test-data3,true,mittel,§ 130 Abs. 1 StGB; § 140 StGB,Billigung Willkürmaßnahme,"Fordert einen ""Orden"" für den Täter (""Macher""), billigt und verherrlicht damit die diskriminierende Tat.",fcx61,fcx61,485248036,2026-06-02 00:56:44,0,Macher 👏 sollte einen Orden bekommen 🙌👏,no,18014629589912070,https://www.instagram.com/fcx61,https://www.instagram.com/p/DZDH8YstgWl/c/18014629589912070,https://scontent-eze1-1.cdninstagram.com/v/t51.82787-19/566552450_18528388720000037_7627068338706657418_n.jpg?stp=dst-jpg_s150x150_tt6&efg=eyJ2ZW5jb2RlX3RhZyI6InByb2ZpbGVfcGljLmRqYW5nby4xMDgwLmMyIn0&_nc_ht=scontent-eze1-1.cdninstagram.com&_nc_cat=105&_nc_oc=Q6cZ2gFGol7qb3X3CS0h-v7KrbACorAlMG6bngrCn_16G1vR-jdIW-LglFk994SIYGR0lJs&_nc_ohc=waVkls15HzwQ7kNvwFt6sM8&_nc_gid=aaM4gx5cCxKlb4t5Rlom1A&edm=AI-cjbYBAAAA&ccb=7-5&oh=00_AQDjxJFiPIbQtDbHWfDMZ7kpuzJHEAyNrhHheytmctYTMg&oe=6A6AFBB7&_nc_sid=0985b0,1134
test-data3,true,mittel,§ 130 Abs. 1 StGB,Billigung Willkürmaßnahme,"""Ich liebe diesen mann"" im Kontext begeisterter Zustimmung zum antisemitischen Schild.",shishibadr,shishibadr,15300553626,2026-06-02 22:02:13,0,Ich liebe diesen mann🔥🙌,no,18155343103476012,https://www.instagram.com/shishibadr,https://www.instagram.com/p/DZDH8YstgWl/c/18155343103476012,https://scontent-eze1-1.cdninstagram.com/v/t51.82787-19/721466000_18146535586505627_3163183467655534118_n.jpg?stp=dst-jpg_s150x150_tt6&efg=eyJ2ZW5jb2RlX3RhZyI6InByb2ZpbGVfcGljLmRqYW5nby4xMDgwLmMyIn0&_nc_ht=scontent-eze1-1.cdninstagram.com&_nc_cat=111&_nc_oc=Q6cZ2gHksv4wMTzW93XLbo69IrTH2wcGqG4GtT9upmkSVmK1rgnpleZI4lUZNUZK5TMpjh4&_nc_ohc=CFaBMet_yH8Q7kNvwERaoUF&_nc_gid=8qzOiQ18w36CjAQqsYrROQ&edm=AI-cjbYBAAAA&ccb=7-5&oh=00_AQAA8UnTtypk-1CCUQhjbJOnO86Nx9xoqsOV2CNdZmsmCA&oe=6A6B1C76&_nc_sid=0985b0,3656
test-data3,true,mittel,§ 130 Abs. 1 StGB,Billigung Willkürmaßnahme,"Bezeichnet die Anbringung des antisemitischen Schilds als ""Gute Action"" und billigt damit die Tat.",kadazariouh,kadazariouh,42218406190,2026-06-02 20:49:08,0,Gute Action,no,17866642359625872,https://www.instagram.com/kadazariouh,https://www.instagram.com/p/DZDH8YstgWl/c/17866642359625872,https://scontent-eze1-2.cdninstagram.com/v/t51.2885-19/448119047_1380494872630788_6879468000703313639_n.jpg?stp=dst-jpg_s150x150_tt6&efg=eyJ2ZW5jb2RlX3RhZyI6InByb2ZpbGVfcGljLmRqYW5nby4xMDgwLmMyIn0&_nc_ht=scontent-eze1-2.cdninstagram.com&_nc_cat=100&_nc_oc=Q6cZ2gGrJKeuMTfTuMA_-VtYbwwYmwHIRRUVv54fIYXckJgPuRnQlQNVP_97Fp78u0W_DP4&_nc_ohc=2qEdl-DHck0Q7kNvwEXxf4H&_nc_gid=C7bL2BjTUILkjsEm0q5plw&edm=AI-cjbYBAAAA&ccb=7-5&oh=00_AQDAMWnl-Ukilv7NXDd0XfPY4rrJW88JvcoJn51Zwj24yQ&oe=6A6AE7C4&_nc_sid=0985b0,3540
test-data3,true,mittel,§ 130 Abs. 1 StGB,Sonstiges,"Verwendet die Auslassungsschreibweise 'Ju.....e' zur ironischen Relativierung der Diskriminierung, was eine verharmlosende Anspielung auf 'Juden' als Zielgruppe darstellt.",hamburg221111,hamburg221111,65070850591,2026-06-02 17:30:42,0,Mein Laden meine Hausordnung aber woher weiß das der jenige Ju.....e  ist stehts auf seiner Stirn 😂😂😂,no,18393458611089006,https://www.instagram.com/hamburg221111,https://www.instagram.com/p/DZDH8YstgWl/c/18393458611089006,https://scontent-eze1-2.cdninstagram.com/v/t51.82787-19/747029785_17957152296170592_8000507137148676779_n.jpg?stp=dst-jpg_s150x150_tt6&efg=eyJ2ZW5jb2RlX3RhZyI6InByb2ZpbGVfcGljLmRqYW5nby4xMDgwLmMyIn0&_nc_ht=scontent-eze1-2.cdninstagram.com&_nc_cat=100&_nc_oc=Q6cZ2gFs3bR71lmkFPVkcbkLKGWeyup2Si3SXQW_osRHdMqn0vV1x_bH-peWTLzME7quwcc&_nc_ohc=ddts3840cJoQ7kNvwHlZEoi&_nc_gid=YO830ah7D_7zsu79v_qD-A&edm=AI-cjbYBAAAA&ccb=7-5&oh=00_AQDC2vRJGexNae_iG1DyPAgc8Z0ChnXwnTC6U1Xs-CIBrQ&oe=6A6B1C6D&_nc_sid=0985b0,3239
test-data3,true,mittel,§ 130 Abs. 1 StGB; § 140 StGB,Billigung Willkürmaßnahme,"""Ehrenmann!"" - billigende Zustimmung zur Handlung des Ladenbesitzers.",0zgurturkmen,0zgurturkmen,4258843023,2026-06-02 11:14:04,0,Ehrenmann!,no,18065508107457363,https://www.instagram.com/0zgurturkmen,https://www.instagram.com/p/DZDH8YstgWl/c/18065508107457363,https://scontent-eze1-2.cdninstagram.com/v/t51.2885-19/333623507_707832187491964_4560653729820021480_n.jpg?stp=dst-jpg_s150x150_tt6&efg=eyJ2ZW5jb2RlX3RhZyI6InByb2ZpbGVfcGljLmRqYW5nby4xMDgwLmMyIn0&_nc_ht=scontent-eze1-2.cdninstagram.com&_nc_cat=104&_nc_oc=Q6cZ2gHia8Yh3qoxoqarGyfnQHd_wftAJ5frTE1Bjp13tEazbLrA1ijPDf5pvmfssQ36gBg&_nc_ohc=TQgKHBrJQzQQ7kNvwGM0UCt&_nc_gid=4mjOLn7T8uS-RCIt-KYuMA&edm=AI-cjbYBAAAA&ccb=7-5&oh=00_AQD5n3_SmNNfsF3q0H8Bv9kJCagvQZ-5t5rCL9YVPkxTdQ&oe=6A6AF5B6&_nc_sid=0985b0,2344
test-data3,true,mittel,§ 130 Abs. 1 StGB,Billigung Willkürmaßnahme,'Du bist ein Held' als Lob für den Täter im Kontext der Verteidigung des antisemitischen Hausverbots.,osman.yenituerk,osman.yenituerk,8262184562,2026-06-02 12:39:57,0,Du bist ein Held,no,17925501435342760,https://www.instagram.com/osman.yenituerk,https://www.instagram.com/p/DZDH8YstgWl/c/17925501435342760,https://scontent-eze1-1.cdninstagram.com/v/t51.2885-19/369865100_868080298052058_2276092242521529900_n.jpg?stp=dst-jpg_s150x150_tt6&efg=eyJ2ZW5jb2RlX3RhZyI6InByb2ZpbGVfcGljLmRqYW5nby4xMDgwLmMyIn0&_nc_ht=scontent-eze1-1.cdninstagram.com&_nc_cat=106&_nc_oc=Q6cZ2gE4ZpSg3K8K4CXgmCgqdhTEgoaENtiVru7wPeBBkWq9BeGWfUto9y6znIxeIKzqXe8&_nc_ohc=oezjSYrFAbwQ7kNvwH5nA4j&_nc_gid=L-K-GMCp7RfNOsPYRPV20w&edm=AI-cjbYBAAAA&ccb=7-5&oh=00_AQBu4ELw_qYNQpvnLw7oHsKFj_oR42L0bpG00H20RFPVXg&oe=6A6B09A3&_nc_sid=0985b0,2559
test-data3,true,mittel,§ 130 Abs. 1 StGB,Sonstiges,"Ersetzt 'Juden' durch Auslassungspunkte ('J...e') im Kontext eines Vergleichs zu AfD-Diskriminierung, wodurch eine abwertende Anspielung auf angebliche Bevorzugung von Juden entsteht.",andreas_260879,andreas_260879,11780217040,2026-06-02 16:40:34,0,Justiz Doppelmoral. Schreibe  AfD an der Stelle von J...e wird alles in Ordnung sein.,no,18081794045644506,https://www.instagram.com/andreas_260879,https://www.instagram.com/p/DZDH8YstgWl/c/18081794045644506,https://scontent-eze1-1.cdninstagram.com/v/t51.82787-19/586687778_18161368543393041_5959227362571005858_n.jpg?stp=dst-jpg_s150x150_tt6&efg=eyJ2ZW5jb2RlX3RhZyI6InByb2ZpbGVfcGljLmRqYW5nby4xMDgwLmMyIn0&_nc_ht=scontent-eze1-1.cdninstagram.com&_nc_cat=109&_nc_oc=Q6cZ2gFYKSKMVp5vPiRGvkZMEsvPSK4hxXWkWUwzLpaihdRBLx2DOF6k6GWjWxo0C79AESU&_nc_ohc=6JOamdzQVJAQ7kNvwF-CKto&_nc_gid=uzu8mhwsINQ-AHgDZiWQXA&edm=AI-cjbYBAAAA&ccb=7-5&oh=00_AQDYq4SOGD2Pc36vebbgyI-73z9gW7UjF_fGkYqta_Oq-A&oe=6A6B1DF7&_nc_sid=0985b0,3140
test-data3,true,mittel,§ 130 Abs. 1 StGB,Billigung Willkürmaßnahme,"Billigt das Vorgehen des Täters ausdrücklich als ""recht"".",ni3mand007,ni3mand007,13085277888,2026-06-03 01:46:50,0,Er hat recht 👍,no,17890725189510466,https://www.instagram.com/ni3mand007,https://www.instagram.com/p/DZDH8YstgWl/c/17890725189510466,https://scontent-eze1-2.cdninstagram.com/v/t51.82787-19/649351041_18158055523437889_1254585181025774249_n.jpg?stp=dst-jpg_s150x150_tt6&efg=eyJ2ZW5jb2RlX3RhZyI6InByb2ZpbGVfcGljLmRqYW5nby4zNTEuYzIifQ&_nc_ht=scontent-eze1-2.cdninstagram.com&_nc_cat=101&_nc_oc=Q6cZ2gHkE-rTFYa7rSvqOpX0gzxRD79XN5vYjoyA5LYXtxhJU9H9QIfOCGMhk5FjXzy483o&_nc_ohc=uSkDGRwp9qUQ7kNvwF3mplM&_nc_gid=jqyYX8drCSlaNdWtO3faJQ&edm=AI-cjbYBAAAA&ccb=7-5&oh=00_AQA8zPUenQ93vTvM5Lmrto0-sODV-tPPLxcVxhG_3ijcSg&oe=6A6B1961&_nc_sid=0985b0,3828
test-data3,true,mittel,§ 130 Abs. 1 StGB; § 140 StGB,Billigung Willkürmaßnahme,"""Er hat Eier"" mit Applaus-Emojis billigt anerkennend die diskriminierende Tat gegenüber Juden.",umithan_berlin76,umithan_berlin76,27130048819,2026-06-02 00:44:42,0,Er hat Eier 👏👏,no,18372695293202649,https://www.instagram.com/umithan_berlin76,https://www.instagram.com/p/DZDH8YstgWl/c/18372695293202649,https://scontent-eze1-2.cdninstagram.com/v/t51.82787-19/553910254_18086499250904820_7248423981319371445_n.jpg?stp=dst-jpg_s150x150_tt6&efg=eyJ2ZW5jb2RlX3RhZyI6InByb2ZpbGVfcGljLmRqYW5nby4xMDgwLmMyIn0&_nc_ht=scontent-eze1-2.cdninstagram.com&_nc_cat=100&_nc_oc=Q6cZ2gGUBBkZuMhRxq7x2IglKC4mP9OpjzLbv8FUsRXll8e1sqdGCLGdsolDw0uMdyXXTKQ&_nc_ohc=i9fOEEpSvxoQ7kNvwGjvNAy&_nc_gid=wjqp446pF4Nn5R2Coh3Q3A&edm=AI-cjbYBAAAA&ccb=7-5&oh=00_AQDEY57o5I0-7OAkLJOWa5gpCuFajfEUo317jdyt8q-Rfw&oe=6A6AFC5F&_nc_sid=0985b0,1097
test-data3,true,mittel,§ 130 Abs. 1 StGB; § 140 StGB,Billigung Willkürmaßnahme,"Erklärt, der Täter habe ""nichts falsches gemacht"", und billigt damit ausdrücklich die als Volksverhetzung gewertete Handlung.",dada__1373,dada__1373,72294348235,2026-06-02 00:29:11,0,Er hat nichts falsches gemacht,no,17892788319351661,https://www.instagram.com/dada__1373,https://www.instagram.com/p/DZDH8YstgWl/c/17892788319351661,https://scontent-eze1-1.cdninstagram.com/v/t51.2885-19/475729580_1307177857288893_936727729564782440_n.jpg?stp=dst-jpg_s150x150_tt6&efg=eyJ2ZW5jb2RlX3RhZyI6InByb2ZpbGVfcGljLmRqYW5nby4xMDgwLmMyIn0&_nc_ht=scontent-eze1-1.cdninstagram.com&_nc_cat=109&_nc_oc=Q6cZ2gHMKFvbaIj5EF5ceY4YzlJd3N-DlVs1gado8oW_6iYgeLcsUqW6mR4zcZAy7LI5lGE&_nc_ohc=KBjd4SZBLgUQ7kNvwEGa2l-&_nc_gid=0XY2wn5MA1OTxYeVzwvwfQ&edm=AI-cjbYBAAAA&ccb=7-5&oh=00_AQAjhvB4Xa7iplhKqYwKswfTWU7W1CtKfUNTVDIZDveBoA&oe=6A6B0990&_nc_sid=0985b0,1043
test-data3,true,hoch,§ 130 Abs. 4 StGB,NS-Verherrlichung,„H hatte recht“ ist eine erkennbare Anspielung auf Hitler im Kontext der Diskussion und billigt/verherrlicht damit die NS-Ideologie.,9kalinago7,9kalinago7,8490837078,2026-06-02 12:10:44,0,H hatte recht und der Herr ebenfalls,no,18452332828112169,https://www.instagram.com/9kalinago7,https://www.instagram.com/p/DZDH8YstgWl/c/18452332828112169,https://scontent-eze1-1.cdninstagram.com/v/t51.82787-19/752807938_18329036182285079_5737931762712589853_n.jpg?stp=dst-jpg_s150x150_tt6&efg=eyJ2ZW5jb2RlX3RhZyI6InByb2ZpbGVfcGljLmRqYW5nby4xMDgwLmMyIn0&_nc_ht=scontent-eze1-1.cdninstagram.com&_nc_cat=111&_nc_oc=Q6cZ2gHSNgVdxSW1Dnu5cd7ZvImHuymOMxg9A1sd_Qfp_9FdydaAPs-x7jzp0mAnFBi_Z6Y&_nc_ohc=ouzo3cn5yv4Q7kNvwGVo2PN&_nc_gid=Yq9FCrvLFs9-8HZ6ejaPMQ&edm=AI-cjbYBAAAA&ccb=7-5&oh=00_AQAccfA736sAH4oz9FjTufuxX3tZtZTW14tdGv5UTdnJIQ&oe=6A6AFC63&_nc_sid=0985b0,2487
test-data3,true,hoch,§ 130 Abs. 1 StGB; § 192a StGB,Verhetzende Beleidigung,"Pauschale Aussage 'alle hassen euch' kombiniert mit abwertendem Symbol (Kot-Emoji) gegenüber Israelis/Juden als Gruppe, verächtlichmachend.",rahima.neufeld3,rahima.neufeld3,1818969724,2026-06-02 13:09:17,0,@stefanhofi alle hassen euch 🇮🇱💩,no,18475090909100767,https://www.instagram.com/rahima.neufeld3,https://www.instagram.com/p/DZDH8YstgWl/c/18475090909100767,https://scontent-eze1-1.cdninstagram.com/v/t51.2885-19/463275770_520108054249067_5115236380789581698_n.jpg?stp=dst-jpg_s150x150_tt6&efg=eyJ2ZW5jb2RlX3RhZyI6InByb2ZpbGVfcGljLmRqYW5nby4xMDgwLmMyIn0&_nc_ht=scontent-eze1-1.cdninstagram.com&_nc_cat=111&_nc_oc=Q6cZ2gF6Q6RFt7xnrGptOchvQ7rvAe-lXEYCVswutgVV2Iw1gRPQue5pPll7S1U2cyKb8Hg&_nc_ohc=kHDarYINuDYQ7kNvwGDyWy0&_nc_gid=UQSp5_q_w4lgaSB1vxizLA&edm=AI-cjbYBAAAA&ccb=7-5&oh=00_AQAX6922ygHZFvdxWn0QuKrPjX25Uh8EmGVDugI2UB-1CQ&oe=6A6AF80E&_nc_sid=0985b0,2644
test-data3,true,mittel,§ 130 Abs. 1 StGB; § 140 StGB,Billigung Willkürmaßnahme,Fordert eine Auszeichnung (Orden) für den wegen Volksverhetzung Verurteilten und billigt damit ausdrücklich dessen Willkürmaßnahme gegen Juden.,blue777777x,blue777777x,1815850484,2026-06-06 14:45:11,0,Dem Ladenbesitzer sollte man eher einen Orden geben !,no,18266322658292471,https://www.instagram.com/blue777777x,https://www.instagram.com/p/DZDH8YstgWl/c/18266322658292471,https://scontent-eze1-1.cdninstagram.com/v/t51.82787-19/587387888_18546666409042485_9023359269991649943_n.jpg?stp=dst-jpg_s150x150_tt6&efg=eyJ2ZW5jb2RlX3RhZyI6InByb2ZpbGVfcGljLmRqYW5nby4xMDgwLmMyIn0&_nc_ht=scontent-eze1-1.cdninstagram.com&_nc_cat=109&_nc_oc=Q6cZ2gF6ItV5BdiygrNqcilfJz5Bxq7K2gdc8Of-BmhN7gJwp_Vha-DoneOUaAjvw_kB81c&_nc_ohc=EqiP-LaxzUgQ7kNvwHRerRl&_nc_gid=DxPAZg8FE7wj6FNy2JU8ag&edm=AI-cjbYBAAAA&ccb=7-5&oh=00_AQBiUPfFg3YfuIvq0dQISrz0tx72UBLG0My4vDx-clmWGQ&oe=6A6AFFD4&_nc_sid=0985b0,4337
test-data3,true,mittel,§ 130 Abs. 1 StGB; § 140 StGB,Billigung Willkürmaßnahme,"""Ehrenmann"" mit positiven Emojis billigt die als Volksverhetzung verurteilte Handlung.",stranger01837,stranger01837,70083656019,2026-06-02 02:11:16,0,Ehrenmann❤️🙌,no,18056678630561040,https://www.instagram.com/stranger01837,https://www.instagram.com/p/DZDH8YstgWl/c/18056678630561040,https://scontent-eze1-2.cdninstagram.com/v/t51.2885-19/461686715_502317366036757_6913102291004371512_n.jpg?stp=dst-jpg_s150x150_tt6&efg=eyJ2ZW5jb2RlX3RhZyI6InByb2ZpbGVfcGljLmRqYW5nby4xMDgwLmMyIn0&_nc_ht=scontent-eze1-2.cdninstagram.com&_nc_cat=101&_nc_oc=Q6cZ2gGmZljf3BRSkO170gxDqy8p7kf534XqM2D6DhQdi-oNo6Z_QJz8j7mTaiR1Gq8F0s8&_nc_ohc=kXZ-snFpw-sQ7kNvwGLrtOV&_nc_gid=PJ6l6j7NIIk05K7-0E5qPA&edm=AI-cjbYBAAAA&ccb=7-5&oh=00_AQAX8XLCQ_U6WUclr027ww6Z5lC8ZChBQ--RNGOEIBY8bg&oe=6A6B0B5F&_nc_sid=0985b0,1421
test-data3,true,mittel,§ 130 Abs. 1 StGB,Sonstiges,"Ironisch-abwertende Bemerkung über ""Big Yahu"" (Netanyahu) aus der ""semitischen Region Ukraine"" - spielt auf Verschwörungsnarrative zur Abstammung/Legitimität von Juden/Israelis an, Graubereich.",555.richard_,555.richard_,52609407508,2026-06-02 10:25:52,0,@kusstro Yesss genau beispielsweise Big Yahu der aus der bekannten Semitischen Region Ukraine kommt. 🙌,no,18117682276622461,https://www.instagram.com/555.richard_,https://www.instagram.com/p/DZDH8YstgWl/c/18117682276622461,https://scontent-eze1-2.cdninstagram.com/v/t51.82787-19/747695694_18055539356759509_3874294192633624139_n.jpg?stp=dst-jpg_s150x150_tt6&efg=eyJ2ZW5jb2RlX3RhZyI6InByb2ZpbGVfcGljLmRqYW5nby43MjAuYzIifQ&_nc_ht=scontent-eze1-2.cdninstagram.com&_nc_cat=101&_nc_oc=Q6cZ2gFYBGLNZun5Eh7FPP3JVbxvuR1kmB3vXl5UMaOA0NvfE43Orhbz0CIWpOp92TdCayI&_nc_ohc=2Obbg7Jroy0Q7kNvwGYxMBT&_nc_gid=irRWHP0svv3bcainPAckag&edm=AI-cjbYBAAAA&ccb=7-5&oh=00_AQDPjW73UCU5dvko7-kAxoAH2kulVhboWp_6d2TZ7eNOXQ&oe=6A6B0954&_nc_sid=0985b0,2221
test-data3,true,mittel,§ 130 Abs. 1 StGB,Billigung Willkürmaßnahme,"Autor erklärt, im eigenen Geschäft ebenfalls 'die' (im Kontext: Juden) nicht zu bedienen, praktiziert damit selbst eine Willkürmaßnahme und billigt diese.",julianjumann,julianjumann,16619231844,2026-06-02 13:50:04,0,Wir bedienen auch keine👍,no,17912096202405407,https://www.instagram.com/julianjumann,https://www.instagram.com/p/DZDH8YstgWl/c/17912096202405407,https://scontent-eze1-2.cdninstagram.com/v/t51.2885-19/294090647_499004035326559_6545098891673516327_n.jpg?stp=dst-jpg_s150x150_tt6&efg=eyJ2ZW5jb2RlX3RhZyI6InByb2ZpbGVfcGljLmRqYW5nby4xMDgwLmMyIn0&_nc_ht=scontent-eze1-2.cdninstagram.com&_nc_cat=107&_nc_oc=Q6cZ2gFsZamjER4JTrapvAdLWKy6OGsTRI8sYhvrtNbPfVOlO9_bmniLvlDmUjXa3CE8dAE&_nc_ohc=Ec6F7BgZ-WoQ7kNvwHeqO2V&_nc_gid=rFRXkwMfudjLSQofWKirww&edm=AI-cjbYBAAAA&ccb=7-5&oh=00_AQAkpIXiD2WYRmbg7HofFH31HwpvyTDPCNthbrTt84GoeQ&oe=6A6AFDCA&_nc_sid=0985b0,2745
test-data3,true,mittel,§ 130 Abs. 1 StGB,Sonstiges,"""Er könnte jeden aus seinem Laden verweisen außer die..."" - suggeriert unausgesprochen eine besondere Schutzstellung von Juden/Israelis mit abwertendem Unterton, Verschwörungsanspielung im Graubereich.",eugenjeka7,eugenjeka7,62217213646,2026-06-02 10:10:20,0,Er hat sich gerade die richtigen ausgesucht 😂 Er könnte jeden aus seinem Laden verweisen außer die...,no,17985240140828936,https://www.instagram.com/eugenjeka7,https://www.instagram.com/p/DZDH8YstgWl/c/17985240140828936,https://scontent-eze1-2.cdninstagram.com/v/t51.2885-19/384259768_229439800106396_4206235172956363751_n.jpg?stp=dst-jpg_s150x150_tt6&efg=eyJ2ZW5jb2RlX3RhZyI6InByb2ZpbGVfcGljLmRqYW5nby4xMDgwLmMyIn0&_nc_ht=scontent-eze1-2.cdninstagram.com&_nc_cat=108&_nc_oc=Q6cZ2gH-GmhL3n0D3szlTHUgVwbWHv52WQecArKeXjsXwz3m3eS6zDRgbtQvubmht4Egbog&_nc_ohc=EGD0PAiWwDsQ7kNvwGg37Vm&_nc_gid=1HHB9ytEXrMhg3sCH7JS6Q&edm=AI-cjbYBAAAA&ccb=7-5&oh=00_AQCt8zdJKAm9_7IOuQaXUWPc1PXpbAWJqzBodNUfGfoI1A&oe=6A6B02DB&_nc_sid=0985b0,2168
test-data3,true,mittel,§ 130 Abs. 1 StGB,Billigung Willkürmaßnahme,"Explizite Zustimmung zum Schild 'Juden haben hier Hausverbot' ohne eigene weitergehende Hetze, billigt damit die Willkürmaßnahme gegen die Gruppe.",x.ritchi.x,x.ritchi.x,516151714,2026-06-02 11:41:44,0,Alles richtig gemacht.,no,18364958068228823,https://www.instagram.com/x.ritchi.x,https://www.instagram.com/p/DZDH8YstgWl/c/18364958068228823,https://scontent-eze1-2.cdninstagram.com/v/t51.82787-19/642509541_18562802005055715_6818174243780822607_n.jpg?stp=dst-jpg_s150x150_tt6&efg=eyJ2ZW5jb2RlX3RhZyI6InByb2ZpbGVfcGljLmRqYW5nby4xMDgwLmMyIn0&_nc_ht=scontent-eze1-2.cdninstagram.com&_nc_cat=103&_nc_oc=Q6cZ2gH50YIUgJwQ85dTO2AE7jRUaMuoMK4xTGF7AKp3UK3-x60l8ejXT2WaHy4-P3Z7y1A&_nc_ohc=k0kBNsOQ30QQ7kNvwEeAWsm&_nc_gid=HmmqaAQNKT5EEpeWjiuJAg&edm=AI-cjbYBAAAA&ccb=7-5&oh=00_AQDnvO8AkmLDx2rkQtkLO67LpjyOLRVAqBs2sk4dLOjopA&oe=6A6AFF29&_nc_sid=0985b0,2426
test-data3,true,mittel,§ 130 Abs. 1 StGB; § 140 StGB,Billigung Willkürmaßnahme,"Fordert, dass der ""Bericht"" lauten solle, der Täter erhalte für das antisemitische Schild bundesweite Unterstützung in der Bevölkerung, und billigt damit ausdrücklich dessen Vorgehen.",derhans28,derhans28,67490378950,2026-06-02 20:41:15,0,Deutschland weit erhält er für das schild unterstützung in der bevölkerung sollte der bericht lauten...,no,17938303521250113,https://www.instagram.com/derhans28,https://www.instagram.com/p/DZDH8YstgWl/c/17938303521250113,https://scontent-eze1-1.cdninstagram.com/v/t51.2885-19/448624594_764350699212167_2811361384356383534_n.jpg?stp=dst-jpg_s150x150_tt6&efg=eyJ2ZW5jb2RlX3RhZyI6InByb2ZpbGVfcGljLmRqYW5nby4xMDc4LmMyIn0&_nc_ht=scontent-eze1-1.cdninstagram.com&_nc_cat=111&_nc_oc=Q6cZ2gGrJKeuMTfTuMA_-VtYbwwYmwHIRRUVv54fIYXckJgPuRnQlQNVP_97Fp78u0W_DP4&_nc_ohc=Yb0X_91KjScQ7kNvwFttn9t&_nc_gid=C7bL2BjTUILkjsEm0q5plw&edm=AI-cjbYBAAAA&ccb=7-5&oh=00_AQCSBPAQ2jpMmocSEcShLkAzYqNC9Kh5qLpuq-nOKEOuQw&oe=6A6AFA8E&_nc_sid=0985b0,3529
test-data3,true,mittel,§ 130 Abs. 1 StGB,Billigung Willkürmaßnahme,"""Alles richtig gemacht"" bezogen auf das Schild billigt den pauschalen Ausschluss von Juden.",tatamata1222232,tatamata1222232,2332245297,2026-06-01 23:00:53,0,Alles richtig gemacht hausrecht 👏,no,18130320964591430,https://www.instagram.com/tatamata1222232,https://www.instagram.com/p/DZDH8YstgWl/c/18130320964591430,https://scontent-eze1-1.cdninstagram.com/v/t51.82787-19/713824202_18534016951077298_880809571392397626_n.jpg?stp=dst-jpg_s150x150_tt6&efg=eyJ2ZW5jb2RlX3RhZyI6InByb2ZpbGVfcGljLmRqYW5nby4xMDgwLmMyIn0&_nc_ht=scontent-eze1-1.cdninstagram.com&_nc_cat=110&_nc_oc=Q6cZ2gGoRh-mGgodevo4QlLspcX7B8PahW0b8SB6NS1m_8fonqYph2qz5QBeTw_2RxmZW1Y&_nc_ohc=h1wqv6f519oQ7kNvwHLJ_Qk&_nc_gid=vgJ0G_fMNYvbt8D-6xUDjQ&edm=AI-cjbYBAAAA&ccb=7-5&oh=00_AQDrUQszcCzMwMfATSFMqC0_k3v0k-y3PRqVXZGklpRzBA&oe=6A6AF2EB&_nc_sid=0985b0,559
test-data3,true,mittel,§ 241 StGB,Bedrohung,'Und Du gleich 10 Jahre' richtet sich als bedrohliche Strafandrohung gegen einen anderen Nutzer.,buby302,buby302,48592022053,2026-06-02 17:15:17,0,Und Du gleich 10 Jahre,no,18008434181728161,https://www.instagram.com/buby302,https://www.instagram.com/p/DZDH8YstgWl/c/18008434181728161,https://scontent-eze1-1.cdninstagram.com/v/t51.2885-19/270011321_143264024730827_1443298470280246282_n.jpg?stp=dst-jpg_s150x150_tt6&efg=eyJ2ZW5jb2RlX3RhZyI6InByb2ZpbGVfcGljLmRqYW5nby4xMDgwLmMyIn0&_nc_ht=scontent-eze1-1.cdninstagram.com&_nc_cat=111&_nc_oc=Q6cZ2gHt__tREKYcCMMuOaGCljeU_xPwkIPljq4iOH5pKt1weU5n5p-LkUGRTGCSpPoQ64M&_nc_ohc=NtPeJ41X85cQ7kNvwFvdOdq&_nc_gid=2l7qqZ3syR0T4r6F69pfqg&edm=AI-cjbYBAAAA&ccb=7-5&oh=00_AQBb77KYW3CwU_dwG6L7rWlMxu_XgEQfTkZ4WZ0-52qsvg&oe=6A6AEDE4&_nc_sid=0985b0,3212
test-data3,true,mittel,§ 130 Abs. 1 StGB; § 111 StGB,Aufforderung zu Straftaten,"Der Wunsch, dass 'das mehrere machen', billigt und wünscht die Nachahmung der als Volksverhetzung gewerteten Willkürmaßnahme gegen Juden herbei.",zimaj387,zimaj387,69614027604,2026-06-01 20:27:29,0,hoffe das machen mehrere,no,18095148818187871,https://www.instagram.com/zimaj387,https://www.instagram.com/p/DZDH8YstgWl/c/18095148818187871,https://scontent-eze1-2.cdninstagram.com/v/t51.82787-19/745084631_17943139386323605_8108977468834400287_n.jpg?stp=dst-jpg_s150x150_tt6&efg=eyJ2ZW5jb2RlX3RhZyI6InByb2ZpbGVfcGljLmRqYW5nby4xMDgwLmMyIn0&_nc_ht=scontent-eze1-2.cdninstagram.com&_nc_cat=101&_nc_oc=Q6cZ2gEYl9mKGr7yWAokntTsFJ1F3ep04DPqL5Txq4Nub8k5CJMlumickzAkpUOXp9k-qJI&_nc_ohc=OL1gqwZ2ztUQ7kNvwFV_7Bn&_nc_gid=ftJ4RzbAAkWYnNrLyhgoiQ&edm=AI-cjbYBAAAA&ccb=7-5&oh=00_AQAz2kN2c8MKEHWsROZVOewpzZweonJWlJw4nTE7NjT0bQ&oe=6A6B0255&_nc_sid=0985b0,28
data2,,,,,,julenurmita,julenurmita,68672291229,2026-06-02 00:35:12,0,"@berserker.jerky die AFD ist keine Religion oder Ethnie, dafür steht sie für eine bestimmte Weltanschauung, die man sich ganz bewusst ausgesucht hat. Also ja!",no,18073619825671039,https://www.instagram.com/julenurmita,https://www.instagram.com/p/DZDH8YstgWl/c/18073619825671039,https://scontent-eze1-1.cdninstagram.com/v/t51.82787-19/729919944_17935403268291230_7581944660922661240_n.jpg?stp=dst-jpg_s150x150_tt6&efg=eyJ2ZW5jb2RlX3RhZyI6InByb2ZpbGVfcGljLmRqYW5nby4xMDgwLmMyIn0&_nc_ht=scontent-eze1-1.cdninstagram.com&_nc_cat=102&_nc_oc=Q6cZ2gGUBBkZuMhRxq7x2IglKC4mP9OpjzLbv8FUsRXll8e1sqdGCLGdsolDw0uMdyXXTKQ&_nc_ohc=bAOwGxWr7R4Q7kNvwGpoLYu&_nc_gid=wjqp446pF4Nn5R2Coh3Q3A&edm=AI-cjbYBAAAA&ccb=7-5&oh=00_AQBNQbZEhFgmqU4XLqI8zoDcIr2ppcrva2Z7-34IRVEomg&oe=6A6B0289&_nc_sid=0985b0,
test-data3,true,mittel,§ 130 Abs. 1 StGB,Billigung Willkürmaßnahme,"""Guter Mann"" lobt den wegen Volksverhetzung Verurteilten.",feinerbernd,feinerbernd,47390485203,2026-06-01 23:36:16,0,Guter Mann,no,18150112987492273,https://www.instagram.com/feinerbernd,https://www.instagram.com/p/DZDH8YstgWl/c/18150112987492273,https://scontent-eze1-2.cdninstagram.com/v/t51.82787-19/527512535_18055522472581204_5727635900360739057_n.jpg?stp=dst-jpg_s150x150_tt6&efg=eyJ2ZW5jb2RlX3RhZyI6InByb2ZpbGVfcGljLmRqYW5nby4xMDgwLmMyIn0&_nc_ht=scontent-eze1-2.cdninstagram.com&_nc_cat=104&_nc_oc=Q6cZ2gF0zHe6UU6ljQNXbRPRq3aLCLO-r97hOPdW7ltnnHdJbaNkmFA9R8IvVtWepXDUhaw&_nc_ohc=lOktDC-h7woQ7kNvwFtP5zj&_nc_gid=oe3KqX_C7XxvRm3QANq7KA&edm=AI-cjbYBAAAA&ccb=7-5&oh=00_AQBrK1bNuhgH7Vs0IZ3Dp4Z3d0DFgtjCqGxiIqHHe7ncwg&oe=6A6B07FF&_nc_sid=0985b0,737
test-data3,true,mittel,§ 130 Abs. 1 StGB,Billigung Willkürmaßnahme,Bezeichnung als 'echter Mann' bei ausdrücklicher Billigung ('Alles richtig gemacht') der Handlung gegen Juden.,herr.arfo47,herr.arfo47,70293588209,2026-06-02 12:39:28,0,Alles richtig gemacht ein echter Mann !!!,no,17930631225279595,https://www.instagram.com/herr.arfo47,https://www.instagram.com/p/DZDH8YstgWl/c/17930631225279595,https://scontent-eze1-1.cdninstagram.com/v/t51.82787-19/619255810_17905494714340210_3958217537142450175_n.jpg?stp=dst-jpg_s150x150_tt6&efg=eyJ2ZW5jb2RlX3RhZyI6InByb2ZpbGVfcGljLmRqYW5nby4xMDgwLmMyIn0&_nc_ht=scontent-eze1-1.cdninstagram.com&_nc_cat=110&_nc_oc=Q6cZ2gE4ZpSg3K8K4CXgmCgqdhTEgoaENtiVru7wPeBBkWq9BeGWfUto9y6znIxeIKzqXe8&_nc_ohc=q0YSKpJxjVMQ7kNvwH9m_Jj&_nc_gid=L-K-GMCp7RfNOsPYRPV20w&edm=AI-cjbYBAAAA&ccb=7-5&oh=00_AQAfpR5QtQcSETOXgfHvS8D2ZFcKlpI5VoqxNxBlYFkAyQ&oe=6A6B0F00&_nc_sid=0985b0,2555
test-data3,true,mittel,§ 130 Abs. 1 StGB; § 166 StGB,Religionsbeschimpfung,"Verwendet den abwertenden antisemitischen Begriff 'goy cattle' im Zusammenhang mit einer Talmud-Anspielung und würde selbst ein ähnliches Schild aufhängen, billigt damit die Ausgrenzung und nutzt einschlägige antisemitische Codes.",_jay.haze47_,_jay.haze47_,76102609394,2026-06-02 13:10:20,0,Würd ich auch machen und die Begründung dafür ist der talmud und das ich kein goy cattle für sie sein möchte aber jeder jew. der sich an die torah(5 Bücher Mose) hält ist herzlich als Glaubensbruder willkommen,no,17901122508286829,https://www.instagram.com/_jay.haze47_,https://www.instagram.com/p/DZDH8YstgWl/c/17901122508286829,https://scontent-eze1-1.cdninstagram.com/v/t51.82787-19/567325508_17857776918537395_8402196070212452978_n.jpg?stp=dst-jpg_s150x150_tt6&efg=eyJ2ZW5jb2RlX3RhZyI6InByb2ZpbGVfcGljLmRqYW5nby4xMDgwLmMyIn0&_nc_ht=scontent-eze1-1.cdninstagram.com&_nc_cat=111&_nc_oc=Q6cZ2gF6Q6RFt7xnrGptOchvQ7rvAe-lXEYCVswutgVV2Iw1gRPQue5pPll7S1U2cyKb8Hg&_nc_ohc=f07yxYrQqFwQ7kNvwGcu0MX&_nc_gid=UQSp5_q_w4lgaSB1vxizLA&edm=AI-cjbYBAAAA&ccb=7-5&oh=00_AQDbFv_6fkfLloLBC1TtUGTxSPdnh_fkxmDIKe7QkTM2DQ&oe=6A6AF30D&_nc_sid=0985b0,2651
test-data3,true,mittel,§ 130 Abs. 1 StGB; § 140 StGB,Billigung Willkürmaßnahme,"Ausdrückliche Zustimmung (""alles richtig gemacht"") mit mehrfachem Applaus-Emoji zur Tat des Ladenbesitzers (Hausverbot für Juden) ohne Bezug zum Urteil - billigt die Willkürmaßnahme gegen Juden als Gruppe.",lemmy5858,lemmy5858,72856271073,2026-06-02 08:31:39,0,Der Typ hat alles richtig gemacht!👏🏻👏🏻👏🏻👏🏻👏🏻👏🏻,no,18106546669947947,https://www.instagram.com/lemmy5858,https://www.instagram.com/p/DZDH8YstgWl/c/18106546669947947,https://scontent-eze1-2.cdninstagram.com/v/t51.2885-19/483310781_649939557616203_1943785938941210543_n.jpg?stp=dst-jpg_s150x150_tt6&efg=eyJ2ZW5jb2RlX3RhZyI6InByb2ZpbGVfcGljLmRqYW5nby4xMDgwLmMyIn0&_nc_ht=scontent-eze1-2.cdninstagram.com&_nc_cat=103&_nc_oc=Q6cZ2gFQa_ORcgznTWl3TWbj3FtnjYxOsGUCnE2-yD54pfbRWzUX9a9bKpsKHC2gpwquD84&_nc_ohc=yZSXD_KcG2kQ7kNvwGKhEN8&_nc_gid=JOfFiewkUeFX5gdkAToNmQ&edm=AI-cjbYBAAAA&ccb=7-5&oh=00_AQAmYx_RtKXneOR8fN67tn7v073khcidnUSFDgwyTofGIQ&oe=6A6AFEF5&_nc_sid=0985b0,1924
test-data3,true,mittel,§ 130 Abs. 1 StGB,Billigung Willkürmaßnahme,"'Ein Held' mit Israel-Flagge/Toilettensymbol als abwertender Bezug, billigt die Handlung und wertet die Gruppe herab.",rahima.neufeld3,rahima.neufeld3,1818969724,2026-06-02 13:08:04,0,Ein Held 👍‼️🇮🇱🚽,no,17935981296255151,https://www.instagram.com/rahima.neufeld3,https://www.instagram.com/p/DZDH8YstgWl/c/17935981296255151,https://scontent-eze1-1.cdninstagram.com/v/t51.2885-19/463275770_520108054249067_5115236380789581698_n.jpg?stp=dst-jpg_s150x150_tt6&efg=eyJ2ZW5jb2RlX3RhZyI6InByb2ZpbGVfcGljLmRqYW5nby4xMDgwLmMyIn0&_nc_ht=scontent-eze1-1.cdninstagram.com&_nc_cat=111&_nc_oc=Q6cZ2gF6Q6RFt7xnrGptOchvQ7rvAe-lXEYCVswutgVV2Iw1gRPQue5pPll7S1U2cyKb8Hg&_nc_ohc=kHDarYINuDYQ7kNvwGDyWy0&_nc_gid=UQSp5_q_w4lgaSB1vxizLA&edm=AI-cjbYBAAAA&ccb=7-5&oh=00_AQAX6922ygHZFvdxWn0QuKrPjX25Uh8EmGVDugI2UB-1CQ&oe=6A6AF80E&_nc_sid=0985b0,2639
test-data3,true,hoch,§ 130 Abs. 1 StGB; § 185 StGB,Verhetzende Beleidigung,"""Richtiger goiym"" verwendet einen abwertenden jiddischen/antisemitischen Begriff im Kontext der Zustimmung zum antisemitischen Schild und der übrigen Thread-Kommentare.",marko.gina294,marko.gina294,64499518983,2026-06-02 23:31:18,0,@bine_13_w Richtiger goiym,no,17989894847994716,https://www.instagram.com/marko.gina294,https://www.instagram.com/p/DZDH8YstgWl/c/17989894847994716,https://scontent-eze1-2.cdninstagram.com/v/t51.82787-19/751726597_17957929515150984_1059045747910810291_n.jpg?stp=dst-jpg_s150x150_tt6&efg=eyJ2ZW5jb2RlX3RhZyI6InByb2ZpbGVfcGljLmRqYW5nby4xMDgwLmMyIn0&_nc_ht=scontent-eze1-2.cdninstagram.com&_nc_cat=100&_nc_oc=Q6cZ2gG3WQx_4-TV64xSFraF7HU2q0MqcVmj5Y7SEWX4Z77mAu4tbq5vv5IMXZWKI0mJoSs&_nc_ohc=s_1s36382ikQ7kNvwH69_oG&_nc_gid=RUbGex3PoUmqZPnsyVLwNg&edm=AI-cjbYBAAAA&ccb=7-5&oh=00_AQBzc8nUDUjrCHb2zapm9NbI_Tyic5l4droM_BjYaJ_dBQ&oe=6A6AFC60&_nc_sid=0985b0,3750
test-data3,true,mittel,§ 130 Abs. 1 StGB,Billigung Willkürmaßnahme,'Ehrenmann' als Lob für den Täter der antisemitischen Aushängung.,maki.nist45,maki.nist45,48587185596,2026-06-02 12:54:40,0,Ehrenmann....❤️,no,18063100370466222,https://www.instagram.com/maki.nist45,https://www.instagram.com/p/DZDH8YstgWl/c/18063100370466222,https://scontent-eze1-2.cdninstagram.com/v/t51.82787-19/571410194_18068590019617597_3475854892225876226_n.jpg?stp=dst-jpg_s150x150_tt6&efg=eyJ2ZW5jb2RlX3RhZyI6InByb2ZpbGVfcGljLmRqYW5nby44MzIuYzIifQ&_nc_ht=scontent-eze1-2.cdninstagram.com&_nc_cat=101&_nc_oc=Q6cZ2gEzLi-XJ68h95Rd6yyRQ7ndEZxMZZCk2bBzyEo3AMJ5rWHZ3sv7D27NW2nrOnJvhGA&_nc_ohc=guKjhJ4F6q8Q7kNvwFgj0Tr&_nc_gid=hbdSeAVv6SC1TEvzFicUPw&edm=AI-cjbYBAAAA&ccb=7-5&oh=00_AQAYRku3EVdljkZLgJwydthP6NQJ_DFEcbqmGF7YtW_MAQ&oe=6A6B04A1&_nc_sid=0985b0,2598
test-data3,true,mittel,§ 130 Abs. 1 StGB,Kollektivschuld,"Rechtfertigt die Diskriminierung von Juden pauschal mit dem ""Gaza Massaker"" und macht Juden als Gruppe kollektiv verantwortlich für Handlungen des Staates Israel.",marliessol,marliessol,4566960945,2026-06-02 21:38:14,0,Nach dem Gaza Massaker kann ich das voll und ganz verstehen.,no,18131652247595671,https://www.instagram.com/marliessol,https://www.instagram.com/p/DZDH8YstgWl/c/18131652247595671,https://scontent-eze1-1.cdninstagram.com/v/t51.2885-19/503110423_18354927949152946_8609232610141446041_n.jpg?stp=dst-jpg_s150x150_tt6&efg=eyJ2ZW5jb2RlX3RhZyI6InByb2ZpbGVfcGljLmRqYW5nby4xMDgwLmMyIn0&_nc_ht=scontent-eze1-1.cdninstagram.com&_nc_cat=110&_nc_oc=Q6cZ2gE_cNcSO2qfGLAZ8ygOUJsiffrN3BhX-exemmTunhu2kadWKTpLPza4mr_YevnkrKs&_nc_ohc=jaKfZ9oVqxQQ7kNvwHPOL5G&_nc_gid=RcMBT0Msm-52mftmbJkokg&edm=AI-cjbYBAAAA&ccb=7-5&oh=00_AQDewgzfKLespVXYIYBDIo-m8QVLOaLpRzE0gj6O2cD3fQ&oe=6A6B1812&_nc_sid=0985b0,3635
test-data3,true,mittel,§ 130 Abs. 1 StGB,Aufstacheln zum Hass,"""good goy"" ist ein bekannter antisemitischer Code aus rechtsextremen/verschwörungsideologischen Kreisen, der jüdische Kontrolle über Nichtjuden (""Goyim"") unterstellt und Nutzer verspottet, die vermeintlich für jüdische Interessen eintreten.",dust1n.95,dust1n.95,4253414966,2026-06-02 09:30:06,0,@stefanhofi good goy,no,18107207560937784,https://www.instagram.com/dust1n.95,https://www.instagram.com/p/DZDH8YstgWl/c/18107207560937784,https://scontent-eze1-2.cdninstagram.com/v/t51.82787-19/741637331_18449658484142967_2546875515628594655_n.jpg?stp=dst-jpg_s150x150_tt6&efg=eyJ2ZW5jb2RlX3RhZyI6InByb2ZpbGVfcGljLmRqYW5nby4xMDgwLmMyIn0&_nc_ht=scontent-eze1-2.cdninstagram.com&_nc_cat=103&_nc_oc=Q6cZ2gE7_rT6ajdH3gKKPjp7A0cAy-BwBAnfJRpjU89bKUSgVSMmtnBN3HGKvdYX0USsf7A&_nc_ohc=TPIqYL5B0C8Q7kNvwE_wXIW&_nc_gid=qArDx4GYZJDqVLZtwCedpw&edm=AI-cjbYBAAAA&ccb=7-5&oh=00_AQDKAMXHLv_2qS__KbxIu8odGsPmCIoYX_3shhiphIq04A&oe=6A6B1168&_nc_sid=0985b0,2080
test-data3,true,mittel,§ 130 Abs. 1 StGB,Billigung Willkürmaßnahme,"Behauptet, der Täter habe ""nichts falsch gemacht"" und billigt damit die Ausgrenzung von Juden als Gruppe.",gift.pilz19,gift.pilz19,69629098898,2026-06-01 23:14:28,0,Er hat nichts falsch gemacht,no,18084740663149534,https://www.instagram.com/gift.pilz19,https://www.instagram.com/p/DZDH8YstgWl/c/18084740663149534,https://scontent-eze1-2.cdninstagram.com/v/t51.82787-19/583040307_17900421585322899_1622705251021573877_n.jpg?stp=dst-jpg_s150x150_tt6&efg=eyJ2ZW5jb2RlX3RhZyI6InByb2ZpbGVfcGljLmRqYW5nby4xMDgwLmMyIn0&_nc_ht=scontent-eze1-2.cdninstagram.com&_nc_cat=103&_nc_oc=Q6cZ2gFUKAu33TzZzCgXPLWy2oEhw0YrEuMTQXuS4gQHdVAFgSIiUwqpPaG8Gajvci1cmbU&_nc_ohc=hsqOY4pDFPEQ7kNvwEnLXDi&_nc_gid=3T7fI1Z1-_EndhbPna-6uQ&edm=AI-cjbYBAAAA&ccb=7-5&oh=00_AQA72wo8YSourFZnd89YKdBKrUjDKxm5qQrrRrh95koPCw&oe=6A6B1829&_nc_sid=0985b0,625
test-data3,true,hoch,§ 241 StGB; § 185 StGB,Bedrohung,'Und dich sollte man in der nächsten Müllentsorgung endlagern!' ist eine massive Entmenschlichung und Bedrohung gegen einen konkreten Nutzer.,ch.linshalm,ch.linshalm,72558639414,2026-06-02 18:08:47,0,Und dich sollte man in der nächsten Müllentsorgung endlagern!,no,18104910007791276,https://www.instagram.com/ch.linshalm,https://www.instagram.com/p/DZDH8YstgWl/c/18104910007791276,https://scontent-eze1-1.cdninstagram.com/v/t51.2885-19/481003829_658646316600521_924411119919089298_n.jpg?stp=dst-jpg_s150x150_tt6&efg=eyJ2ZW5jb2RlX3RhZyI6InByb2ZpbGVfcGljLmRqYW5nby43NDguYzIifQ&_nc_ht=scontent-eze1-1.cdninstagram.com&_nc_cat=105&_nc_oc=Q6cZ2gHsWLF8rPrpJvENCbMzwz9maBORHn_VWZyXOIrjCcNH01biXqeMWvCYvYxw0EFXUJ8&_nc_ohc=AE1V2WetoeYQ7kNvwGKAp3l&_nc_gid=Oj6qDSNIGaWFuWrzD3NgDA&edm=AI-cjbYBAAAA&ccb=7-5&oh=00_AQDer19a26ojIRtd6pIpRLUdOPSmWrH9cBpJAuwSYRA3qA&oe=6A6B0DBE&_nc_sid=0985b0,3300
data2,,,,,,hassoo_ib,hassoo_ib,745195207,2026-06-02 12:56:27,0,King,no,17878438053665654,https://www.instagram.com/hassoo_ib,https://www.instagram.com/p/DZDH8YstgWl/c/17878438053665654,https://scontent-eze1-2.cdninstagram.com/v/t51.82787-19/531996223_18519003850043208_4030729783922036443_n.jpg?stp=dst-jpg_s150x150_tt6&efg=eyJ2ZW5jb2RlX3RhZyI6InByb2ZpbGVfcGljLmRqYW5nby4xMDgwLmMyIn0&_nc_ht=scontent-eze1-2.cdninstagram.com&_nc_cat=100&_nc_oc=Q6cZ2gEzLi-XJ68h95Rd6yyRQ7ndEZxMZZCk2bBzyEo3AMJ5rWHZ3sv7D27NW2nrOnJvhGA&_nc_ohc=p0pi0j8KxGAQ7kNvwED4G3g&_nc_gid=hbdSeAVv6SC1TEvzFicUPw&edm=AI-cjbYBAAAA&ccb=7-5&oh=00_AQCRTTpspvJ6BHO0qt8DXPdA-3a9cqP31Gzsf7-1moguAQ&oe=6A6AF5E8&_nc_sid=0985b0,
data2,,,,,,m4.golden,m4.golden,57099168336,2026-06-02 01:39:36,0,Ehre,no,18107713279745986,https://www.instagram.com/m4.golden,https://www.instagram.com/p/DZDH8YstgWl/c/18107713279745986,https://scontent-eze1-1.cdninstagram.com/v/t51.2885-19/432766863_1068479977787711_7276615398692948841_n.jpg?stp=dst-jpg_s150x150_tt6&efg=eyJ2ZW5jb2RlX3RhZyI6InByb2ZpbGVfcGljLmRqYW5nby45MzcuYzIifQ&_nc_ht=scontent-eze1-1.cdninstagram.com&_nc_cat=111&_nc_oc=Q6cZ2gE7ph9RLmoqayOiqdvrItJZIFCiBUdqGoAhcaOPdqRWDDhsUm06tXjG1yugRxnz8j8&_nc_ohc=TSmH2lt8BFoQ7kNvwEMoWym&_nc_gid=2aWIg5O-dyNAHJF8uLPhXA&edm=AI-cjbYBAAAA&ccb=7-5&oh=00_AQCYdTGux0IC0kGcaJktKxdnAhIKtqxM6ghEo5tnWU5VHQ&oe=6A6AF8CD&_nc_sid=0985b0,
test-data3,true,mittel,§ 130 Abs. 1 StGB,Billigung Willkürmaßnahme,"Behauptet, der Täter habe ""nichts falsch gemacht"", und billigt damit die als Volksverhetzung gewertete Handlung.",herrsingh01,herrsingh01,4346873186,2026-06-01 23:08:28,0,Bro hat nichts falsch gemacht,no,18049079633774502,https://www.instagram.com/herrsingh01,https://www.instagram.com/p/DZDH8YstgWl/c/18049079633774502,https://scontent-eze1-2.cdninstagram.com/v/t51.82787-19/539568354_18365668525145187_8736154331165285225_n.jpg?stp=dst-jpg_s150x150_tt6&efg=eyJ2ZW5jb2RlX3RhZyI6InByb2ZpbGVfcGljLmRqYW5nby4xMDgwLmMyIn0&_nc_ht=scontent-eze1-2.cdninstagram.com&_nc_cat=103&_nc_oc=Q6cZ2gGoRh-mGgodevo4QlLspcX7B8PahW0b8SB6NS1m_8fonqYph2qz5QBeTw_2RxmZW1Y&_nc_ohc=FKcsdtcUGw4Q7kNvwFDpbDN&_nc_gid=vgJ0G_fMNYvbt8D-6xUDjQ&edm=AI-cjbYBAAAA&ccb=7-5&oh=00_AQDtBKiYzk3eggJlkpYAzYKKfRbOHKWILHt71AXqOLipOw&oe=6A6B16A4&_nc_sid=0985b0,595
test-data3,true,hoch,§ 130 Abs. 1 StGB,Aufstacheln zum Hass,"Ausdrückliche Forderung ""Antisemitismus muss gefördert werden"" ist eine unmittelbare Aufstachelung zum Hass gegen Juden.",mxmrnr064,mxmrnr064,3023877902,2026-06-04 09:37:36,0,@stefanhofi Antisemitismus muss gefördert werden,no,17894804622468098,https://www.instagram.com/mxmrnr064,https://www.instagram.com/p/DZDH8YstgWl/c/17894804622468098,https://scontent-eze1-2.cdninstagram.com/v/t51.82787-19/734685178_18478160962101903_4055761834688251133_n.jpg?stp=dst-jpg_s150x150_tt6&efg=eyJ2ZW5jb2RlX3RhZyI6InByb2ZpbGVfcGljLmRqYW5nby4xMDgwLmMyIn0&_nc_ht=scontent-eze1-2.cdninstagram.com&_nc_cat=103&_nc_oc=Q6cZ2gGUeJcuVmyqGRCM0TfHZl0y1lEhj00N9rIhoSCb2OS9SVl59qKqIKnys0CDVIOYAJQ&_nc_ohc=Cv-RSMlKOcMQ7kNvwEJT0Oo&_nc_gid=wb4u7MoWyZdllDXqssWUOA&edm=AI-cjbYBAAAA&ccb=7-5&oh=00_AQAiw3RJjjDTbbMF8R6veVptgRp60XlPh6hu32sI0c92pQ&oe=6A6B18AD&_nc_sid=0985b0,4113
test-data3,true,mittel,§ 130 Abs. 1 StGB; § 140 StGB,Billigung Willkürmaßnahme,"""Ehrenmann"" - billigende Zustimmung zur Handlung des Ladenbesitzers.",yusuf0350k,yusuf0350k,5052399554,2026-06-02 09:07:56,0,Ehrenmann,no,18025126997655029,https://www.instagram.com/yusuf0350k,https://www.instagram.com/p/DZDH8YstgWl/c/18025126997655029,https://scontent-eze1-2.cdninstagram.com/v/t51.2885-19/261272444_392508702621591_6951475916113781131_n.jpg?stp=dst-jpg_s150x150_tt6&efg=eyJ2ZW5jb2RlX3RhZyI6InByb2ZpbGVfcGljLmRqYW5nby4xMDgwLmMyIn0&_nc_ht=scontent-eze1-2.cdninstagram.com&_nc_cat=103&_nc_oc=Q6cZ2gFCPh_ssheGUGCYZNOUMykPKQ2d5bK3toPv4etkt0tymGbSl9El7J8EYsi38yjSoGQ&_nc_ohc=YStUTgHWhXQQ7kNvwGAz7rj&_nc_gid=EmjBLA2Ls_dKdfny49VMZQ&edm=AI-cjbYBAAAA&ccb=7-5&oh=00_AQDj-KLSs5nuy0D688RNf6K0MpY-r_rfxiTLjQvxngte5w&oe=6A6AED13&_nc_sid=0985b0,2013
test-data3,true,mittel,§ 130 Abs. 1 StGB,Billigung Willkürmaßnahme,"""Ehrenmann"" als Lob für den wegen Volksverhetzung Verurteilten billigt dessen Willkürmaßnahme gegen Juden.",dogancili1926,dogancili1926,40020204961,2026-06-01 22:52:39,0,Ehrenmann 👏,no,17882295636591942,https://www.instagram.com/dogancili1926,https://www.instagram.com/p/DZDH8YstgWl/c/17882295636591942,https://scontent-eze1-2.cdninstagram.com/v/t51.2885-19/218166130_529587835155535_212318280263461_n.jpg?stp=dst-jpg_s150x150_tt6&efg=eyJ2ZW5jb2RlX3RhZyI6InByb2ZpbGVfcGljLmRqYW5nby4xMDgwLmMyIn0&_nc_ht=scontent-eze1-2.cdninstagram.com&_nc_cat=107&_nc_oc=Q6cZ2gGqzGKEOIV7JTFCvlWvdDfuGyj5_oW600tdZLriczK1ZKHcc2mJl8GvcXmKtuD7_Nw&_nc_ohc=F39IXD6Hn70Q7kNvwFvXBVB&_nc_gid=xiRHOO1PjwLqCKxzbVw8hQ&edm=AI-cjbYBAAAA&ccb=7-5&oh=00_AQABOQI7o0AdBPPU6nJRgMHZUGrMrKNbM2u9c1wCZ0gKpQ&oe=6A6B174E&_nc_sid=0985b0,506
test-data3,true,mittel,§ 130 Abs. 1 StGB,Billigung Willkürmaßnahme,"Bezeichnet die Handlung als 'alles richtig gemacht' und rahmt das Hausverbot gegen Juden als bloße Meinungsäußerung, billigt damit die Willkürmaßnahme.",neyh.58,neyh.58,1937173207,2026-06-02 11:44:23,0,Er hat alles richtig gemacht. Die eigene Meinung vertreten… ist dann eine Straftat wenn es um die geht!,no,18083268197173246,https://www.instagram.com/neyh.58,https://www.instagram.com/p/DZDH8YstgWl/c/18083268197173246,https://scontent-eze1-2.cdninstagram.com/v/t51.82787-19/568824540_18502635163069208_1345843800248390203_n.jpg?stp=dst-jpg_s150x150_tt6&efg=eyJ2ZW5jb2RlX3RhZyI6InByb2ZpbGVfcGljLmRqYW5nby4xMDgwLmMyIn0&_nc_ht=scontent-eze1-2.cdninstagram.com&_nc_cat=108&_nc_oc=Q6cZ2gH50YIUgJwQ85dTO2AE7jRUaMuoMK4xTGF7AKp3UK3-x60l8ejXT2WaHy4-P3Z7y1A&_nc_ohc=kpSgjU-u870Q7kNvwGuiSB4&_nc_gid=HmmqaAQNKT5EEpeWjiuJAg&edm=AI-cjbYBAAAA&ccb=7-5&oh=00_AQDAIpydJJkFumOjwAq5_nsjAm7uxAH7SGTtEEHFXTFF-w&oe=6A6B0BB8&_nc_sid=0985b0,2433
test-data3,true,mittel,§ 130 Abs. 1 StGB,Aufstacheln zum Hass,"Verwendet den antisemitischen Kampfbegriff 'good goy' im Kontext der Diskussion, abwertender Code gegen Nichtjuden, die sich gegen Antisemitismus positionieren, verhöhnt diese als unterwürfig.",daniel__k.2,daniel__k.2,76460636764,2026-06-02 13:53:23,0,@stefanhofi good goy,no,18093011285599657,https://www.instagram.com/daniel__k.2,https://www.instagram.com/p/DZDH8YstgWl/c/18093011285599657,https://scontent-eze1-1.cdninstagram.com/v/t51.82787-19/687382090_17886274407548765_5254569060363523990_n.jpg?stp=dst-jpg_s150x150_tt6&efg=eyJ2ZW5jb2RlX3RhZyI6InByb2ZpbGVfcGljLmRqYW5nby4xMDgwLmMyIn0&_nc_ht=scontent-eze1-1.cdninstagram.com&_nc_cat=105&_nc_oc=Q6cZ2gFsZamjER4JTrapvAdLWKy6OGsTRI8sYhvrtNbPfVOlO9_bmniLvlDmUjXa3CE8dAE&_nc_ohc=pkKkvEsMgaQQ7kNvwGtFH-f&_nc_gid=rFRXkwMfudjLSQofWKirww&edm=AI-cjbYBAAAA&ccb=7-5&oh=00_AQA03pN0ib_OFZ0lBK5OLIFiohmB-44cx3JBEp0PzhX8ZQ&oe=6A6B0061&_nc_sid=0985b0,2752
test-data3,true,mittel,§ 130 Abs. 1 StGB; § 140 StGB,Billigung Willkürmaßnahme,"Ausdrückliches Lob für den 'Mut' des Täters, die Juden ausschließende Aussage öffentlich zu machen, billigt eine Willkürmaßnahme gegen eine Gruppe.",judithkunzli,judithkunzli,7737722970,2026-06-02 11:33:29,0,Einer der Mut hat👏👏👏👏,no,18104543527803346,https://www.instagram.com/judithkunzli,https://www.instagram.com/p/DZDH8YstgWl/c/18104543527803346,https://scontent-eze1-2.cdninstagram.com/v/t51.2885-19/31977664_1836428056408804_7220414077019881472_n.jpg?stp=dst-jpg_s150x150_tt6&efg=eyJ2ZW5jb2RlX3RhZyI6InByb2ZpbGVfcGljLmRqYW5nby43MjAuYzIifQ&_nc_ht=scontent-eze1-2.cdninstagram.com&_nc_cat=104&_nc_oc=Q6cZ2gH50YIUgJwQ85dTO2AE7jRUaMuoMK4xTGF7AKp3UK3-x60l8ejXT2WaHy4-P3Z7y1A&_nc_ohc=fyG3j6Bx7xIQ7kNvwEJEAFi&_nc_gid=HmmqaAQNKT5EEpeWjiuJAg&edm=AI-cjbYBAAAA&ccb=7-5&oh=00_AQBrLvLpuq14lsbLmG8CdWZ_HRYRjJeM-Gl0eFRIuff0xQ&oe=6A6AFC99&_nc_sid=0985b0,2409
test-data3,true,mittel,§ 130 Abs. 1 StGB,Sonstiges,"Fordert einen Kritiker auf, nach Israel auszuwandern, was eine kollektive Zuschreibung und abwertende Assoziation mit Juden/Israel als Gruppe suggeriert.",zer0d0wn1337,zer0d0wn1337,48752334885,2026-06-02 16:15:27,0,na dann ab nach Israel mit Dir! Da kannst du dann glücklich und zufrieden leben und musst dich nicht mehr über Deutschland aufregen.,no,18080910617174543,https://www.instagram.com/zer0d0wn1337,https://www.instagram.com/p/DZDH8YstgWl/c/18080910617174543,https://scontent-eze1-1.cdninstagram.com/v/t51.82787-19/749846217_18049601654630886_7240040672756353518_n.jpg?stp=dst-jpg_s150x150_tt6&efg=eyJ2ZW5jb2RlX3RhZyI6InByb2ZpbGVfcGljLmRqYW5nby4xMDgwLmMyIn0&_nc_ht=scontent-eze1-1.cdninstagram.com&_nc_cat=106&_nc_oc=Q6cZ2gGsidG6wEDwaqutxiiBygBKjEAuNSolVLVCurhpTyZz-vInSp2Yv4pKdZ5tl2uz7zc&_nc_ohc=IqSINWY8TFoQ7kNvwGhOiDN&_nc_gid=1Ft56g8RuwqE2MIDpeP0oQ&edm=AI-cjbYBAAAA&ccb=7-5&oh=00_AQDsgcLL4dy9jbsUoCSWIIMAcdnqDkqtbi__pLOoGR8wTg&oe=6A6B0A9F&_nc_sid=0985b0,3085
test-data3,true,mittel,§ 130 Abs. 1 StGB,Billigung Willkürmaßnahme,"Erklärt das Handeln des Täters für ""völlig richtig"" im Kontext des Hausverbotsschilds gegen Juden.",stranzingerleopold,stranzingerleopold,77861343334,2026-06-02 21:19:04,0,Es ist sein Laden und da kann er selber bestimmen wer rein darf und nicht er hat föllig richtig gehandelt,no,18328714051249577,https://www.instagram.com/stranzingerleopold,https://www.instagram.com/p/DZDH8YstgWl/c/18328714051249577,https://scontent-gru1-1.cdninstagram.com/v/t51.2885-19/573323465_1219825463302212_7278921664109726296_n.png?stp=dst-jpg_e0_s150x150_tt6&efg=eyJ2ZW5jb2RlX3RhZyI6InByb2ZpbGVfcGljLmRqYW5nby4xNTAuYzIifQ&_nc_ht=scontent-gru1-1.cdninstagram.com&_nc_cat=1&_nc_oc=Q6cZ2gGbVnAEJhKqt6AGZu1S8xsSTS_MFPViDCko6KeK_Nz4IntnVvdZRb5W6osuuVagUZ4&_nc_ohc=vUGxye7DTtYQ7kNvwGSO_vk&_nc_gid=Oa0CWn5ShSnQGKRbTwwqTw&edm=AJ9x6zYBAAAA&ccb=7-5&ig_cache_key=YW5vbnltb3VzX3Byb2ZpbGVfcGlj.3-ccb7-5&oh=00_AQDV3uSOh2_dBmABHbOM4luyprptQIughn3tDBT_HY2O4g&oe=6A6B08EA&_nc_sid=65462d,3601
test-data3,true,mittel,§ 130 Abs. 1 StGB,Billigung Willkürmaßnahme,'Bester Man Hero' als Auszeichnung für den Täter der antisemitischen Aushängung.,the_one_official_memoo,the_one_official_memoo,69773508558,2026-06-02 14:13:42,0,Bester Man Hero,no,18084186914150104,https://www.instagram.com/the_one_official_memoo,https://www.instagram.com/p/DZDH8YstgWl/c/18084186914150104,https://scontent-eze1-2.cdninstagram.com/v/t51.82787-19/756589884_17935693614324559_6752006467623322083_n.jpg?stp=dst-jpg_s150x150_tt6&efg=eyJ2ZW5jb2RlX3RhZyI6InByb2ZpbGVfcGljLmRqYW5nby4xMDgwLmMyIn0&_nc_ht=scontent-eze1-2.cdninstagram.com&_nc_cat=107&_nc_oc=Q6cZ2gGBIpQyJ40zB-5e2JJNHgpKYQvFbUWoesJlUPrIKpjr71XBTfb2BFPE6kNWzmiZV-E&_nc_ohc=KDiBZc4uGowQ7kNvwEkj4RQ&_nc_gid=1I12LAon-7FddfyBWv8UsA&edm=AI-cjbYBAAAA&ccb=7-5&oh=00_AQDmMPhcE-pFEw7k9adAxEexvjEQBhzNHb2kTVbLzy3TjA&oe=6A6B0BA1&_nc_sid=0985b0,2800
test-data3,true,mittel,§ 130 Abs. 1 StGB,Aufstacheln zum Hass,"""Ich verkaufe nichts an Mosl...."" ist die eigene Ankündigung, eine Gruppe wegen Religion/Ethnie kollektiv vom Geschäftsverkehr auszuschließen, analog zur verurteilten Tat.",marco_meierhoefer91,marco_meierhoefer91,61382177576,2026-06-02 05:13:41,0,Ich verkaufe nichts an Mosl....,no,17897321523462048,https://www.instagram.com/marco_meierhoefer91,https://www.instagram.com/p/DZDH8YstgWl/c/17897321523462048,https://scontent-eze1-1.cdninstagram.com/v/t51.82787-19/608102578_17960188206041577_5246456012498253964_n.jpg?stp=dst-jpg_s150x150_tt6&efg=eyJ2ZW5jb2RlX3RhZyI6InByb2ZpbGVfcGljLmRqYW5nby4xMDgwLmMyIn0&_nc_ht=scontent-eze1-1.cdninstagram.com&_nc_cat=109&_nc_oc=Q6cZ2gHW7-wXBrtZg3vrB8iz5sXRICPmu-9TTlbPEaLUn3r80JaF0trJH49hwjM6sMTCWyI&_nc_ohc=AgZ_NHUO8DkQ7kNvwF1m2FW&_nc_gid=t0AM2WOyNxNBjO_BAX0jUg&edm=AI-cjbYBAAAA&ccb=7-5&oh=00_AQC-V8kcTzdhDkK2eK2CpvKUwp14wFyAm9e8W5NGlweEvg&oe=6A6B1E75&_nc_sid=0985b0,1686
test-data3,true,mittel,§ 130 Abs. 1 StGB,Sonstiges,"Unterstellt pauschal, dass Nutzer durch ""Steuerzahlungen"" ""Israel in Deutschland"" unterstützen, und bezeichnet den Angesprochenen abwertend als ""Äffchen"" - beleidigend und mit antisemitischem Verschwörungsunterton verknüpft.",abfackel,abfackel,1986940016,2026-06-02 11:24:21,0,@50.rthr und du unterstützt durch Instagramnutzung und Steuerzahlungen fleißig Israel in Deutschland. Danke Äffchen,no,18059858987709954,https://www.instagram.com/abfackel,https://www.instagram.com/p/DZDH8YstgWl/c/18059858987709954,https://scontent-eze1-1.cdninstagram.com/v/t51.82787-19/731158355_18563177569068017_6511963249519662021_n.jpg?stp=dst-jpg_s150x150_tt6&efg=eyJ2ZW5jb2RlX3RhZyI6InByb2ZpbGVfcGljLmRqYW5nby4xMDgwLmMyIn0&_nc_ht=scontent-eze1-1.cdninstagram.com&_nc_cat=105&_nc_oc=Q6cZ2gHO7MG-bpYVI3HQYID0A1hP-w0yKBLexaPI-fIVkQc_uE8IjXhoiGyo65QQwEHeLSc&_nc_ohc=QQzMnWk9xSYQ7kNvwEbOn4t&_nc_gid=wIGp_SMY_r0uB0dtCACt7A&edm=AI-cjbYBAAAA&ccb=7-5&oh=00_AQAf4PcsbklX8MZlO5WMXnZEE0tqxVZkorWm0DxqJLkvgA&oe=6A6AED91&_nc_sid=0985b0,2376
test-data3,true,mittel,§ 130 Abs. 1 StGB; § 140 StGB,Billigung Willkürmaßnahme,Bezeichnet den Täter als 'bester Mann' der 'alles richtig gemacht' habe und billigt damit die Willkürmaßnahme.,irmaa.cl,irmaa.cl,76811437489,2026-06-02 15:24:05,0,bester mann hat alles richtig gemacht👍👍👍👍👍👍,no,18126996019618846,https://www.instagram.com/irmaa.cl,https://www.instagram.com/p/DZDH8YstgWl/c/18126996019618846,https://scontent-eze1-1.cdninstagram.com/v/t51.82787-19/753206360_17893617942565490_8367449511209803716_n.jpg?stp=dst-jpg_s150x150_tt6&efg=eyJ2ZW5jb2RlX3RhZyI6InByb2ZpbGVfcGljLmRqYW5nby4xMDgwLmMyIn0&_nc_ht=scontent-eze1-1.cdninstagram.com&_nc_cat=102&_nc_oc=Q6cZ2gEuWXuH6_xt_8eQlz-nKJDUVA9sbkPbbSK1I59JwDOU3MT7k-VjE-3KdCbFFhh405s&_nc_ohc=fAPKOjEeUZEQ7kNvwEs_ptK&_nc_gid=AmV9HJcF1GPWlAn7gH1xXw&edm=AI-cjbYBAAAA&ccb=7-5&oh=00_AQAPDvgC_TByw_ReqEQUpyDKUDPKkiKNybj6lhRoC9AH_A&oe=6A6B193D&_nc_sid=0985b0,2981
test-data3,true,mittel,§ 130 Abs. 1 StGB,Aufstacheln zum Hass,"""Solche Leute braucht die Welt nicht"" bezogen auf Juden (im Kontext der Zustimmung zum Schild) verächtlicht macht Juden als Gruppe kollektiv verächtlich.",joergkorte1,joergkorte1,64755028429,2026-06-02 20:56:45,0,Sehr gut! Solche Leute braucht die Welt nicht!,no,18319792684261765,https://www.instagram.com/joergkorte1,https://www.instagram.com/p/DZDH8YstgWl/c/18319792684261765,https://scontent-eze1-1.cdninstagram.com/v/t51.82787-19/650515885_17941484976156430_4594577751616912733_n.jpg?stp=dst-jpg_s150x150_tt6&efg=eyJ2ZW5jb2RlX3RhZyI6InByb2ZpbGVfcGljLmRqYW5nby4xMDgwLmMyIn0&_nc_ht=scontent-eze1-1.cdninstagram.com&_nc_cat=110&_nc_oc=Q6cZ2gE2bojbap4RUvKcV8mx8LHr8UFOAVxuui7HNm6VVpWCUO1zCIm7UPBSFslH3liKrck&_nc_ohc=8p88cKiOXkEQ7kNvwH7-UJ9&_nc_gid=8D_VVpIV4k7R6j0rJjp3CQ&edm=AI-cjbYBAAAA&ccb=7-5&oh=00_AQC_ybHIgJWfRZZ1PpkKcWJ8oN1yPk6sA0miiRONmQm0pg&oe=6A6AE6DB&_nc_sid=0985b0,3556
test-data3,true,mittel,§ 130 Abs. 1 StGB,Billigung Willkürmaßnahme,"""Richtig so, sein Laden, seine Regeln"" billigt ausdrücklich das pauschale Hausverbot gegen Juden.",torstenweisel,torstenweisel,3412095522,2026-06-01 23:14:35,0,"Richtig so  sein Laden, seine Regeln",no,18115160758839285,https://www.instagram.com/torstenweisel,https://www.instagram.com/p/DZDH8YstgWl/c/18115160758839285,https://scontent-eze1-1.cdninstagram.com/v/t51.2885-19/416085743_1590715898404769_1241436666017935354_n.jpg?stp=dst-jpg_s150x150_tt6&efg=eyJ2ZW5jb2RlX3RhZyI6InByb2ZpbGVfcGljLmRqYW5nby4xMDgwLmMyIn0&_nc_ht=scontent-eze1-1.cdninstagram.com&_nc_cat=105&_nc_oc=Q6cZ2gFUKAu33TzZzCgXPLWy2oEhw0YrEuMTQXuS4gQHdVAFgSIiUwqpPaG8Gajvci1cmbU&_nc_ohc=ivTiT_H-gXkQ7kNvwFjC7wa&_nc_gid=3T7fI1Z1-_EndhbPna-6uQ&edm=AI-cjbYBAAAA&ccb=7-5&oh=00_AQCFAfryBF2MB7QzU6cEUkmwtpwRaP6KwvRNzvfDJqkGUg&oe=6A6B0412&_nc_sid=0985b0,627
test-data3,true,hoch,§ 111 StGB; § 130 Abs. 1 StGB,Aufforderung zu Straftaten,"""Burn Israel"" ist eine öffentliche Aufforderung zu Gewalt gegen einen Staat bzw. dessen Bevölkerung und stachelt zum Hass auf.",ibrahim_marcho,ibrahim_marcho,48302337452,2026-06-05 03:00:11,0,Burn Israel,no,18534066826078252,https://www.instagram.com/ibrahim_marcho,https://www.instagram.com/p/DZDH8YstgWl/c/18534066826078252,https://scontent-eze1-1.cdninstagram.com/v/t51.2885-19/505146151_18046747532609453_2695887553458804100_n.jpg?stp=dst-jpg_s150x150_tt6&efg=eyJ2ZW5jb2RlX3RhZyI6InByb2ZpbGVfcGljLmRqYW5nby40NTcuYzIifQ&_nc_ht=scontent-eze1-1.cdninstagram.com&_nc_cat=105&_nc_oc=Q6cZ2gGi9fm67rdmEPtBp81O7Sa744aqU5lFU-E-BV-cSBu7kUNaY7J9s8E_qZNJnyzjpwU&_nc_ohc=48h1vpKdr0YQ7kNvwFelcbl&_nc_gid=NE43W8l2hrAbtqioppA67g&edm=AI-cjbYBAAAA&ccb=7-5&oh=00_AQA9TgzfHzvm7NR3wLktDenuMFDgUHrDFRj8kMlWc2Oa0A&oe=6A6B1905&_nc_sid=0985b0,4249
data2,,,,,,mudiblick,mudiblick,317415818,2026-06-02 04:05:30,0,EMPÖRUNG sollte sein was israel gegen der Menschlichkeit macht,no,17977698717040668,https://www.instagram.com/mudiblick,https://www.instagram.com/p/DZDH8YstgWl/c/17977698717040668,https://scontent-eze1-2.cdninstagram.com/v/t51.2885-19/424443281_1591241521679095_6245778251504400836_n.jpg?stp=dst-jpg_s150x150_tt6&efg=eyJ2ZW5jb2RlX3RhZyI6InByb2ZpbGVfcGljLmRqYW5nby4xMDgwLmMyIn0&_nc_ht=scontent-eze1-2.cdninstagram.com&_nc_cat=107&_nc_oc=Q6cZ2gHCaL8apFPScLqLlFwVWdYKgn5HSqHgjAExRK42bf9Q2dZ325s9Scxwc9pFMLcg_rk&_nc_ohc=cZ5Gte8F7eYQ7kNvwGcd5zx&_nc_gid=2CwlZ2E4QfQRHmwvmS1HCg&edm=AI-cjbYBAAAA&ccb=7-5&oh=00_AQC1Q4oF3cASE9m5BBW-wBW7U7y62WdTvbVwVVxPzbVuWQ&oe=6A6B028B&_nc_sid=0985b0,
test-data3,true,mittel,§ 130 Abs. 1 StGB,Billigung Willkürmaßnahme,"'Mein Held, nein ein richtiger Held' als klare Verherrlichung des Täters der antisemitischen Handlung.",said.oztas.1,said.oztas.1,10612648048,2026-06-02 14:23:23,0,"Mein Held,nein ein richtiger Held.",no,18174541876409071,https://www.instagram.com/said.oztas.1,https://www.instagram.com/p/DZDH8YstgWl/c/18174541876409071,https://scontent-eze1-2.cdninstagram.com/v/t51.2885-19/61861014_2286256598304284_3467931962600062976_n.jpg?stp=dst-jpg_s150x150_tt6&efg=eyJ2ZW5jb2RlX3RhZyI6InByb2ZpbGVfcGljLmRqYW5nby42NDAuYzIifQ&_nc_ht=scontent-eze1-2.cdninstagram.com&_nc_cat=108&_nc_oc=Q6cZ2gGR5NDZcZt3AnwYBQ0-_507faOIF4avG9vTfV9kiLA_UNqrSBalJ4jl2S4E_1CtZjI&_nc_ohc=WAYF_gGJ7sIQ7kNvwFO17dX&_nc_gid=768vrnNyFr9oS5pDNOw9NQ&edm=AI-cjbYBAAAA&ccb=7-5&oh=00_AQBj8n_3YuJdNqE2wycKR54aSgkNrCgkusxu9XNbKnFHaQ&oe=6A6AF421&_nc_sid=0985b0,2827
test-data3,true,mittel,§ 130 Abs. 1 StGB,Sonstiges,"""Willkommen in der ISRAELISCHEN PROVINZ Bundesrepublik Deutschland"" transportiert die antisemitische Verschwörungserzählung einer jüdischen Fremdsteuerung Deutschlands.",tccagi,tccagi,49309241064,2026-06-02 04:07:00,0,Willkommen in der ISRAELISCHEN PROVINZ Bundesrepublik Deutschland ✌🏻,no,17882833494427296,https://www.instagram.com/tccagi,https://www.instagram.com/p/DZDH8YstgWl/c/17882833494427296,https://scontent-eze1-1.cdninstagram.com/v/t51.82787-19/631581996_18065218937641065_8465559592961442571_n.jpg?stp=dst-jpg_s150x150_tt6&efg=eyJ2ZW5jb2RlX3RhZyI6InByb2ZpbGVfcGljLmRqYW5nby44MTAuYzIifQ&_nc_ht=scontent-eze1-1.cdninstagram.com&_nc_cat=109&_nc_oc=Q6cZ2gHCaL8apFPScLqLlFwVWdYKgn5HSqHgjAExRK42bf9Q2dZ325s9Scxwc9pFMLcg_rk&_nc_ohc=fuWb6M6ITWcQ7kNvwFj3Zsj&_nc_gid=2CwlZ2E4QfQRHmwvmS1HCg&edm=AI-cjbYBAAAA&ccb=7-5&oh=00_AQAMOMXzG-OtYCqBTrsS_a9fV4Mw2YrZvUHH_r5UJJP5CQ&oe=6A6B0D59&_nc_sid=0985b0,1637
test-data3,true,mittel,§ 130 Abs. 1 StGB,Billigung Willkürmaßnahme,"""Free Hans"" solidarisiert sich mit dem wegen Volksverhetzung Verurteilten.",denis.krnvc,denis.krnvc,3473551077,2026-06-02 00:09:36,0,Free Hans,no,18042794255587210,https://www.instagram.com/denis.krnvc,https://www.instagram.com/p/DZDH8YstgWl/c/18042794255587210,https://scontent-eze1-2.cdninstagram.com/v/t51.2885-19/428901947_400231472590675_4316986678490248943_n.jpg?stp=dst-jpg_s150x150_tt6&efg=eyJ2ZW5jb2RlX3RhZyI6InByb2ZpbGVfcGljLmRqYW5nby4xMDgwLmMyIn0&_nc_ht=scontent-eze1-2.cdninstagram.com&_nc_cat=107&_nc_oc=Q6cZ2gFefdEEjFN0GqVMVdcsntNA9yAMXW79onrqemn3_ADlPiCyUbi4OciW35blojUl6bg&_nc_ohc=e8TlNBCGBBgQ7kNvwGhOGve&_nc_gid=WF7HRP2X5aA72YC1xYTJ-g&edm=AI-cjbYBAAAA&ccb=7-5&oh=00_AQDXQMr69PkYOKPDNZFTF-2pc51m-CMoP-vWmGPKLF1iVg&oe=6A6AED67&_nc_sid=0985b0,956
test-data3,true,mittel,§ 130 Abs. 1 StGB,Sonstiges,"""Bundes Republik Israel"" transportiert die antisemitische Verschwörungserzählung einer jüdischen Fremdsteuerung Deutschlands.",pars.6944,pars.6944,58783475571,2026-06-02 03:44:58,0,Bundes Republik Israel,no,18072830591681814,https://www.instagram.com/pars.6944,https://www.instagram.com/p/DZDH8YstgWl/c/18072830591681814,https://scontent-eze1-2.cdninstagram.com/v/t51.82787-19/669464975_17991870110955572_2378835711159608322_n.jpg?stp=dst-jpg_s150x150_tt6&efg=eyJ2ZW5jb2RlX3RhZyI6InByb2ZpbGVfcGljLmRqYW5nby4xMDgwLmMyIn0&_nc_ht=scontent-eze1-2.cdninstagram.com&_nc_cat=108&_nc_oc=Q6cZ2gHCaL8apFPScLqLlFwVWdYKgn5HSqHgjAExRK42bf9Q2dZ325s9Scxwc9pFMLcg_rk&_nc_ohc=Vj2MO3qE56UQ7kNvwHZf98L&_nc_gid=2CwlZ2E4QfQRHmwvmS1HCg&edm=AI-cjbYBAAAA&ccb=7-5&oh=00_AQAyHvJN-7oK-EVBf6YMpmI-QIbH1W7cAnkJUOJqOvfUjg&oe=6A6B1830&_nc_sid=0985b0,1602
test-data3,true,mittel,§ 130 Abs. 1 StGB,Aufstacheln zum Hass,"""guter goy du musst deinen Herren verteidigen"" - antisemitischer Code, der eine Hörigkeit von Nichtjuden gegenüber Juden unterstellt (""Herren"").",viktorhahn_,viktorhahn_,47679867,2026-06-02 10:53:54,0,@kusstro guter goy du musst deinen Herren verteidigen,no,17874688314500885,https://www.instagram.com/viktorhahn_,https://www.instagram.com/p/DZDH8YstgWl/c/17874688314500885,https://scontent-eze1-2.cdninstagram.com/v/t51.82787-19/683907798_18589791487063868_6850722409367970533_n.jpg?stp=dst-jpg_s150x150_tt6&efg=eyJ2ZW5jb2RlX3RhZyI6InByb2ZpbGVfcGljLmRqYW5nby4xMDgwLmMyIn0&_nc_ht=scontent-eze1-2.cdninstagram.com&_nc_cat=108&_nc_oc=Q6cZ2gH62b91P3PzuHGXJyVetx_U7SSjCccBW7zKyOwclNzZ2M-ARLeZcJP4o0hmIqEetD8&_nc_ohc=cZwICXno9FsQ7kNvwHI7Do-&_nc_gid=Jw2ZwyACU_HlAn_fkfVNKg&edm=AI-cjbYBAAAA&ccb=7-5&oh=00_AQBn8LcG9fog2gcZOI5mYgSCXpp3yaXLI_2D7wZDwreakQ&oe=6A6AEE8F&_nc_sid=0985b0,2292
test-data3,true,mittel,§ 130 Abs. 4 StGB,NS-Verherrlichung,"""Die AH-Zeit haben wir ja wohl hinter uns"" spielt möglicherweise auf Adolf Hitler an; Kontext unklar, da auch als Kritik am Täter lesbar – daher prüfenswert.",_sana_93_94,_sana_93_94,2157320096,2026-06-03 16:48:47,0,Die AH Zeit haben wir ja wohl hinter uns! Zurecht die Anzeigen bekommen,no,18158711530456511,https://www.instagram.com/_sana_93_94,https://www.instagram.com/p/DZDH8YstgWl/c/18158711530456511,https://scontent-eze1-1.cdninstagram.com/v/t51.82787-19/755170795_18581389474064097_4165355270829329231_n.jpg?stp=dst-jpg_s150x150_tt6&efg=eyJ2ZW5jb2RlX3RhZyI6InByb2ZpbGVfcGljLmRqYW5nby4xMDgwLmMyIn0&_nc_ht=scontent-eze1-1.cdninstagram.com&_nc_cat=109&_nc_oc=Q6cZ2gEVBBnHGxgy4TX-mE9aOv-wk6LeqHGB9d417X9_nKKsCABYFcNofP77aQoNEyPSzdo&_nc_ohc=1e8yH_tXcPsQ7kNvwH0W1yd&_nc_gid=jRxegmilJoq83L0H11Gpkg&edm=AI-cjbYBAAAA&ccb=7-5&oh=00_AQCiuDkVoiyDXux5IbiIZqsvNqxgHje6oYJPgu-VFmUWSA&oe=6A6AE962&_nc_sid=0985b0,4009
test-data3,true,mittel,§ 130 Abs. 1 StGB; § 140 StGB,Billigung Willkürmaßnahme,"""Alles richtig gemacht"" - billigende Zustimmung zur Handlung des Ladenbesitzers.",sam_ex_,sam_ex_,731245627,2026-06-02 10:57:12,0,Er hat hausrecht. Alles richtig gemacht ‼️,no,18170350285418638,https://www.instagram.com/sam_ex_,https://www.instagram.com/p/DZDH8YstgWl/c/18170350285418638,https://scontent-eze1-1.cdninstagram.com/v/t51.2885-19/125245483_427002001650357_2345439752496343350_n.jpg?stp=dst-jpg_s150x150_tt6&efg=eyJ2ZW5jb2RlX3RhZyI6InByb2ZpbGVfcGljLmRqYW5nby45NDguYzIifQ&_nc_ht=scontent-eze1-1.cdninstagram.com&_nc_cat=109&_nc_oc=Q6cZ2gH62b91P3PzuHGXJyVetx_U7SSjCccBW7zKyOwclNzZ2M-ARLeZcJP4o0hmIqEetD8&_nc_ohc=xTJkesowMlAQ7kNvwH1HDJQ&_nc_gid=Jw2ZwyACU_HlAn_fkfVNKg&edm=AI-cjbYBAAAA&ccb=7-5&oh=00_AQDeaN4icitZ8WYpfIruxtRgqG1pqpMksNWY4cfyJU5ROA&oe=6A6AF1A0&_nc_sid=0985b0,2302
data2,,,,,,a7w.8s,a7w.8s,45752105838,2026-06-02 18:08:22,0,@tamerlan_dulatov nah es wird nichts daraus sein denn sie werden so eins auf blind tun und wegblicke,no,17952505071151001,https://www.instagram.com/a7w.8s,https://www.instagram.com/p/DZDH8YstgWl/c/17952505071151001,https://scontent-eze1-2.cdninstagram.com/v/t51.82787-19/728606771_18096472721521839_5227449402859903158_n.jpg?stp=dst-jpg_s150x150_tt6&efg=eyJ2ZW5jb2RlX3RhZyI6InByb2ZpbGVfcGljLmRqYW5nby4xMDgwLmMyIn0&_nc_ht=scontent-eze1-2.cdninstagram.com&_nc_cat=103&_nc_oc=Q6cZ2gHsWLF8rPrpJvENCbMzwz9maBORHn_VWZyXOIrjCcNH01biXqeMWvCYvYxw0EFXUJ8&_nc_ohc=CGKGM54ibioQ7kNvwEfLwBe&_nc_gid=Oj6qDSNIGaWFuWrzD3NgDA&edm=AI-cjbYBAAAA&ccb=7-5&oh=00_AQCPPAKG-B94-BjQ-6MlWMPG0HOIVaLZpVhLZmS3vdTqgg&oe=6A6AFD45&_nc_sid=0985b0,
test-data3,true,mittel,§ 130 Abs. 1 StGB,Sonstiges,"""Goytschland"" - Wortspiel mit dem antisemitischen Code ""Goy"" (abwertende Fremdbezeichnung für Nichtjuden aus antisemitischer Verschwörungsrhetorik), spielt auf angebliche jüdische Fremdherrschaft über Deutschland an.",a.pop.999,a.pop.999,75549533687,2026-06-02 08:49:38,0,Goytschland,no,17969180772101402,https://www.instagram.com/a.pop.999,https://www.instagram.com/p/DZDH8YstgWl/c/17969180772101402,https://scontent-eze1-2.cdninstagram.com/v/t51.82787-19/632558545_17874701802517688_3094582743397571894_n.jpg?stp=dst-jpg_s150x150_tt6&efg=eyJ2ZW5jb2RlX3RhZyI6InByb2ZpbGVfcGljLmRqYW5nby4xMDgwLmMyIn0&_nc_ht=scontent-eze1-2.cdninstagram.com&_nc_cat=108&_nc_oc=Q6cZ2gHi9t7pzQDeJDEyohUtkJsUiRrRfWIFdFXAXa_ZtzUBezlOM_L_wVlEvCkbGeM3Wwc&_nc_ohc=vzf1Eu6z1vkQ7kNvwGv0BOM&_nc_gid=_h71Wbk6_bJIrP5VL8rpdw&edm=AI-cjbYBAAAA&ccb=7-5&oh=00_AQAmA7Y2Hhn291SbLYAgMRgGMXkTQGVyC-LLEDz_wyL0Fg&oe=6A6AE78C&_nc_sid=0985b0,1959
test-data3,true,mittel,§ 130 Abs. 1 StGB,Billigung Willkürmaßnahme,'Der Ehrenmann' als Lob für den Urheber des antisemitischen Schildes.,lalai_dama,lalai_dama,44999452249,2026-06-02 14:23:24,0,Der Ehrenmann !!!,no,18080196668186101,https://www.instagram.com/lalai_dama,https://www.instagram.com/p/DZDH8YstgWl/c/18080196668186101,https://scontent-eze1-2.cdninstagram.com/v/t51.2885-19/132414309_388889282172828_6237002705068500630_n.jpg?stp=dst-jpg_s150x150_tt6&efg=eyJ2ZW5jb2RlX3RhZyI6InByb2ZpbGVfcGljLmRqYW5nby45MDQuYzIifQ&_nc_ht=scontent-eze1-2.cdninstagram.com&_nc_cat=100&_nc_oc=Q6cZ2gGR5NDZcZt3AnwYBQ0-_507faOIF4avG9vTfV9kiLA_UNqrSBalJ4jl2S4E_1CtZjI&_nc_ohc=ThTUUcwIQF8Q7kNvwFBwA4y&_nc_gid=768vrnNyFr9oS5pDNOw9NQ&edm=AI-cjbYBAAAA&ccb=7-5&oh=00_AQCEFgd20P0fhC-NGTriO-9e6nnAFBwV3nlmfkkXAYd1vw&oe=6A6AE845&_nc_sid=0985b0,2828
test-data3,true,hoch,§ 241 StGB,Bedrohung,"Formulierung ""Diese richterin sollte man 😬👊"" mit Faust-Emoji suggeriert eine Gewaltandrohung gegen die Richterin.",hamit2106,hamit2106,7000455280,2026-06-02 00:32:38,0,Diese richterin sollte man 😬👊,no,18086963189090413,https://www.instagram.com/hamit2106,https://www.instagram.com/p/DZDH8YstgWl/c/18086963189090413,https://scontent-eze1-1.cdninstagram.com/v/t51.82787-19/704688815_18357106645239281_4981229143857374881_n.jpg?stp=dst-jpg_s150x150_tt6&efg=eyJ2ZW5jb2RlX3RhZyI6InByb2ZpbGVfcGljLmRqYW5nby4xMDgwLmMyIn0&_nc_ht=scontent-eze1-1.cdninstagram.com&_nc_cat=105&_nc_oc=Q6cZ2gHMKFvbaIj5EF5ceY4YzlJd3N-DlVs1gado8oW_6iYgeLcsUqW6mR4zcZAy7LI5lGE&_nc_ohc=7ZCTvkysQJMQ7kNvwFwzlbr&_nc_gid=0XY2wn5MA1OTxYeVzwvwfQ&edm=AI-cjbYBAAAA&ccb=7-5&oh=00_AQCuhXbr4184IvWiIH079N57uLDzwIqgVA3bFZdcwFqvwA&oe=6A6AF36E&_nc_sid=0985b0,1054
test-data3,true,mittel,§ 130 Abs. 1 StGB,Billigung Willkürmaßnahme,"""EHRENMANN"" mit Ausrufezeichen billigt deutlich die Tat des Verurteilten.",tony_t157,tony_t157,29233444828,2026-06-01 23:24:11,0,EHRENMANN !!!!,no,18000104081768021,https://www.instagram.com/tony_t157,https://www.instagram.com/p/DZDH8YstgWl/c/18000104081768021,https://scontent-eze1-1.cdninstagram.com/v/t51.82787-19/708123795_18100644922972829_2147120946721738208_n.jpg?stp=dst-jpg_s150x150_tt6&efg=eyJ2ZW5jb2RlX3RhZyI6InByb2ZpbGVfcGljLmRqYW5nby4xMDgwLmMyIn0&_nc_ht=scontent-eze1-1.cdninstagram.com&_nc_cat=105&_nc_oc=Q6cZ2gGIkHaFha-pjjgrMPBRg9vSdfKLQkaP2Aw9DL96V73-gzohNTZHSA_HhKJjhajFjaI&_nc_ohc=HZz5Fstx6CcQ7kNvwGcKGyt&_nc_gid=7sKxbd0sCPdog9KPBjaBkw&edm=AI-cjbYBAAAA&ccb=7-5&oh=00_AQANzM6135Y5QQl1BQtBzYjbB4fPpoIKgcjGbaZC-2shKw&oe=6A6AEC76&_nc_sid=0985b0,661
test-data3,true,mittel,§ 130 Abs. 1 StGB,Sonstiges,"Enthält unklare, abwertend anmutende Anspielung (""Natanau ... Deutsche bedingslose Jew..."") im Kontext antisemitischer Codes; Bedeutung unklar, aber prüfenswert.",alberti4405,alberti4405,74127096054,2026-06-02 01:09:27,0,"Natanau 🙃Deutsche bedingslose Jew… ? Hausrecht, freie Meinungsäußerung…",no,17858539848648958,https://www.instagram.com/alberti4405,https://www.instagram.com/p/DZDH8YstgWl/c/17858539848648958,https://instagram.flim19-1.fna.fbcdn.net/v/t51.2885-19/573323465_1219825463302212_7278921664109726296_n.png?stp=dst-jpg_e0_s150x150_tt6&efg=eyJ2ZW5jb2RlX3RhZyI6InByb2ZpbGVfcGljLmRqYW5nby4xNTAuYzIifQ&_nc_ht=instagram.flim19-1.fna.fbcdn.net&_nc_cat=1&_nc_oc=Q6cZ2gEzFcXGnGnh3eJ5SVWeniFOpEbeF7peDyZY2-yvHZOgFh-AA4XHMN0qE15kQNVe--4&_nc_ohc=vUGxye7DTtYQ7kNvwEvS-TH&_nc_gid=SIp1_tSeU0RsVSkf2g1SpQ&edm=AD35FJ8BAAAA&ccb=7-5&ig_cache_key=YW5vbnltb3VzX3Byb2ZpbGVfcGlj.3-ccb7-5&oh=00_AQB39hbmlCDzSlLDtCt8MEZu8tJxkYG6UuUAxMTMdYQurA&oe=6A6B08EA&_nc_sid=f880d0,1175
test-data3,true,mittel,§ 130 Abs. 1 StGB,Billigung Willkürmaßnahme,"Vorschlag ""Deutsche haben hier Hausverbot"" als vermeintlich unproblematisches Gegenbeispiel relativiert die Tat und impliziert Zustimmung zur ursprünglichen Ausgrenzung von Juden.",7_totty_5,7_totty_5,7390781932,2026-06-03 23:11:30,0,"Hätte mal lieber Deutsche haben hier Hausverbot hin schreiben sollen, dann hätte er einen Orden bekommen😂😂😂😂 Mein Laden, meine Regeln.",no,18103888666825876,https://www.instagram.com/7_totty_5,https://www.instagram.com/p/DZDH8YstgWl/c/18103888666825876,https://scontent-eze1-2.cdninstagram.com/v/t51.2885-19/573323465_1219825463302212_7278921664109726296_n.png?stp=dst-jpg_s150x150_tt6&efg=eyJ2ZW5jb2RlX3RhZyI6InByb2ZpbGVfcGljLmRqYW5nby4xNTAuYzIifQ&_nc_ht=scontent-eze1-2.cdninstagram.com&_nc_cat=1&_nc_oc=Q6cZ2gGyA98odFEtW2ccwIDLy1hnizFwEM8ONqvnLjzyakcC4V1ncL8a0vTBdgcY0agN3_o&_nc_ohc=vUGxye7DTtYQ7kNvwHyWyhS&_nc_gid=hILzAvhfkPtayxz_rPPOvw&edm=AI-cjbYBAAAA&ccb=7-5&ig_cache_key=YW5vbnltb3VzX3Byb2ZpbGVfcGlj.3-ccb7-5&oh=00_AQDYIzEawyR0vhOAZZ2Jn9kO1JbhP_R34zNeJCC1KJEggw&oe=6A6B08EA&_nc_sid=0985b0,4078
test-data3,true,mittel,§ 130 Abs. 1 StGB; § 140 StGB,Billigung Willkürmaßnahme,"""Ehrenmann"" mit Zustimmungs-Emoji bezogen auf den Ladenbesitzer - billigt dessen Handlung (Hausverbot für Juden).",p9_wheels,p9_wheels,76081224652,2026-06-02 09:02:01,0,Ehrenmann 👍,no,18013045694906146,https://www.instagram.com/p9_wheels,https://www.instagram.com/p/DZDH8YstgWl/c/18013045694906146,https://scontent-eze1-2.cdninstagram.com/v/t51.82787-19/734942247_17896761924536653_765874466078926883_n.jpg?stp=dst-jpg_s150x150_tt6&efg=eyJ2ZW5jb2RlX3RhZyI6InByb2ZpbGVfcGljLmRqYW5nby4zMzIuYzIifQ&_nc_ht=scontent-eze1-2.cdninstagram.com&_nc_cat=101&_nc_oc=Q6cZ2gHi9t7pzQDeJDEyohUtkJsUiRrRfWIFdFXAXa_ZtzUBezlOM_L_wVlEvCkbGeM3Wwc&_nc_ohc=kSLcjA5c-vIQ7kNvwH5Hp7o&_nc_gid=_h71Wbk6_bJIrP5VL8rpdw&edm=AI-cjbYBAAAA&ccb=7-5&oh=00_AQBu8VLvFO5i4AXRn2fKmg1R2U370BQcRz819f3JXuju2Q&oe=6A6B193C&_nc_sid=0985b0,1998
test-data3,true,hoch,§ 130 Abs. 1 StGB,Sonstiges,"""Recht hat er! Das Pak hat die ganze Welt versklavt und ihr schützt sie auch noch"" ist eine pauschale, kollektive Verschwörungszuschreibung, die eine Gruppe (""Pak"", im Kontext als Anspielung auf Juden) böswillig verächtlich macht.",danielwoerner.de,danielwoerner.de,41435343270,2026-06-02 03:17:44,0,Recht hat er! Das Pak hat die ganze Welt versklavt und ihr schützt sie auch noch,no,18361145968237099,https://www.instagram.com/danielwoerner.de,https://www.instagram.com/p/DZDH8YstgWl/c/18361145968237099,https://scontent-eze1-1.cdninstagram.com/v/t51.82787-19/656172203_18079166672383271_3683251562109210408_n.jpg?stp=dst-jpg_s150x150_tt6&efg=eyJ2ZW5jb2RlX3RhZyI6InByb2ZpbGVfcGljLmRqYW5nby4xMDgwLmMyIn0&_nc_ht=scontent-eze1-1.cdninstagram.com&_nc_cat=111&_nc_oc=Q6cZ2gGEUVlwyx036ELUK59e7yBVoINgsBY1tFz7q1splVZBEbnMU4AfDCj6j10SgQjC6Pc&_nc_ohc=SuUzUleuHlkQ7kNvwGkqrnG&_nc_gid=c19lO8krs_OX3Tgb35XYUw&edm=AI-cjbYBAAAA&ccb=7-5&oh=00_AQCRx5e_YIjd30yJHB1mH0h4nJUiLcL8bamghjGttDWRoA&oe=6A6B069C&_nc_sid=0985b0,1564
test-data3,true,mittel,§ 130 Abs. 1 StGB,Billigung Willkürmaßnahme,"""Richtig so"" im Kontext täterfreundlicher Kommentare billigt die Ausgrenzung von Juden.",marzjura,marzjura,62454808779,2026-06-01 23:05:48,0,Richtig so,no,17904507657263805,https://www.instagram.com/marzjura,https://www.instagram.com/p/DZDH8YstgWl/c/17904507657263805,https://scontent-eze1-1.cdninstagram.com/v/t51.2885-19/385904387_235585686155177_4783541989236370995_n.jpg?stp=dst-jpg_s150x150_tt6&efg=eyJ2ZW5jb2RlX3RhZyI6InByb2ZpbGVfcGljLmRqYW5nby40MTguYzIifQ&_nc_ht=scontent-eze1-1.cdninstagram.com&_nc_cat=105&_nc_oc=Q6cZ2gGoRh-mGgodevo4QlLspcX7B8PahW0b8SB6NS1m_8fonqYph2qz5QBeTw_2RxmZW1Y&_nc_ohc=Xr60yIiGmyQQ7kNvwFHGKAS&_nc_gid=vgJ0G_fMNYvbt8D-6xUDjQ&edm=AI-cjbYBAAAA&ccb=7-5&oh=00_AQA6oTDlB7wkvofdEvzVesjIWf4Pb4pllnND6iC8zAhODA&oe=6A6AF6D9&_nc_sid=0985b0,586
data2,,,,,,ztownhenry,ztownhenry,8393547997,2026-06-01 22:36:03,0,Was ist das für ein laden? Hat er einen Onlineshop? Nicht dass noch jemand was online bei ihm bestellt 🤷🏻‍♂️,no,18057655010549115,https://www.instagram.com/ztownhenry,https://www.instagram.com/p/DZDH8YstgWl/c/18057655010549115,https://scontent-eze1-1.cdninstagram.com/v/t51.2885-19/437290919_1126843981967098_6600174017816412697_n.jpg?stp=dst-jpg_s150x150_tt6&efg=eyJ2ZW5jb2RlX3RhZyI6InByb2ZpbGVfcGljLmRqYW5nby40ODUuYzIifQ&_nc_ht=scontent-eze1-1.cdninstagram.com&_nc_cat=110&_nc_oc=Q6cZ2gHjU1CXa0atbcX6UYybBpXkP5itw3WH_RE2fJZic57SJLtp3tho5fTusQEhjwZptQY&_nc_ohc=50nfPKsDKb0Q7kNvwGxSkc3&_nc_gid=0RinLjSeXnTeuhoecvJ3xQ&edm=AI-cjbYBAAAA&ccb=7-5&oh=00_AQAoefyH9_IYkAqKnx6iLvX7y1lEpdVFhVcab2PZxSVRnA&oe=6A6B1EF2&_nc_sid=0985b0,
test-data3,true,mittel,§ 130 Abs. 1 StGB,Billigung Willkürmaßnahme,"""Richtig so"" im Kontext der Täterverteidigung bezieht sich auf das Schild/den Ausschluss, nicht das Urteil; Bezug im Zweifel als Billigung markiert.",bosiboo,bosiboo,43822917157,2026-06-01 22:52:56,0,Richtig so,no,18327467455255189,https://www.instagram.com/bosiboo,https://www.instagram.com/p/DZDH8YstgWl/c/18327467455255189,https://scontent-eze1-1.cdninstagram.com/v/t51.82787-19/543673120_18065693741461158_5755103101451514238_n.jpg?stp=dst-jpg_s150x150_tt6&efg=eyJ2ZW5jb2RlX3RhZyI6InByb2ZpbGVfcGljLmRqYW5nby4xMDgwLmMyIn0&_nc_ht=scontent-eze1-1.cdninstagram.com&_nc_cat=106&_nc_oc=Q6cZ2gGqzGKEOIV7JTFCvlWvdDfuGyj5_oW600tdZLriczK1ZKHcc2mJl8GvcXmKtuD7_Nw&_nc_ohc=qhLRA6-9puAQ7kNvwGlwLSd&_nc_gid=xiRHOO1PjwLqCKxzbVw8hQ&edm=AI-cjbYBAAAA&ccb=7-5&oh=00_AQDWk6UvfyMSpBOjEanoowB2TsqIeOJvCnzyTfE1s-2Lvg&oe=6A6B050D&_nc_sid=0985b0,509
test-data3,true,hoch,§ 130 Abs. 1 StGB; § 111 StGB,Aufstacheln zum Hass,"""Israel muss von der Karte verschwinden"" - fordert die Vernichtung des jüdischen Staates, geht über Israel-Kritik hinaus und stellt eine Vernichtungsforderung dar.",tatjanabelkin,tatjanabelkin,48261428520,2026-06-02 09:04:48,0,Deutschlandweit für Empörung ❓ was für ein Quatsch ❗️❗️❗️ Israel muss von der Karte verschwinden❗️❗️❗️,no,18057600875538730,https://www.instagram.com/tatjanabelkin,https://www.instagram.com/p/DZDH8YstgWl/c/18057600875538730,https://instagram.ffor9-1.fna.fbcdn.net/v/t51.2885-19/573323465_1219825463302212_7278921664109726296_n.png?stp=dst-jpg_e0_s150x150_tt6&efg=eyJ2ZW5jb2RlX3RhZyI6InByb2ZpbGVfcGljLmRqYW5nby4xNTAuYzIifQ&_nc_ht=instagram.ffor9-1.fna.fbcdn.net&_nc_cat=1&_nc_oc=Q6cZ2gEyHxY8t_NEnfDII5j7lR49K_pTtaeaW5HaVq7afDt9XZi_vmdlxqHMgBwTuSgyTwY&_nc_ohc=vUGxye7DTtYQ7kNvwHwrX_Q&_nc_gid=plcvSfE61wYKcgpV5NZ3ww&edm=AHqBGi8BAAAA&ccb=7-5&ig_cache_key=YW5vbnltb3VzX3Byb2ZpbGVfcGlj.3-ccb7-5&oh=00_AQBbBopBwR3MLxtG8gda4gX3vmuBCPNfcxgAaD1Y3fzKmA&oe=6A6B08EA&_nc_sid=1fce60,2006
data2,,,,,,onelifeonetruth,onelifeonetruth,7909248083,2026-06-02 17:04:12,0,"Wie heißt der Laden und wo steht dieser? Ich will diesen man unterstützen, dieser Mut gehört belohnt......kann sich noch jemand erinnern wie das zu Zeiten des impfwahnsinns ausgeschaut hat, ""kein Zutritt für ungeimpfte""...... Das war in Ordnung und das hier wird nicht geduldet. 🤦",no,18082053752536399,https://www.instagram.com/onelifeonetruth,https://www.instagram.com/p/DZDH8YstgWl/c/18082053752536399,https://scontent-eze1-2.cdninstagram.com/v/t51.2885-19/382293399_1035989551184703_4939154132869113078_n.jpg?stp=dst-jpg_s150x150_tt6&efg=eyJ2ZW5jb2RlX3RhZyI6InByb2ZpbGVfcGljLmRqYW5nby4xMDgwLmMyIn0&_nc_ht=scontent-eze1-2.cdninstagram.com&_nc_cat=103&_nc_oc=Q6cZ2gHt__tREKYcCMMuOaGCljeU_xPwkIPljq4iOH5pKt1weU5n5p-LkUGRTGCSpPoQ64M&_nc_ohc=yQdAwmbc4kAQ7kNvwF5581R&_nc_gid=2l7qqZ3syR0T4r6F69pfqg&edm=AI-cjbYBAAAA&ccb=7-5&oh=00_AQBHC8hXrvjA9vkIIwwTOPEXf_rjfbuvYOy0bNYwg5Gr8A&oe=6A6AF508&_nc_sid=0985b0,
test-data3,true,mittel,§ 130 Abs. 1 StGB; § 140 StGB,Billigung Willkürmaßnahme,"Bezeichnet die Aussage des Ladenbesitzers als ""die Wahrheit"" und stellt Berichterstattung über antisemitische Vorfälle in Israel dagegen; billigt damit die Aussage/Tat des Täters.",zawgesh_1000,zawgesh_1000,32999009263,2026-06-02 00:16:32,0,"Schön wäre es, wenn ihr über diesen Verbrechen in Israel berichten würdet und nicht über so einen kleinen Ladenbesitzer, der die Wahrheit ausspricht!",no,18095023223238060,https://www.instagram.com/zawgesh_1000,https://www.instagram.com/p/DZDH8YstgWl/c/18095023223238060,https://scontent-eze1-2.cdninstagram.com/v/t51.82787-19/730723617_18098450633097264_3367907851167204546_n.jpg?stp=dst-jpg_s150x150_tt6&efg=eyJ2ZW5jb2RlX3RhZyI6InByb2ZpbGVfcGljLmRqYW5nby4xMDgwLmV4cGVyaW1lbnRhbCJ9&_nc_ht=scontent-eze1-2.cdninstagram.com&_nc_cat=100&_nc_oc=Q6cZ2gEHAd4s4MvHrLJWmu3oPBWPjeqPzqgZBpSItMDKHDlAfADhbFcwQXLduHGxcwH_dOU&_nc_ohc=JYSOLK_zUtUQ7kNvwGDAXO2&_nc_gid=-CdHnV4VDaSIVCvm0_KF4g&edm=AI-cjbYBAAAA&ccb=7-5&oh=00_AQDE-pdBuMGCtdx_xRfZljshN0Uhb6LSyfecl-AkI7E9YA&oe=6A6B1A3B&_nc_sid=0985b0,994
test-data3,true,mittel,§ 130 Abs. 1 StGB; § 140 StGB,Billigung Willkürmaßnahme,Billigt die Tat ausdrücklich ('hatte er gut gemacht').,umut.alk.x,umut.alk.x,1112265060,2026-07-21 16:21:18,0,Hatte  er  gut  gemacht 👏👏👏👏,no,18069046736450996,https://www.instagram.com/umut.alk.x,https://www.instagram.com/p/DZDH8YstgWl/c/18069046736450996,https://scontent-eze1-1.cdninstagram.com/v/t51.82787-19/539534623_18523777696009061_1544274432060131258_n.jpg?stp=dst-jpg_s150x150_tt6&efg=eyJ2ZW5jb2RlX3RhZyI6InByb2ZpbGVfcGljLmRqYW5nby45NjAuYzIifQ&_nc_ht=scontent-eze1-1.cdninstagram.com&_nc_cat=105&_nc_oc=Q6cZ2gGnVpVmfeNnAHWLaygWzShvyQ4K8EsBvWaZYU6sHsrax5-voa0eJOs-VhBg9cq8I2w&_nc_ohc=n_uzTbmcEE0Q7kNvwHiS9Fy&_nc_gid=NHnkhQ4eWclZLVvAvWi6OA&edm=AI-cjbYBAAAA&ccb=7-5&oh=00_AQDI60ZXx5h1ntdNvUariGfNrxRAKyWy7qdWlnvub3PuSA&oe=6A6AEEB8&_nc_sid=0985b0,4716
test-data3,true,hoch,§ 130 Abs. 1 StGB,Aufstacheln zum Hass,"Kündigt an, dass sich ""immer mehr gegen die J....n"" erheben werden und dies nicht zu stoppen sei; stachelt zum Hass gegen Juden als Gruppe auf und hat drohenden Unterton.",wjan477,wjan477,61385053361,2026-06-02 00:20:19,0,Es werden immer mehr gegen die J......n aufstehen. Es lässt sich nicht mehr stoppen.,no,17997962975949734,https://www.instagram.com/wjan477,https://www.instagram.com/p/DZDH8YstgWl/c/17997962975949734,https://scontent-eze1-1.cdninstagram.com/v/t51.82787-19/639748185_17961939597045362_9181046801278804142_n.jpg?stp=dst-jpg_s150x150_tt6&efg=eyJ2ZW5jb2RlX3RhZyI6InByb2ZpbGVfcGljLmRqYW5nby43MjAuZXhwZXJpbWVudGFsIn0&_nc_ht=scontent-eze1-1.cdninstagram.com&_nc_cat=102&_nc_oc=Q6cZ2gEHAd4s4MvHrLJWmu3oPBWPjeqPzqgZBpSItMDKHDlAfADhbFcwQXLduHGxcwH_dOU&_nc_ohc=0_Q9Qbb4Kr8Q7kNvwF9gCVi&_nc_gid=-CdHnV4VDaSIVCvm0_KF4g&edm=AI-cjbYBAAAA&ccb=7-5&oh=00_AQAoUtl2eLe6myEQX_IZ-duxeHhrkDJCwGmLPzsc_JVpzA&oe=6A6B0BD1&_nc_sid=0985b0,1007
test-data3,true,mittel,§ 130 Abs. 1 StGB,Billigung Willkürmaßnahme,"Billigt explizit die Tat des Ladenbesitzers (""alles richtig gemacht"").",sedatosmanoglu,sedatosmanoglu,6684887174,2026-06-02 20:58:29,0,Der hat alles richtig gemacht,no,17860891413638037,https://www.instagram.com/sedatosmanoglu,https://www.instagram.com/p/DZDH8YstgWl/c/17860891413638037,https://scontent-eze1-2.cdninstagram.com/v/t51.2885-19/347637671_556009116695329_7796889780774648692_n.jpg?stp=dst-jpg_s150x150_tt6&efg=eyJ2ZW5jb2RlX3RhZyI6InByb2ZpbGVfcGljLmRqYW5nby43NDAuYzIifQ&_nc_ht=scontent-eze1-2.cdninstagram.com&_nc_cat=101&_nc_oc=Q6cZ2gE2bojbap4RUvKcV8mx8LHr8UFOAVxuui7HNm6VVpWCUO1zCIm7UPBSFslH3liKrck&_nc_ohc=F3xRJ8yk2a8Q7kNvwHDolJy&_nc_gid=8D_VVpIV4k7R6j0rJjp3CQ&edm=AI-cjbYBAAAA&ccb=7-5&oh=00_AQBNu11CQGWsex4393COcdAbMIqjdx5mia8PvZsmw7AxMw&oe=6A6B1667&_nc_sid=0985b0,3561
test-data3,true,mittel,§ 130 Abs. 1 StGB,Billigung Willkürmaßnahme,"""So ein Ehrenmann"" billigt die Handlung des wegen Volksverhetzung Verurteilten.",sahell.afg,sahell.afg,62663257490,2026-06-01 23:20:15,0,So ein Ehrenmann,no,18454013518113978,https://www.instagram.com/sahell.afg,https://www.instagram.com/p/DZDH8YstgWl/c/18454013518113978,https://scontent-eze1-2.cdninstagram.com/v/t51.82787-19/613513121_17946128799089491_1184786874415945163_n.jpg?stp=dst-jpg_s150x150_tt6&efg=eyJ2ZW5jb2RlX3RhZyI6InByb2ZpbGVfcGljLmRqYW5nby4xMDgwLmMyIn0&_nc_ht=scontent-eze1-2.cdninstagram.com&_nc_cat=107&_nc_oc=Q6cZ2gGIkHaFha-pjjgrMPBRg9vSdfKLQkaP2Aw9DL96V73-gzohNTZHSA_HhKJjhajFjaI&_nc_ohc=eFZcbN7KRQwQ7kNvwHDeVe8&_nc_gid=7sKxbd0sCPdog9KPBjaBkw&edm=AI-cjbYBAAAA&ccb=7-5&oh=00_AQCdNCgcmc8t4UcXXCczbpbd1Gk1XqHQUxPx9KwrPfhdXw&oe=6A6B1A7C&_nc_sid=0985b0,651
test-data3,true,mittel,§ 130 Abs. 1 StGB; § 140 StGB,Billigung Willkürmaßnahme,"""Respekt an diesen Mann"" billigt ausdrücklich die als Volksverhetzung verurteilte Diskriminierungshandlung.",ozanmehmet7,ozanmehmet7,44021117894,2026-06-02 00:35:26,0,Respekt an diesen Mann!!! 👏👏👏❤️❤️❤️,no,18101500991082290,https://www.instagram.com/ozanmehmet7,https://www.instagram.com/p/DZDH8YstgWl/c/18101500991082290,https://scontent-eze1-1.cdninstagram.com/v/t51.2885-19/136130558_707332686637421_6315302334851353146_n.jpg?stp=dst-jpg_s150x150_tt6&efg=eyJ2ZW5jb2RlX3RhZyI6InByb2ZpbGVfcGljLmRqYW5nby43NTAuYzIifQ&_nc_ht=scontent-eze1-1.cdninstagram.com&_nc_cat=105&_nc_oc=Q6cZ2gGUBBkZuMhRxq7x2IglKC4mP9OpjzLbv8FUsRXll8e1sqdGCLGdsolDw0uMdyXXTKQ&_nc_ohc=x4GCBgNZzqMQ7kNvwHXij9-&_nc_gid=wjqp446pF4Nn5R2Coh3Q3A&edm=AI-cjbYBAAAA&ccb=7-5&oh=00_AQCcePdPxVlyB7S6wPGSVcp43Vh39nBO6Fk2vfhS6ohGAg&oe=6A6AEF67&_nc_sid=0985b0,1068
data2,,,,,,mickhausy,mickhausy,15982242121,2026-06-02 12:27:34,0,@berserker.jerky Das nennen die linken ✨️Demokratie✨️,no,18267848860294605,https://www.instagram.com/mickhausy,https://www.instagram.com/p/DZDH8YstgWl/c/18267848860294605,https://scontent-eze1-2.cdninstagram.com/v/t51.2885-19/474793545_513946477977100_1758029200296066263_n.jpg?stp=dst-jpg_s150x150_tt6&efg=eyJ2ZW5jb2RlX3RhZyI6InByb2ZpbGVfcGljLmRqYW5nby4xMDgwLmMyIn0&_nc_ht=scontent-eze1-2.cdninstagram.com&_nc_cat=104&_nc_oc=Q6cZ2gE4ZpSg3K8K4CXgmCgqdhTEgoaENtiVru7wPeBBkWq9BeGWfUto9y6znIxeIKzqXe8&_nc_ohc=RdhkKKDDsnkQ7kNvwEn0IHC&_nc_gid=L-K-GMCp7RfNOsPYRPV20w&edm=AI-cjbYBAAAA&ccb=7-5&oh=00_AQDdM5hOmOvWtWYgX4eVCGawO_jORCorGcPbjMOQkYR7TA&oe=6A6B0D06&_nc_sid=0985b0,
test-data3,true,mittel,§ 130 Abs. 1 StGB,Billigung Willkürmaßnahme,"""Guter Mann"" billigt die Handlung des Verurteilten.",06erden,06erden,47364298935,2026-06-01 23:37:54,0,Guter Mann 👨,no,18378429268201033,https://www.instagram.com/06erden,https://www.instagram.com/p/DZDH8YstgWl/c/18378429268201033,https://scontent-eze1-1.cdninstagram.com/v/t51.2885-19/330845577_1274678563393902_1940322742055185605_n.jpg?stp=dst-jpg_s150x150_tt6&efg=eyJ2ZW5jb2RlX3RhZyI6InByb2ZpbGVfcGljLmRqYW5nby4xMDgwLmMyIn0&_nc_ht=scontent-eze1-1.cdninstagram.com&_nc_cat=106&_nc_oc=Q6cZ2gEqX6wcEJtAx4ryYIx_96ojQ0pVDw4AUmzsp4HU98TbgiKuF00dzJ9c1oncWSADSo0&_nc_ohc=cBJgc1wd-yUQ7kNvwEy3Phf&_nc_gid=AZBrlQ15-Dd3DkRqw0Qf5A&edm=AI-cjbYBAAAA&ccb=7-5&oh=00_AQD6rB04ECcEVKDu9qGn7r9H3N4KbmS3C_oUvN6afKiF1Q&oe=6A6AFCC3&_nc_sid=0985b0,752
test-data3,true,mittel,§ 130 Abs. 1 StGB,Billigung Willkürmaßnahme,"Lob 'Bester mann' im Kontext eindeutiger Zustimmung zur antisemitischen Aushängung, billigt die Willkürmaßnahme.",yasbay38,yasbay38,20019743105,2026-06-02 12:09:14,0,Bester mann,no,18111852982721951,https://www.instagram.com/yasbay38,https://www.instagram.com/p/DZDH8YstgWl/c/18111852982721951,https://scontent-eze1-1.cdninstagram.com/v/t51.82787-19/609263143_18105570133671106_8066467129002121176_n.jpg?stp=dst-jpg_s150x150_tt6&efg=eyJ2ZW5jb2RlX3RhZyI6InByb2ZpbGVfcGljLmRqYW5nby4xMDgwLmMyIn0&_nc_ht=scontent-eze1-1.cdninstagram.com&_nc_cat=110&_nc_oc=Q6cZ2gHKtADRaPxrYZmoUJJp7IMWO0vOh00IppPWgfsjFILBSVFxPgmlQz6P10hXAZgMICM&_nc_ohc=G2SH_5Nm9GkQ7kNvwGDGLOV&_nc_gid=oCCKEzxtj_rHizWsU02WpA&edm=AI-cjbYBAAAA&ccb=7-5&oh=00_AQAjv9R-getqpRalHtnxXliDY3_utU6wPbAvvZ9OAi3Ahg&oe=6A6B19C2&_nc_sid=0985b0,2478
test-data3,true,mittel,§ 130 Abs. 1 StGB; § 140 StGB,Billigung Willkürmaßnahme,Billigt die Tat ausdrücklich ('alles richtig gemacht') und spendet dem Täter Aufmunterung.,thenotoriousnwt,thenotoriousnwt,1530595296,2026-06-07 13:06:53,0,Der hat alles richtig gemacht. Kopf hoch mein bester 💪🏽,no,18124029937636556,https://www.instagram.com/thenotoriousnwt,https://www.instagram.com/p/DZDH8YstgWl/c/18124029937636556,https://scontent-eze1-1.cdninstagram.com/v/t51.82787-19/735354727_18607448197035297_5363950861844201710_n.jpg?stp=dst-jpg_s150x150_tt6&efg=eyJ2ZW5jb2RlX3RhZyI6InByb2ZpbGVfcGljLmRqYW5nby45MTUuYzIifQ&_nc_ht=scontent-eze1-1.cdninstagram.com&_nc_cat=109&_nc_oc=Q6cZ2gF6ItV5BdiygrNqcilfJz5Bxq7K2gdc8Of-BmhN7gJwp_Vha-DoneOUaAjvw_kB81c&_nc_ohc=iZVj_wNkrUMQ7kNvwF7aHYt&_nc_gid=DxPAZg8FE7wj6FNy2JU8ag&edm=AI-cjbYBAAAA&ccb=7-5&oh=00_AQDYd418t-Q8ft9tHdavQSj7HbzRRdmMoBBOuyzEgXoFFQ&oe=6A6AEEC9&_nc_sid=0985b0,4365
test-data3,true,mittel,§ 130 Abs. 1 StGB; § 166 StGB,Sonstiges,"Fordert 6 Monate Haft für Personen, die die antisemitische Aussage nicht verstehen, und formuliert dies dabei als religiös motivierten Konflikt, was den Ausschluss als Verteidigung einer religionsbezogenen Feindschaft erscheinen lässt; im Kontext prüfenswert wegen unklarer Zielrichtung.",clatinyt,clatinyt,71614423059,2026-06-02 23:47:55,0,Broo diese Kommentare jeder der das nicht versteht ist eine Schande für Deutschland es geht um eine Religion nicht um Israel Schande an besten 6 Monate knast,no,18065321009430654,https://www.instagram.com/clatinyt,https://www.instagram.com/p/DZDH8YstgWl/c/18065321009430654,https://scontent-eze1-2.cdninstagram.com/v/t51.82787-19/687702766_17910901122391060_8582082136005602411_n.jpg?stp=dst-jpg_s150x150_tt6&efg=eyJ2ZW5jb2RlX3RhZyI6InByb2ZpbGVfcGljLmRqYW5nby4xMDgwLmMyIn0&_nc_ht=scontent-eze1-2.cdninstagram.com&_nc_cat=104&_nc_oc=Q6cZ2gG3WQx_4-TV64xSFraF7HU2q0MqcVmj5Y7SEWX4Z77mAu4tbq5vv5IMXZWKI0mJoSs&_nc_ohc=PPBGJXVcMAsQ7kNvwENcSrq&_nc_gid=RUbGex3PoUmqZPnsyVLwNg&edm=AI-cjbYBAAAA&ccb=7-5&oh=00_AQAmbLLWg5fpv6j0oHaVvnBh7DAGNOdT9reqVkJCv8EPYw&oe=6A6AEC1B&_nc_sid=0985b0,3766
test-data3,true,mittel,§ 130 Abs. 1 StGB; § 140 StGB,Billigung Willkürmaßnahme,"""Recht hat er"" mit Zustimmungs-Emoji - billigt die Handlung des Ladenbesitzers.",dailysalvador,dailysalvador,6311941573,2026-06-02 10:54:21,0,Recht hat er🙌,no,18010880519718325,https://www.instagram.com/dailysalvador,https://www.instagram.com/p/DZDH8YstgWl/c/18010880519718325,https://scontent-eze1-1.cdninstagram.com/v/t51.82787-19/639964403_18340376743213574_105280192419694509_n.jpg?stp=dst-jpg_s150x150_tt6&efg=eyJ2ZW5jb2RlX3RhZyI6InByb2ZpbGVfcGljLmRqYW5nby4xMDgwLmMyIn0&_nc_ht=scontent-eze1-1.cdninstagram.com&_nc_cat=102&_nc_oc=Q6cZ2gH62b91P3PzuHGXJyVetx_U7SSjCccBW7zKyOwclNzZ2M-ARLeZcJP4o0hmIqEetD8&_nc_ohc=E3Vf8bGILBQQ7kNvwE4oSBM&_nc_gid=Jw2ZwyACU_HlAn_fkfVNKg&edm=AI-cjbYBAAAA&ccb=7-5&oh=00_AQCfBNvZSZo5h3wMOa7aB4BojzxI-h-G0ENfXUcGoj9ouQ&oe=6A6B17F7&_nc_sid=0985b0,2293
test-data3,true,mittel,§ 130 Abs. 1 StGB; § 140 StGB,Billigung Willkürmaßnahme,"""Mein Respekt an Hans"" billigt anerkennend die Handlung des Täters.",_a_b_b_a_s_8_8_,_a_b_b_a_s_8_8_,55057326691,2026-06-02 01:55:31,0,Mein Respekt an Hans,no,18117945553772139,https://www.instagram.com/_a_b_b_a_s_8_8_,https://www.instagram.com/p/DZDH8YstgWl/c/18117945553772139,https://scontent-eze1-2.cdninstagram.com/v/t51.82787-19/674506956_18017383517838692_7853376009981096415_n.jpg?stp=dst-jpg_s150x150_tt6&efg=eyJ2ZW5jb2RlX3RhZyI6InByb2ZpbGVfcGljLmRqYW5nby4xMDgwLmMyIn0&_nc_ht=scontent-eze1-2.cdninstagram.com&_nc_cat=108&_nc_oc=Q6cZ2gHXoHWYLBOSyKmhNnKS1RCJTIU2THY3-jVYWG1slxNbPVrm7HTTYTBxu72g6JeCj7s&_nc_ohc=G2Zei9NfCEwQ7kNvwGBz-wf&_nc_gid=slhFyn9p4OolA0pPD2P3Mw&edm=AI-cjbYBAAAA&ccb=7-5&oh=00_AQCohhBG9TBcRyIELTMcehk88ymeB-HbvAyM5-dILTreyQ&oe=6A6B0455&_nc_sid=0985b0,1372
test-data3,true,mittel,§ 130 Abs. 1 StGB,Billigung Willkürmaßnahme,"""Bin auch dabei"" im Kontext der Solidarisierung mit dem Verurteilten billigt dessen Handeln.",muhammet_k91,muhammet_k91,45087386333,2026-06-02 00:05:25,0,Bin auch dabei🔥,no,18138188053558898,https://www.instagram.com/muhammet_k91,https://www.instagram.com/p/DZDH8YstgWl/c/18138188053558898,https://scontent-eze1-1.cdninstagram.com/v/t51.82787-19/726987508_18114633158498334_6444400893736302699_n.jpg?stp=dst-jpg_s150x150_tt6&efg=eyJ2ZW5jb2RlX3RhZyI6InByb2ZpbGVfcGljLmRqYW5nby4xMDgwLmMyIn0&_nc_ht=scontent-eze1-1.cdninstagram.com&_nc_cat=106&_nc_oc=Q6cZ2gFefdEEjFN0GqVMVdcsntNA9yAMXW79onrqemn3_ADlPiCyUbi4OciW35blojUl6bg&_nc_ohc=bASZ0OBLc5cQ7kNvwFcdEKx&_nc_gid=WF7HRP2X5aA72YC1xYTJ-g&edm=AI-cjbYBAAAA&ccb=7-5&oh=00_AQCEQ-SejAwDjDC4d43IcFyZaY73zKG6KyNipoa7t1bOIg&oe=6A6AED59&_nc_sid=0985b0,935
test-data3,true,mittel,§ 130 Abs. 1 StGB,Billigung Willkürmaßnahme,'Richtig so...guter Mann' als klare Billigung der Handlung gegen Juden.,benthemanwithnohair,benthemanwithnohair,45384986857,2026-06-02 12:57:26,0,Richtig so…🔥…guter Mann.,no,18106323695485791,https://www.instagram.com/benthemanwithnohair,https://www.instagram.com/p/DZDH8YstgWl/c/18106323695485791,https://scontent-eze1-2.cdninstagram.com/v/t51.2885-19/140372148_534193590888848_3394070485809487132_n.jpg?stp=dst-jpg_s150x150_tt6&efg=eyJ2ZW5jb2RlX3RhZyI6InByb2ZpbGVfcGljLmRqYW5nby4xMDgwLmMyIn0&_nc_ht=scontent-eze1-2.cdninstagram.com&_nc_cat=108&_nc_oc=Q6cZ2gEzLi-XJ68h95Rd6yyRQ7ndEZxMZZCk2bBzyEo3AMJ5rWHZ3sv7D27NW2nrOnJvhGA&_nc_ohc=BtU4n5ZB-5kQ7kNvwHDkO2I&_nc_gid=hbdSeAVv6SC1TEvzFicUPw&edm=AI-cjbYBAAAA&ccb=7-5&oh=00_AQBOFZYoVScLT2a_BgaJjgsmvN0Zi0eK8m9fMQfoswvmZA&oe=6A6AFC00&_nc_sid=0985b0,2609
test-data3,true,hoch,§ 130 Abs. 1 StGB; § 140 StGB,Billigung Willkürmaßnahme,Fordert für den wegen Volksverhetzung verurteilten Täter den Nobelpreis und verherrlicht damit dessen Ausgrenzung von Juden in besonders deutlicher Weise.,gerhardlau.gl2020,gerhardlau.gl2020,39743857425,2026-06-07 11:19:49,0,"Der Mann muss für den Nobelpreis vor geschlagen werden,,haben schon lange keinen Nobelpreis Träger, mehr in Deutschland 🇩🇪 gehabt,,👍",no,18327894871268183,https://www.instagram.com/gerhardlau.gl2020,https://www.instagram.com/p/DZDH8YstgWl/c/18327894871268183,https://scontent-eze1-1.cdninstagram.com/v/t51.2885-19/280690897_395378659158302_1424972319409136933_n.jpg?stp=dst-jpg_s150x150_tt6&efg=eyJ2ZW5jb2RlX3RhZyI6InByb2ZpbGVfcGljLmRqYW5nby4xMDgwLmMyIn0&_nc_ht=scontent-eze1-1.cdninstagram.com&_nc_cat=102&_nc_oc=Q6cZ2gF6ItV5BdiygrNqcilfJz5Bxq7K2gdc8Of-BmhN7gJwp_Vha-DoneOUaAjvw_kB81c&_nc_ohc=4sEmOc_8IJkQ7kNvwE__P94&_nc_gid=DxPAZg8FE7wj6FNy2JU8ag&edm=AI-cjbYBAAAA&ccb=7-5&oh=00_AQBwTbAGJfi9LsnHZm6AZk8T1qm00ambbpNRyWXB7TpKNw&oe=6A6B1DD2&_nc_sid=0985b0,4362
test-data3,true,mittel,§ 130 Abs. 1 StGB; § 140 StGB,Billigung Willkürmaßnahme,"""Ehrenmann Respekt"" bezieht sich im Threadkontext auf den Ladenbesitzer und billigt damit dessen Handlung (Hausverbot für Juden).",halim_gulmez,halim_gulmez,6823230541,2026-06-02 08:41:31,0,Ehrenmann Respekt,no,17946420189016047,https://www.instagram.com/halim_gulmez,https://www.instagram.com/p/DZDH8YstgWl/c/17946420189016047,https://scontent-eze1-2.cdninstagram.com/v/t51.2885-19/409211330_264618309946971_2920553006554356177_n.jpg?stp=dst-jpg_s150x150_tt6&efg=eyJ2ZW5jb2RlX3RhZyI6InByb2ZpbGVfcGljLmRqYW5nby40NzMuYzIifQ&_nc_ht=scontent-eze1-2.cdninstagram.com&_nc_cat=103&_nc_oc=Q6cZ2gFQa_ORcgznTWl3TWbj3FtnjYxOsGUCnE2-yD54pfbRWzUX9a9bKpsKHC2gpwquD84&_nc_ohc=YbuLZCUPy-MQ7kNvwFUU6De&_nc_gid=JOfFiewkUeFX5gdkAToNmQ&edm=AI-cjbYBAAAA&ccb=7-5&oh=00_AQBDS8EyKCA-3oAomVD0XjepShNykz0C1cEJ7NqAJQDDdw&oe=6A6B1B38&_nc_sid=0985b0,1945
test-data3,true,mittel,§ 140 StGB,Billigung Willkürmaßnahme,"Ausdrückliche Verneinung, dass im Schild Antisemitismus vorliege, verteidigt implizit die als Volksverhetzung gewertete Handlung; Bezug knapp, daher nur mittel.",indemladenischeinladendrin,indemladenischeinladendrin,5899779405,2026-06-03 11:50:51,0,Da steht nichts persönliches und kein Antisemitismus,no,18117623713747268,https://www.instagram.com/indemladenischeinladendrin,https://www.instagram.com/p/DZDH8YstgWl/c/18117623713747268,https://scontent-eze1-1.cdninstagram.com/v/t51.2885-19/20902550_350113165444958_8838721259815567360_a.jpg?stp=dst-jpg_s150x150_tt6&efg=eyJ2ZW5jb2RlX3RhZyI6InByb2ZpbGVfcGljLmRqYW5nby4xNTAuYzIifQ&_nc_ht=scontent-eze1-1.cdninstagram.com&_nc_cat=102&_nc_oc=Q6cZ2gHc3-fgprct0i8sjehwBXeu5pPfvY6lwB18gSXASkuyxgO1cNGQcbSs9fIsv4xSFSM&_nc_ohc=4QjgiIdr1wUQ7kNvwFFgF8p&_nc_gid=eNc47n5sAq3Asp7HTY4qUw&edm=AI-cjbYBAAAA&ccb=7-5&oh=00_AQBqR0mvx3jpj0AQv2XixtXSqTQ0IY3RD9-nbrR6ZV3vOA&oe=6A6AE973&_nc_sid=0985b0,3942
test-data3,true,mittel,§ 130 Abs. 1 StGB; § 140 StGB,Billigung Willkürmaßnahme,"""Brravo für den Ladenbesitzer"" mit mehreren Applaus-Emojis billigt die Diskriminierungshandlung gegen Juden.",hugo.vienna,hugo.vienna,1584036376,2026-06-02 01:02:22,0,Brravo für den Ladenbesitzer👏👏👏👏👏👏,no,17859177294637060,https://www.instagram.com/hugo.vienna,https://www.instagram.com/p/DZDH8YstgWl/c/17859177294637060,https://scontent-eze1-2.cdninstagram.com/v/t51.2885-19/331359093_918423949596373_62982097583134527_n.jpg?stp=dst-jpg_s150x150_tt6&efg=eyJ2ZW5jb2RlX3RhZyI6InByb2ZpbGVfcGljLmRqYW5nby4xMDgwLmMyIn0&_nc_ht=scontent-eze1-2.cdninstagram.com&_nc_cat=101&_nc_oc=Q6cZ2gFGol7qb3X3CS0h-v7KrbACorAlMG6bngrCn_16G1vR-jdIW-LglFk994SIYGR0lJs&_nc_ohc=V0lVu17V-vkQ7kNvwGKJrmy&_nc_gid=aaM4gx5cCxKlb4t5Rlom1A&edm=AI-cjbYBAAAA&ccb=7-5&oh=00_AQCKWF6LElL3CSxEnk-ZKKwVwt1_pxQM-ROTWcOUGMVA-A&oe=6A6B0A53&_nc_sid=0985b0,1147
test-data3,true,mittel,§ 130 Abs. 1 StGB,Billigung Willkürmaßnahme,'Ehrenmann' als Lob für den Urheber des antisemitischen Schildes.,13elo37,13elo37,74790041280,2026-06-02 12:49:37,0,Ehrenmann,no,18100634096322903,https://www.instagram.com/13elo37,https://www.instagram.com/p/DZDH8YstgWl/c/18100634096322903,https://scontent-eze1-1.cdninstagram.com/v/t51.2885-19/499185919_17844294861489281_8796849517507816922_n.jpg?stp=dst-jpg_s150x150_tt6&efg=eyJ2ZW5jb2RlX3RhZyI6InByb2ZpbGVfcGljLmRqYW5nby4zNjAuYzIifQ&_nc_ht=scontent-eze1-1.cdninstagram.com&_nc_cat=105&_nc_oc=Q6cZ2gEzLi-XJ68h95Rd6yyRQ7ndEZxMZZCk2bBzyEo3AMJ5rWHZ3sv7D27NW2nrOnJvhGA&_nc_ohc=prdYKe0SGegQ7kNvwHY6CsG&_nc_gid=hbdSeAVv6SC1TEvzFicUPw&edm=AI-cjbYBAAAA&ccb=7-5&oh=00_AQBg1nynQuVIp6yPE_X9poeqei1lpkJe9nNjOsyaGoifXw&oe=6A6AEBC7&_nc_sid=0985b0,2584
test-data3,true,mittel,§ 130 Abs. 1 StGB; § 140 StGB,Billigung Willkürmaßnahme,"""Alles richtig gemacht"" - billigende Zustimmung zur Handlung des Ladenbesitzers.",tonisperelli,tonisperelli,45030514463,2026-06-02 10:02:40,0,Alles richtig gemacht,no,17949533150997787,https://www.instagram.com/tonisperelli,https://www.instagram.com/p/DZDH8YstgWl/c/17949533150997787,https://instagram.frbr2-1.fna.fbcdn.net/v/t51.2885-19/573323465_1219825463302212_7278921664109726296_n.png?stp=dst-jpg_e0_s150x150_tt6&efg=eyJ2ZW5jb2RlX3RhZyI6InByb2ZpbGVfcGljLmRqYW5nby4xNTAuYzIifQ&_nc_ht=instagram.frbr2-1.fna.fbcdn.net&_nc_cat=1&_nc_oc=Q6cZ2gFU2qNVWuKgWpgFhSmfsad_BKoz26-Iimal-A3BEQIv4-IRiJLtpROFa8SqqIsRNk4&_nc_ohc=vUGxye7DTtYQ7kNvwFrD0cm&_nc_gid=v-8wgnYJj93Sb_6YC8gNZQ&edm=AFs-eF8BAAAA&ccb=7-5&ig_cache_key=YW5vbnltb3VzX3Byb2ZpbGVfcGlj.3-ccb7-5&oh=00_AQD6O3PiYZpKsmNyQ4vwiFfvVPtVMW9ntpQP4CuuhWXMHA&oe=6A6B08EA&_nc_sid=72eed0,2158
test-data3,true,mittel,§ 130 Abs. 1 StGB; § 140 StGB,Billigung Willkürmaßnahme,"""starker Typ"" mit Beifalls-Emojis billigt die diskriminierende Tat des Ladenbesitzers.",salvarli_demokrat,salvarli_demokrat,7278564198,2026-06-02 01:53:48,0,👏👏👏 starker Typ!!!!,no,18200095453361824,https://www.instagram.com/salvarli_demokrat,https://www.instagram.com/p/DZDH8YstgWl/c/18200095453361824,https://scontent-eze1-2.cdninstagram.com/v/t51.82787-19/727519036_18359505979244199_4312743822986286721_n.jpg?stp=dst-jpg_s150x150_tt6&efg=eyJ2ZW5jb2RlX3RhZyI6InByb2ZpbGVfcGljLmRqYW5nby4xMDgwLmMyIn0&_nc_ht=scontent-eze1-2.cdninstagram.com&_nc_cat=103&_nc_oc=Q6cZ2gHXoHWYLBOSyKmhNnKS1RCJTIU2THY3-jVYWG1slxNbPVrm7HTTYTBxu72g6JeCj7s&_nc_ohc=UL64LPyvnlAQ7kNvwFZzEu6&_nc_gid=slhFyn9p4OolA0pPD2P3Mw&edm=AI-cjbYBAAAA&ccb=7-5&oh=00_AQDu5MKWCMR6P4ipK7YtG7HZ5W9leY56P_lN5wG2sk28Iw&oe=6A6B124D&_nc_sid=0985b0,1366
test-data3,true,mittel,§ 241 StGB,Bedrohung,'Du solltest 10 Jahre bekommen' ist eine an einen konkreten Nutzer gerichtete Strafandrohung im Streitkontext.,quattro.moe,quattro.moe,6209378214,2026-06-02 17:35:17,0,Du solltest 10 Jahre bekommen,no,18166022206433390,https://www.instagram.com/quattro.moe,https://www.instagram.com/p/DZDH8YstgWl/c/18166022206433390,https://scontent-eze1-2.cdninstagram.com/v/t51.82787-19/670672501_18368166481202215_6753574479532842945_n.jpg?stp=dst-jpg_s150x150_tt6&efg=eyJ2ZW5jb2RlX3RhZyI6InByb2ZpbGVfcGljLmRqYW5nby4xMDgwLmMyIn0&_nc_ht=scontent-eze1-2.cdninstagram.com&_nc_cat=107&_nc_oc=Q6cZ2gFs3bR71lmkFPVkcbkLKGWeyup2Si3SXQW_osRHdMqn0vV1x_bH-peWTLzME7quwcc&_nc_ohc=Xd9pVB2Zqa8Q7kNvwFH9eF0&_nc_gid=YO830ah7D_7zsu79v_qD-A&edm=AI-cjbYBAAAA&ccb=7-5&oh=00_AQCsUU0iww9cN8Yyt80iugg-FSjCE7agg1jJFXygNIlwoQ&oe=6A6AE8EF&_nc_sid=0985b0,3255
test-data3,true,mittel,§ 130 Abs. 1 StGB,Billigung Willkürmaßnahme,"""Free my man"" solidarisiert sich mit dem wegen Volksverhetzung Verurteilten.",jasondingeling,jasondingeling,71282933367,2026-06-01 23:55:08,0,Free my man 🙌🔥,no,18104521225795205,https://www.instagram.com/jasondingeling,https://www.instagram.com/p/DZDH8YstgWl/c/18104521225795205,https://scontent-eze1-2.cdninstagram.com/v/t51.82787-19/729988410_17921010579381368_3387505781033672597_n.jpg?stp=dst-jpg_s150x150_tt6&efg=eyJ2ZW5jb2RlX3RhZyI6InByb2ZpbGVfcGljLmRqYW5nby4xMDgwLmMyIn0&_nc_ht=scontent-eze1-2.cdninstagram.com&_nc_cat=108&_nc_oc=Q6cZ2gGlu2TtakB1xDbKfi4BNo0-s4dfM1nw6YA9byPcv6ChWsXQQi-QgihF67qfIFPkC0M&_nc_ohc=EikpQrvvqY0Q7kNvwFYhbtl&_nc_gid=87l8pkCwb9zk7FPavy2aYg&edm=AI-cjbYBAAAA&ccb=7-5&oh=00_AQDXNPL0kD9Ajz_54hhKSLF8A6RZp44domUbZvNXCDyR2A&oe=6A6AED6D&_nc_sid=0985b0,867
test-data3,true,mittel,§ 130 Abs. 1 StGB,Sonstiges,"Verwendet die abwertende Anspielung 'auserwähltes Volk' im Zusammenhang mit einer Verharmlosung des Falls, ein bekannter antisemitischer Code.",hebro2701,hebro2701,64153745278,2026-06-02 15:12:55,0,Was ist wenn er schreibt deutscher haben Hausverbot?wird er auch verurteilt oder gehts da nur um auserwählter Volk,no,18009112127876328,https://www.instagram.com/hebro2701,https://www.instagram.com/p/DZDH8YstgWl/c/18009112127876328,https://instagram.fmex42-1.fna.fbcdn.net/v/t51.2885-19/573323465_1219825463302212_7278921664109726296_n.png?stp=dst-webp&efg=eyJ2ZW5jb2RlX3RhZyI6InByb2ZpbGVfcGljLmRqYW5nby4xNTAuYzIifQ&_nc_ht=instagram.fmex42-1.fna.fbcdn.net&_nc_cat=1&_nc_oc=Q6cZ2gE8BsSyhKOjjUW2yH1SFWrcUCPufCajV8I5lRUc4g-ZS1QWlDIStUCaLeAWrLBWPlk&_nc_ohc=vUGxye7DTtYQ7kNvwG10gBN&_nc_gid=nqGhlmflJunFVJjYAghr7A&edm=AJ9x6zYBAAAA&ccb=7-5&ig_cache_key=YW5vbnltb3VzX3Byb2ZpbGVfcGlj.3-ccb7-5&oh=00_AQA6wEpq4DCG9jaLyDQm9Oph9Z2ORofV7_c7ANl9lIm8Vg&oe=6A6B08EA&_nc_sid=65462d,2955
test-data3,true,mittel,§ 130 Abs. 1 StGB; § 140 StGB,Billigung Willkürmaßnahme,"""Ehrenmannnnnnnn"" mit mehreren positiven Emojis billigt die diskriminierende Handlung.",hawq669,hawq669,48763608738,2026-06-02 02:10:52,0,Ehrenmannnnnnnn🙌🙌🙌👏👏,no,17864017662689188,https://www.instagram.com/hawq669,https://www.instagram.com/p/DZDH8YstgWl/c/17864017662689188,https://scontent-eze1-2.cdninstagram.com/v/t51.2885-19/501528370_18043327025624739_7897187857941519080_n.jpg?stp=dst-jpg_s150x150_tt6&efg=eyJ2ZW5jb2RlX3RhZyI6InByb2ZpbGVfcGljLmRqYW5nby42MDAuYzIifQ&_nc_ht=scontent-eze1-2.cdninstagram.com&_nc_cat=103&_nc_oc=Q6cZ2gGmZljf3BRSkO170gxDqy8p7kf534XqM2D6DhQdi-oNo6Z_QJz8j7mTaiR1Gq8F0s8&_nc_ohc=ss2Bh7Cu2eEQ7kNvwEsK7F-&_nc_gid=PJ6l6j7NIIk05K7-0E5qPA&edm=AI-cjbYBAAAA&ccb=7-5&oh=00_AQCeuwTzpHnaGtUEqGAG7EL5lukmYCo0VVtVuSSNaPsEOw&oe=6A6AEB6B&_nc_sid=0985b0,1420
data2,,,,,,domo239e,domo239e,18488455722,2026-06-01 23:57:49,0,"@sgcity67 wenn du das begründen kannst, sachlich und fachlich, dann mach...",no,18412805095150497,https://www.instagram.com/domo239e,https://www.instagram.com/p/DZDH8YstgWl/c/18412805095150497,https://scontent-eze1-2.cdninstagram.com/v/t51.2885-19/244536569_330829595505247_2770513624847994295_n.jpg?stp=dst-jpg_s150x150_tt6&efg=eyJ2ZW5jb2RlX3RhZyI6InByb2ZpbGVfcGljLmRqYW5nby4xMDgwLmMyIn0&_nc_ht=scontent-eze1-2.cdninstagram.com&_nc_cat=107&_nc_oc=Q6cZ2gFJfIsg4ul4p8ArgfrrkODARU39mR7HzwzsRj38foBDqg2rPNAtTmwedj5o64ris5I&_nc_ohc=Jy-S5GKuOiIQ7kNvwEdk8ev&_nc_gid=YrzuNyzzogGfc-a3QYyuaA&edm=AI-cjbYBAAAA&ccb=7-5&oh=00_AQBt5xZAS5IgZOv7HPTrnFkoX1caU1DCxfvHwlYNvvnmqw&oe=6A6B1AA2&_nc_sid=0985b0,
test-data3,true,mittel,§ 130 Abs. 1 StGB,Billigung Willkürmaßnahme,"""Gute Mann"" billigt die Tat des wegen Volksverhetzung Verurteilten.",kowa.8,kowa.8,10907758950,2026-06-02 00:00:58,0,Gute Mann,no,18098806280154476,https://www.instagram.com/kowa.8,https://www.instagram.com/p/DZDH8YstgWl/c/18098806280154476,https://scontent-eze1-1.cdninstagram.com/v/t51.2885-19/277290585_3894280317464831_7648018929099789966_n.jpg?stp=dst-jpg_s150x150_tt6&efg=eyJ2ZW5jb2RlX3RhZyI6InByb2ZpbGVfcGljLmRqYW5nby4xMDUzLmMyIn0&_nc_ht=scontent-eze1-1.cdninstagram.com&_nc_cat=111&_nc_oc=Q6cZ2gFJfIsg4ul4p8ArgfrrkODARU39mR7HzwzsRj38foBDqg2rPNAtTmwedj5o64ris5I&_nc_ohc=oLBmC4L7XUEQ7kNvwHw0kSe&_nc_gid=YrzuNyzzogGfc-a3QYyuaA&edm=AI-cjbYBAAAA&ccb=7-5&oh=00_AQCGdCL_AHydV4UnMwuBC3zizNDngeIU5wuNu1QfawPVog&oe=6A6AF23F&_nc_sid=0985b0,914
test-data3,true,mittel,§ 130 Abs. 1 StGB; § 140 StGB,Billigung Willkürmaßnahme,"Ruft dazu auf, den Täter durch verstärkten Einkauf zu unterstützen, was eine aktive Billigung und Förderung der Willkürmaßnahme gegen Juden darstellt.",kilic.ottoman.kaan,kilic.ottoman.kaan,75842412260,2026-06-02 20:09:00,0,Wir müssen ihn unterstützen iund mehr da einkaufen,no,17938525209236800,https://www.instagram.com/kilic.ottoman.kaan,https://www.instagram.com/p/DZDH8YstgWl/c/17938525209236800,https://scontent-eze1-2.cdninstagram.com/v/t51.82787-19/582085167_17864890710532261_8793085991203691024_n.jpg?stp=dst-jpg_s150x150_tt6&efg=eyJ2ZW5jb2RlX3RhZyI6InByb2ZpbGVfcGljLmRqYW5nby40MDUuYzIifQ&_nc_ht=scontent-eze1-2.cdninstagram.com&_nc_cat=101&_nc_oc=Q6cZ2gGM2h7ApMfcdrT10WrJABt6F9WH9y19TiWRpD7RVIXrB33UpwHgmyXaa2pHdWNMAJ8&_nc_ohc=-jgFQSugBekQ7kNvwGXm1ww&_nc_gid=5qdHH54la3L2IjiCwxJILA&edm=AI-cjbYBAAAA&ccb=7-5&oh=00_AQCI4_HS4ilr8n0r1lAfOls5kA7w7Ypgid9Sy3LycJGcJg&oe=6A6AF2F5&_nc_sid=0985b0,3480
test-data3,true,mittel,§ 130 Abs. 1 StGB,Billigung Willkürmaßnahme,"Bezeichnet den wegen Volksverhetzung verurteilten Täter als ""Volksheld"" und billigt damit dessen Tat.",d__c__f1309,d__c__f1309,2327873149,2026-06-02 19:23:24,0,Volksheld,no,18089584130601429,https://www.instagram.com/d__c__f1309,https://www.instagram.com/p/DZDH8YstgWl/c/18089584130601429,https://scontent-eze1-1.cdninstagram.com/v/t51.82787-19/552166532_18485046223073150_1653232653672882664_n.jpg?stp=dst-jpg_s150x150_tt6&efg=eyJ2ZW5jb2RlX3RhZyI6InByb2ZpbGVfcGljLmRqYW5nby4xMDgwLmMyIn0&_nc_ht=scontent-eze1-1.cdninstagram.com&_nc_cat=102&_nc_oc=Q6cZ2gHohZq7gjB2KqNBPUE1xUIYz3475E6H98x4JP7ZjalYxvwQe42ghoq85OPImbAnCMs&_nc_ohc=RMifVG9CaLIQ7kNvwFGpvyc&_nc_gid=sepFE-NkmmDvunaX6CVJXw&edm=AI-cjbYBAAAA&ccb=7-5&oh=00_AQDNDZB1lw0X8iW0Myk8O00Ef_c5jSP_h10YwgB8BnbakA&oe=6A6B0DA2&_nc_sid=0985b0,3417
test-data3,true,mittel,§ 130 Abs. 1 StGB,Kollektivschuld/Aufstacheln zum Hass,"Rechtfertigt das Vorgehen des Täters mit einer Kollektivzuschreibung (""die"" Juden/Israel seien schuld an höheren Spritpreisen wegen des Nahost-Konflikts), was eine pauschale Verantwortungszuschreibung an die Gruppe darstellt.",konsti9455,konsti9455,78285078323,2026-06-02 20:26:29,0,@hannah_prxv ja er macht es aber nicht deswegen sondern wegen dem Israel Konflikt da die ja meinen müssen alles zu haben. Und dank denen haben wir jetzt auch noch höhere Spritpreise.,no,18099584798150194,https://www.instagram.com/konsti9455,https://www.instagram.com/p/DZDH8YstgWl/c/18099584798150194,https://scontent-eze1-2.cdninstagram.com/v/t51.82787-19/580483673_17842993806614324_583243151207818358_n.jpg?stp=dst-jpg_s150x150_tt6&efg=eyJ2ZW5jb2RlX3RhZyI6InByb2ZpbGVfcGljLmRqYW5nby4xMDgwLmMyIn0&_nc_ht=scontent-eze1-2.cdninstagram.com&_nc_cat=108&_nc_oc=Q6cZ2gGrJKeuMTfTuMA_-VtYbwwYmwHIRRUVv54fIYXckJgPuRnQlQNVP_97Fp78u0W_DP4&_nc_ohc=JXt0LQpzUo0Q7kNvwGpfB7S&_nc_gid=C7bL2BjTUILkjsEm0q5plw&edm=AI-cjbYBAAAA&ccb=7-5&oh=00_AQAGmaHMdBD6i9M-Tie3g64xPJTyIF2D2tfIpLqT2musJw&oe=6A6B126B&_nc_sid=0985b0,3506
data2,,,,,,the_real_k4rtell,the_real_k4rtell,50949933386,2026-06-05 13:45:19,0,Plötzlich Nicht schuldunfähig ?,no,18090768782364889,https://www.instagram.com/the_real_k4rtell,https://www.instagram.com/p/DZDH8YstgWl/c/18090768782364889,https://scontent-eze1-2.cdninstagram.com/v/t51.82787-19/612812776_18050265194701387_3462221513089023419_n.jpg?stp=dst-jpg_s150x150_tt6&efg=eyJ2ZW5jb2RlX3RhZyI6InByb2ZpbGVfcGljLmRqYW5nby4xMDgwLmMyIn0&_nc_ht=scontent-eze1-2.cdninstagram.com&_nc_cat=107&_nc_oc=Q6cZ2gGi9fm67rdmEPtBp81O7Sa744aqU5lFU-E-BV-cSBu7kUNaY7J9s8E_qZNJnyzjpwU&_nc_ohc=6tufWOgDHR8Q7kNvwHUk92X&_nc_gid=NE43W8l2hrAbtqioppA67g&edm=AI-cjbYBAAAA&ccb=7-5&oh=00_AQBZ2oxqXMfVUxVau96fmcy2P6s7XkTSYbdaEwCsgq6Ejg&oe=6A6AF73A&_nc_sid=0985b0,
test-data3,true,mittel,§ 130 Abs. 1 StGB; § 140 StGB,Billigung Willkürmaßnahme,"Forderung, dem Täter einen 'Orden' zu verleihen, verherrlicht/billigt dessen antisemitische Handlung.",thegr8orhan,thegr8orhan,2908778499,2026-06-02 12:46:27,0,Gibt dem Mann einen Orden 👍,no,17925281739128124,https://www.instagram.com/thegr8orhan,https://www.instagram.com/p/DZDH8YstgWl/c/17925281739128124,https://scontent-eze1-2.cdninstagram.com/v/t51.82787-19/709768607_18464172040098500_8313443537913975945_n.jpg?stp=dst-jpg_s150x150_tt6&efg=eyJ2ZW5jb2RlX3RhZyI6InByb2ZpbGVfcGljLmRqYW5nby4xMDgwLmMyIn0&_nc_ht=scontent-eze1-2.cdninstagram.com&_nc_cat=108&_nc_oc=Q6cZ2gEzLi-XJ68h95Rd6yyRQ7ndEZxMZZCk2bBzyEo3AMJ5rWHZ3sv7D27NW2nrOnJvhGA&_nc_ohc=eYDlTai-d5oQ7kNvwEpyew3&_nc_gid=hbdSeAVv6SC1TEvzFicUPw&edm=AI-cjbYBAAAA&ccb=7-5&oh=00_AQCkkEniDRwymuEJNqgqTgUW5Jlfuk3I6gXK1Lb0G1tSRQ&oe=6A6AEA63&_nc_sid=0985b0,2574
test-data3,true,mittel,§ 130 Abs. 1 StGB,Aufstacheln zum Hass,"""good goyim"" - erneuter antisemitischer Code zur Verspottung von Nichtjuden als angeblich jüdisch beherrschte Gruppe.",timo_leichert,timo_leichert,6958168856,2026-06-02 11:05:34,0,@byannie.c good goyim,no,17904697596262846,https://www.instagram.com/timo_leichert,https://www.instagram.com/p/DZDH8YstgWl/c/17904697596262846,https://scontent-eze1-2.cdninstagram.com/v/t51.2885-19/464251859_957309263083668_6510773754669332947_n.jpg?stp=dst-jpg_s150x150_tt6&efg=eyJ2ZW5jb2RlX3RhZyI6InByb2ZpbGVfcGljLmRqYW5nby4xMDgwLmMyIn0&_nc_ht=scontent-eze1-2.cdninstagram.com&_nc_cat=100&_nc_oc=Q6cZ2gHia8Yh3qoxoqarGyfnQHd_wftAJ5frTE1Bjp13tEazbLrA1ijPDf5pvmfssQ36gBg&_nc_ohc=RNsDzLlujtwQ7kNvwH_f_Bi&_nc_gid=4mjOLn7T8uS-RCIt-KYuMA&edm=AI-cjbYBAAAA&ccb=7-5&oh=00_AQCPzqbe7DMrD35yxCKzIGP7Lipb4Tnxap38UbR6qypSlA&oe=6A6B00F8&_nc_sid=0985b0,2330
data2,,,,,,mccaereth,mccaereth,428824271,2026-06-02 15:38:03,0,"So war es bei den ungeimpften auch. Da haben die Ladenbesitzer noch applaus bekommen... Mal drüber nachdenken.... Die Zeit darf nie vergessen werden, nur weil die Medien nicht mehr so brisant darüber berichten.",no,18077763767241674,https://www.instagram.com/mccaereth,https://www.instagram.com/p/DZDH8YstgWl/c/18077763767241674,https://scontent-eze1-1.cdninstagram.com/v/t51.2885-19/486494043_1202208048134394_2789222289175052476_n.jpg?stp=dst-jpg_s150x150_tt6&efg=eyJ2ZW5jb2RlX3RhZyI6InByb2ZpbGVfcGljLmRqYW5nby4xMDgwLmMyIn0&_nc_ht=scontent-eze1-1.cdninstagram.com&_nc_cat=106&_nc_oc=Q6cZ2gF0sZQ7d3X_yVaLZ81Tsr_rcoTRZal7pIlebXPj0w5cS2OMhQoh51x_pUkioa3WeTQ&_nc_ohc=MpxWaC7mqFEQ7kNvwE9AEFW&_nc_gid=F5a2D2fi3zVMohQW-yzB-Q&edm=AI-cjbYBAAAA&ccb=7-5&oh=00_AQDT_As06EoAhoClKXEovoPkQ7vQAh55jCykiDopKd9Iqg&oe=6A6B077E&_nc_sid=0985b0,
data2,,,,,,rr.fotography,rr.fotography,60340953936,2026-06-02 00:28:38,0,"@ardushh also wenn me säge würd, schwarzi Sitze hinte im Bus, denn würdsch das ok finde ?",no,18103011092119865,https://www.instagram.com/rr.fotography,https://www.instagram.com/p/DZDH8YstgWl/c/18103011092119865,https://scontent-eze1-1.cdninstagram.com/v/t51.2885-19/487811561_1091305916368982_3471007281773567027_n.jpg?stp=dst-jpg_s150x150_tt6&efg=eyJ2ZW5jb2RlX3RhZyI6InByb2ZpbGVfcGljLmRqYW5nby4xMDgwLmMyIn0&_nc_ht=scontent-eze1-1.cdninstagram.com&_nc_cat=102&_nc_oc=Q6cZ2gHMKFvbaIj5EF5ceY4YzlJd3N-DlVs1gado8oW_6iYgeLcsUqW6mR4zcZAy7LI5lGE&_nc_ohc=NX9V5sdpU_EQ7kNvwEmGW2h&_nc_gid=0XY2wn5MA1OTxYeVzwvwfQ&edm=AI-cjbYBAAAA&ccb=7-5&oh=00_AQDUTJ4AZ3d6oIBt-b48dcxlYIkjNuKHVHh3KeVL5htHcw&oe=6A6B110D&_nc_sid=0985b0,
test-data3,true,mittel,§ 130 Abs. 1 StGB,Aufstacheln zum Hass,"""denen schuldet man garnichts"" bezogen auf Juden als Gruppe stellt eine kollektive abwertende Aussage dar, die Rechte/Respekt gegenüber der Gruppe pauschal absprechen.",eli1s25,eli1s25,13844711651,2026-06-02 02:05:43,0,Richtig so denen schuldet man garnichts!,no,18117644128796786,https://www.instagram.com/eli1s25,https://www.instagram.com/p/DZDH8YstgWl/c/18117644128796786,https://scontent-eze1-2.cdninstagram.com/v/t51.2885-19/310010394_1086846265302853_7012666643967116671_n.jpg?stp=dst-jpg_s150x150_tt6&efg=eyJ2ZW5jb2RlX3RhZyI6InByb2ZpbGVfcGljLmRqYW5nby4xMDgwLmMyIn0&_nc_ht=scontent-eze1-2.cdninstagram.com&_nc_cat=101&_nc_oc=Q6cZ2gGmZljf3BRSkO170gxDqy8p7kf534XqM2D6DhQdi-oNo6Z_QJz8j7mTaiR1Gq8F0s8&_nc_ohc=3w4ntcOWp4UQ7kNvwH8bsHF&_nc_gid=PJ6l6j7NIIk05K7-0E5qPA&edm=AI-cjbYBAAAA&ccb=7-5&oh=00_AQCb4N3-jt1-v-LGAUd7Gz_wgNEF5tbJny1Rhvak3X29Pw&oe=6A6B0B5E&_nc_sid=0985b0,1402
test-data3,true,mittel,§ 130 Abs. 1 StGB,Religionsbeschimpfung/Sonstiges,Ironische Anspielung auf die Tora-Josephsgeschichte im Kontext der Verurteilung wirkt herabwürdigend gegenüber Juden als Gruppe und billigt gleichzeitig den Täter.,bananemango,bananemango,72858900425,2026-06-02 01:31:28,0,"Guter Mann, da hat wohl jemand die Tora, und die Story von Joseph der in den Brunnen und nach Ägypten verkauft wurde nochmal genau gelesene 👏🔥",no,18124008088648350,https://www.instagram.com/bananemango,https://www.instagram.com/p/DZDH8YstgWl/c/18124008088648350,https://scontent-eze1-1.cdninstagram.com/v/t51.82787-19/741046948_17912514651428426_3682377107055822337_n.jpg?stp=dst-jpg_s150x150_tt6&efg=eyJ2ZW5jb2RlX3RhZyI6InByb2ZpbGVfcGljLmRqYW5nby4xMDgwLmMyIn0&_nc_ht=scontent-eze1-1.cdninstagram.com&_nc_cat=102&_nc_oc=Q6cZ2gGxS6S0mFeiim_iEpNQqAAkM_oXWrox0S1v0AIaHYVylAjhfZx_gxcoGlTtRb37hok&_nc_ohc=vcbJ1AQUD_EQ7kNvwEHkzPG&_nc_gid=22-tlho5iaWT-8CyqMAZ4A&edm=AI-cjbYBAAAA&ccb=7-5&oh=00_AQDTPUi70ilD1HtWH8PdG-TG1RxmhQRJlHUqmVdjSHQcOg&oe=6A6B0480&_nc_sid=0985b0,1270
test-data3,true,mittel,§ 130 Abs. 1 StGB,Aufstacheln zum Hass,"Pauschale abwertende Aussage ""wer will schon so ein Volk in seinem Laden haben"" macht eine ganze Volksgruppe kollektiv verächtlich.",tobi_200306,tobi_200306,33149795228,2026-06-04 00:59:29,0,Ja wer will schon so ein Volk in seinem Laden haben 😂😂,no,18213341656337000,https://www.instagram.com/tobi_200306,https://www.instagram.com/p/DZDH8YstgWl/c/18213341656337000,https://scontent-eze1-1.cdninstagram.com/v/t51.2885-19/394019219_325585403540606_1028771499219337795_n.jpg?stp=dst-jpg_s150x150_tt6&efg=eyJ2ZW5jb2RlX3RhZyI6InByb2ZpbGVfcGljLmRqYW5nby4xMDgwLmMyIn0&_nc_ht=scontent-eze1-1.cdninstagram.com&_nc_cat=102&_nc_oc=Q6cZ2gGyA98odFEtW2ccwIDLy1hnizFwEM8ONqvnLjzyakcC4V1ncL8a0vTBdgcY0agN3_o&_nc_ohc=1b81XdyuqJcQ7kNvwGucqbl&_nc_gid=hILzAvhfkPtayxz_rPPOvw&edm=AI-cjbYBAAAA&ccb=7-5&oh=00_AQCIPKK0lT0j-vnH2V5HvLjz_imNdIaJWNRVUbdQ00sNAA&oe=6A6B0580&_nc_sid=0985b0,4093
test-data3,true,mittel,§ 130 Abs. 1 StGB,Billigung Willkürmaßnahme,Explizite Billigung ('alles richtig gemacht') der Handlung des Ladenbesitzers gegenüber Juden.,_stumpie,_stumpie,2847843377,2026-06-02 12:01:06,0,Der Laden Besitzer hat alles richtig gemacht 👍,no,17858649084646866,https://www.instagram.com/_stumpie,https://www.instagram.com/p/DZDH8YstgWl/c/17858649084646866,https://scontent-eze1-1.cdninstagram.com/v/t51.82787-19/717168778_18394121767091378_8588922328418192905_n.jpg?stp=dst-jpg_s150x150_tt6&efg=eyJ2ZW5jb2RlX3RhZyI6InByb2ZpbGVfcGljLmRqYW5nby4xMDgwLmMyIn0&_nc_ht=scontent-eze1-1.cdninstagram.com&_nc_cat=102&_nc_oc=Q6cZ2gHKtADRaPxrYZmoUJJp7IMWO0vOh00IppPWgfsjFILBSVFxPgmlQz6P10hXAZgMICM&_nc_ohc=fDS1ZGEwiLAQ7kNvwELaMwV&_nc_gid=oCCKEzxtj_rHizWsU02WpA&edm=AI-cjbYBAAAA&ccb=7-5&oh=00_AQB8nI62cOI8RaGrkKPZrsHAdQK74wKg7Y_emmzIqjSj_A&oe=6A6AFCE3&_nc_sid=0985b0,2462
test-data3,true,mittel,§ 130 Abs. 1 StGB,Billigung Willkürmaßnahme,"Lobt den Täter (""Mann mit Eier"") im Kontext der Zustimmung zum antisemitischen Schild.",yusuf.sdm,yusuf.sdm,69037013561,2026-06-02 21:15:05,0,Mann mit Eier !,no,18084413795133962,https://www.instagram.com/yusuf.sdm,https://www.instagram.com/p/DZDH8YstgWl/c/18084413795133962,https://scontent-eze1-1.cdninstagram.com/v/t51.82787-19/725214163_17930769981301562_397891360576563500_n.jpg?stp=dst-jpg_s150x150_tt6&efg=eyJ2ZW5jb2RlX3RhZyI6InByb2ZpbGVfcGljLmRqYW5nby4xMDgwLmMyIn0&_nc_ht=scontent-eze1-1.cdninstagram.com&_nc_cat=102&_nc_oc=Q6cZ2gE2bojbap4RUvKcV8mx8LHr8UFOAVxuui7HNm6VVpWCUO1zCIm7UPBSFslH3liKrck&_nc_ohc=0B49QKVDJCUQ7kNvwHbxc4X&_nc_gid=8D_VVpIV4k7R6j0rJjp3CQ&edm=AI-cjbYBAAAA&ccb=7-5&oh=00_AQD-cKjCbG_z5SrKWphYu2TGDc8WVvXl253_rCgSsVA4ew&oe=6A6B0E78&_nc_sid=0985b0,3594
test-data3,true,mittel,§ 241 StGB,Bedrohung,"Formuliert eine Art Schadenfreude/Wunsch, dass der Täter durch 'Karma' insolvent und ruiniert wird - im Kontext des restlichen Threads jedoch eher gegen den Täter gerichtet und daher grenzwertig; aus Vorsicht als prüfenswert aufgenommen.",_beardylicious_,_beardylicious_,73476196928,2026-06-12 13:23:58,0,"Karma regelt, Laden geschlossen und Typ insolvent 👍🏻",no,18429092269124279,https://www.instagram.com/_beardylicious_,https://www.instagram.com/p/DZDH8YstgWl/c/18429092269124279,https://scontent-eze1-2.cdninstagram.com/v/t51.82787-19/755264502_17907533046452929_1054956619556664415_n.jpg?stp=dst-jpg_s150x150_tt6&efg=eyJ2ZW5jb2RlX3RhZyI6InByb2ZpbGVfcGljLmRqYW5nby44NjQuYzIifQ&_nc_ht=scontent-eze1-2.cdninstagram.com&_nc_cat=101&_nc_oc=Q6cZ2gFuDlpDjOXSSD_kSyaMb99qoVNP-86e3-pHaX-z_Vg9ac3PY18xykkv7PMyAngqT_0&_nc_ohc=MiOQgKxQeKAQ7kNvwHLdyfL&_nc_gid=4JQFtK5-fEOa98hQzrKhDA&edm=AI-cjbYBAAAA&ccb=7-5&oh=00_AQDLMyTeI1KzRlbAJ1ipKe8uDtYJCThTPh9ffKz_4joKmw&oe=6A6B1B0D&_nc_sid=0985b0,4483
test-data3,true,mittel,§ 130 Abs. 1 StGB,Sonstiges,"'gud goy' ist ein aus antisemitischen Online-Milieus stammender abwertender Code-Begriff, der im Kontext der Verteidigung des Täters auf eine gruppenbezogene Hetze hindeutet.",niklasjpg,niklasjpg,1454651793,2026-06-01 20:33:37,0,@nicoksn1 gud goy,no,17895682689329646,https://www.instagram.com/niklasjpg,https://www.instagram.com/p/DZDH8YstgWl/c/17895682689329646,https://scontent-eze1-2.cdninstagram.com/v/t51.2885-19/78904488_567935570665008_6991468118002368512_n.jpg?stp=dst-jpg_s150x150_tt6&efg=eyJ2ZW5jb2RlX3RhZyI6InByb2ZpbGVfcGljLmRqYW5nby43MjAuYzIifQ&_nc_ht=scontent-eze1-2.cdninstagram.com&_nc_cat=100&_nc_oc=Q6cZ2gEYl9mKGr7yWAokntTsFJ1F3ep04DPqL5Txq4Nub8k5CJMlumickzAkpUOXp9k-qJI&_nc_ohc=b6w8M_XCXBMQ7kNvwHnk9WE&_nc_gid=ftJ4RzbAAkWYnNrLyhgoiQ&edm=AI-cjbYBAAAA&ccb=7-5&oh=00_AQAmTRbNwml3nDKFFNPoPmwjBzh7NZM8F4nShHwRp8SjYQ&oe=6A6AFFEE&_nc_sid=0985b0,47
data2,,,,,,oggy.slm,oggy.slm,33475259652,2026-06-02 00:11:32,0,Einfach jeder machen fertig … was wollen die machen .. alle einbuchten ?,no,18247956127307606,https://www.instagram.com/oggy.slm,https://www.instagram.com/p/DZDH8YstgWl/c/18247956127307606,https://scontent-eze1-1.cdninstagram.com/v/t51.82787-19/639466882_18089141375115653_7064679028521875706_n.jpg?stp=dst-jpg_s150x150_tt6&efg=eyJ2ZW5jb2RlX3RhZyI6InByb2ZpbGVfcGljLmRqYW5nby4xMDM1LmMyIn0&_nc_ht=scontent-eze1-1.cdninstagram.com&_nc_cat=105&_nc_oc=Q6cZ2gFefdEEjFN0GqVMVdcsntNA9yAMXW79onrqemn3_ADlPiCyUbi4OciW35blojUl6bg&_nc_ohc=SYMAikWQBq4Q7kNvwHkPuao&_nc_gid=WF7HRP2X5aA72YC1xYTJ-g&edm=AI-cjbYBAAAA&ccb=7-5&oh=00_AQC2MYmtezjMzdQby1DvjO2LZmxJ6Wuwd53zcOvfiJEWyg&oe=6A6B02F5&_nc_sid=0985b0,
test-data3,true,hoch,§ 130 Abs. 1 StGB; § 111 StGB,Aufstacheln zum Hass,"Fordert explizit, dass die betroffene Gruppe in ganz Deutschland Hausverbot haben solle – eindeutige Aufforderung zu einer flächendeckenden Willkürmaßnahme gegen Juden.",mihalez_51,mihalez_51,47867903768,2026-06-01 23:46:49,0,Die sollten in ganz Deutschland hausverbot haben,no,17889238758545914,https://www.instagram.com/mihalez_51,https://www.instagram.com/p/DZDH8YstgWl/c/17889238758545914,https://scontent-eze1-1.cdninstagram.com/v/t51.2885-19/496185573_18049953287599769_8714132371035944940_n.jpg?stp=dst-jpg_s150x150_tt6&efg=eyJ2ZW5jb2RlX3RhZyI6InByb2ZpbGVfcGljLmRqYW5nby4xMDgwLmMyIn0&_nc_ht=scontent-eze1-1.cdninstagram.com&_nc_cat=105&_nc_oc=Q6cZ2gFhilJlQ99O1jtrcOJcjPPcfTJolvLXvQipHr-NHxo8hYVf9VDC7jEYfuVoKAU6_cU&_nc_ohc=q-nF5sjGTPkQ7kNvwGGwJZz&_nc_gid=8LPNe_VJabXRKNQEViP9sA&edm=AI-cjbYBAAAA&ccb=7-5&oh=00_AQC6Z3h3UjyDuOgruZhsUdA80MGRhCAw-p7TRb2LswD7Yw&oe=6A6B1483&_nc_sid=0985b0,821
data2,,,,,,zabrinutiputnik,zabrinutiputnik,76128816811,2026-06-02 03:51:08,0,Ein deutscher mit einer eigenen Meinung .. 👍,no,18105996376952852,https://www.instagram.com/zabrinutiputnik,https://www.instagram.com/p/DZDH8YstgWl/c/18105996376952852,https://scontent-eze1-2.cdninstagram.com/v/t51.82787-19/525414886_17844554145536812_4141957838396638386_n.jpg?stp=dst-jpg_s150x150_tt6&efg=eyJ2ZW5jb2RlX3RhZyI6InByb2ZpbGVfcGljLmRqYW5nby4xMDgwLmMyIn0&_nc_ht=scontent-eze1-2.cdninstagram.com&_nc_cat=104&_nc_oc=Q6cZ2gHCaL8apFPScLqLlFwVWdYKgn5HSqHgjAExRK42bf9Q2dZ325s9Scxwc9pFMLcg_rk&_nc_ohc=eHNidZ52UI4Q7kNvwERwrIL&_nc_gid=2CwlZ2E4QfQRHmwvmS1HCg&edm=AI-cjbYBAAAA&ccb=7-5&oh=00_AQDHlM3qTMmTC1Q3LCSvhZJ_vxRlzd8GiEVab39u1EYAag&oe=6A6B0B3B&_nc_sid=0985b0,
data2,,,,,,power4443rr,power4443rr,9405612538,2026-06-02 03:15:07,0,💪🏽💪🏽💪🏽💪🏽💪🏽,no,18412297393181505,https://www.instagram.com/power4443rr,https://www.instagram.com/p/DZDH8YstgWl/c/18412297393181505,https://instagram.fntr7-1.fna.fbcdn.net/v/t51.2885-19/573323465_1219825463302212_7278921664109726296_n.png?stp=dst-jpg_e0_s150x150_tt6&efg=eyJ2ZW5jb2RlX3RhZyI6InByb2ZpbGVfcGljLmRqYW5nby4xNTAuYzIifQ&_nc_ht=instagram.fntr7-1.fna.fbcdn.net&_nc_cat=1&_nc_oc=Q6cZ2gG0QQVlqp4C6CMCtt552Rcr_xEDBib7YZnzjJ-jSuwI44QfClB3GNi0naNB-XE8RL4&_nc_ohc=vUGxye7DTtYQ7kNvwFfiBsh&_nc_gid=Xgx8VPFZ0p6qYc4uqpG2jA&edm=AHBgTAQBAAAA&ccb=7-5&ig_cache_key=YW5vbnltb3VzX3Byb2ZpbGVfcGlj.3-ccb7-5&oh=00_AQBcsW50JsSh9RJLXudhaOpDW4RgJA8_xHxXf2yOzqX0lg&oe=6A6B08EA&_nc_sid=21e75c,
test-data3,true,mittel,§ 130 Abs. 1 StGB; § 140 StGB,Billigung Willkürmaßnahme,'Alles richtig gemacht' billigt explizit die gerichtlich als Volksverhetzung gewertete Tat.,kbuesra06,kbuesra06,31621032398,2026-06-02 15:45:03,0,Alles richtig gemacht👍,no,18065991107453133,https://www.instagram.com/kbuesra06,https://www.instagram.com/p/DZDH8YstgWl/c/18065991107453133,https://scontent-eze1-1.cdninstagram.com/v/t51.82787-19/710586536_18102281537048399_7675809941914350821_n.jpg?stp=dst-jpg_s150x150_tt6&efg=eyJ2ZW5jb2RlX3RhZyI6InByb2ZpbGVfcGljLmRqYW5nby4xMDgwLmMyIn0&_nc_ht=scontent-eze1-1.cdninstagram.com&_nc_cat=111&_nc_oc=Q6cZ2gF0sZQ7d3X_yVaLZ81Tsr_rcoTRZal7pIlebXPj0w5cS2OMhQoh51x_pUkioa3WeTQ&_nc_ohc=9y_xJwbDXX0Q7kNvwHsntlF&_nc_gid=F5a2D2fi3zVMohQW-yzB-Q&edm=AI-cjbYBAAAA&ccb=7-5&oh=00_AQDIBkw5r9JfJiaxiW4mpvk598q9iQnGooEw6_zrFaqHKw&oe=6A6B08CC&_nc_sid=0985b0,3031
test-data3,true,mittel,§ 130 Abs. 1 StGB; § 140 StGB,Billigung Willkürmaßnahme,Ausdrückliche Solidarisierung mit dem Motiv des Täters billigt die Ausgrenzung von Juden als Gruppe.,puzzle_ofi,puzzle_ofi,24369392544,2026-06-01 22:54:35,0,Für den Grund stehe ich hinter ihm,no,18104372114004162,https://www.instagram.com/puzzle_ofi,https://www.instagram.com/p/DZDH8YstgWl/c/18104372114004162,https://scontent-eze1-2.cdninstagram.com/v/t51.2885-19/503492010_18083035255808545_8226010133100395088_n.jpg?stp=dst-jpg_s150x150_tt6&efg=eyJ2ZW5jb2RlX3RhZyI6InByb2ZpbGVfcGljLmRqYW5nby4xMDgwLmMyIn0&_nc_ht=scontent-eze1-2.cdninstagram.com&_nc_cat=101&_nc_oc=Q6cZ2gGBum1Q58BRswcyt4o1w_rn4dUKv6nWE7wP7dawIJHPDPzILJCw7YNie2X0hWoHFyQ&_nc_ohc=fjquVYktPLEQ7kNvwEtYuFu&_nc_gid=fcwYkie5ESBIkVsKnfz4GQ&edm=AI-cjbYBAAAA&ccb=7-5&oh=00_AQBsMlnF1oY9Rlj2uuaDUEZuYWao4RXDOznKTK2RIfDnnA&oe=6A6AFA35&_nc_sid=0985b0,514
test-data3,true,mittel,§ 130 Abs. 1 StGB,Billigung Willkürmaßnahme,'Guter Mann. Respekt' als klare Zustimmung zur antisemitischen Aushängung.,aytekin9262,aytekin9262,52246313086,2026-06-02 13:59:36,0,Guter Mann.Respekt,no,18076391342271720,https://www.instagram.com/aytekin9262,https://www.instagram.com/p/DZDH8YstgWl/c/18076391342271720,https://scontent-eze1-1.cdninstagram.com/v/t51.2885-19/399291916_3459288114335094_4149563177292914377_n.jpg?stp=dst-jpg_s150x150_tt6&efg=eyJ2ZW5jb2RlX3RhZyI6InByb2ZpbGVfcGljLmRqYW5nby45NTguYzIifQ&_nc_ht=scontent-eze1-1.cdninstagram.com&_nc_cat=106&_nc_oc=Q6cZ2gGBIpQyJ40zB-5e2JJNHgpKYQvFbUWoesJlUPrIKpjr71XBTfb2BFPE6kNWzmiZV-E&_nc_ohc=HoWRF6oHleQQ7kNvwEwNiAj&_nc_gid=1I12LAon-7FddfyBWv8UsA&edm=AI-cjbYBAAAA&ccb=7-5&oh=00_AQAhMomoyhsIx6v1ME1kYCRvacgYQ458XnI_Kr471zcj5Q&oe=6A6B07D2&_nc_sid=0985b0,2761
test-data3,true,hoch,§ 130 Abs. 1 StGB,Aufstacheln zum Hass,"Bezeichnet eine Person rassistisch/entmenschlichend als ""sandmensch"" im Kontext einer Gewalttat - abwertende, die Menschenwürde verletzende Fremdenbezeichnung.",bloodyfox689,bloodyfox689,7556635718,2026-06-02 11:24:24,0,Der hat mehr bekommen als ein sandmensch der n paar Leute absticht,no,18091555040523944,https://www.instagram.com/bloodyfox689,https://www.instagram.com/p/DZDH8YstgWl/c/18091555040523944,https://scontent-eze1-2.cdninstagram.com/v/t51.2885-19/274271226_2073176216173321_4034476986674592784_n.jpg?stp=dst-jpg_s150x150_tt6&efg=eyJ2ZW5jb2RlX3RhZyI6InByb2ZpbGVfcGljLmRqYW5nby4xMDgwLmMyIn0&_nc_ht=scontent-eze1-2.cdninstagram.com&_nc_cat=101&_nc_oc=Q6cZ2gHO7MG-bpYVI3HQYID0A1hP-w0yKBLexaPI-fIVkQc_uE8IjXhoiGyo65QQwEHeLSc&_nc_ohc=3f4fEAip1Z0Q7kNvwFKhUO_&_nc_gid=wIGp_SMY_r0uB0dtCACt7A&edm=AI-cjbYBAAAA&ccb=7-5&oh=00_AQDaU2DMlcjIBJgdMFia0TJTXD7jSPnPAseaiEH8G1VjGQ&oe=6A6AFF34&_nc_sid=0985b0,2377
test-data3,true,mittel,§ 130 Abs. 1 StGB; § 140 StGB,Billigung Willkürmaßnahme,"""Guter Mann!!!"" im Kontext direkter Reaktion auf die Tat billigt die diskriminierende Handlung.",mouaad.453,mouaad.453,1920232425,2026-06-02 01:45:51,0,Guter Mann!!!,no,18105504376945574,https://www.instagram.com/mouaad.453,https://www.instagram.com/p/DZDH8YstgWl/c/18105504376945574,https://scontent-eze1-1.cdninstagram.com/v/t51.82787-19/742331095_18563763880064426_1038811433209904571_n.jpg?stp=dst-jpg_s150x150_tt6&efg=eyJ2ZW5jb2RlX3RhZyI6InByb2ZpbGVfcGljLmRqYW5nby4xMDgwLmMyIn0&_nc_ht=scontent-eze1-1.cdninstagram.com&_nc_cat=102&_nc_oc=Q6cZ2gE7ph9RLmoqayOiqdvrItJZIFCiBUdqGoAhcaOPdqRWDDhsUm06tXjG1yugRxnz8j8&_nc_ohc=zgvK6LCb2DwQ7kNvwEjVtjV&_nc_gid=2aWIg5O-dyNAHJF8uLPhXA&edm=AI-cjbYBAAAA&ccb=7-5&oh=00_AQDBezJKJCHxirh5j-hTP-_r-YC2aG-C-e780EiUXDlZxg&oe=6A6AF9CE&_nc_sid=0985b0,1330
data2,,,,,,jxnnik0207,jxnnik0207,614484082,2026-06-02 21:08:14,0,"Wie solche äußerungen sind nicht geduldet ... das ist keine Äußerung .. das ist eine Meinung und wenn es sein Laden ist darf Er reinlassen wen er will , er hat das Hausrecht .",no,17925998265121189,https://www.instagram.com/jxnnik0207,https://www.instagram.com/p/DZDH8YstgWl/c/17925998265121189,https://scontent-eze1-1.cdninstagram.com/v/t51.2885-19/474843389_1314628562995541_7523360570132520285_n.jpg?stp=dst-jpg_s150x150_tt6&efg=eyJ2ZW5jb2RlX3RhZyI6InByb2ZpbGVfcGljLmRqYW5nby4xMDgwLmMyIn0&_nc_ht=scontent-eze1-1.cdninstagram.com&_nc_cat=105&_nc_oc=Q6cZ2gE2bojbap4RUvKcV8mx8LHr8UFOAVxuui7HNm6VVpWCUO1zCIm7UPBSFslH3liKrck&_nc_ohc=g23PFKDkJAgQ7kNvwHK4mlF&_nc_gid=8D_VVpIV4k7R6j0rJjp3CQ&edm=AI-cjbYBAAAA&ccb=7-5&oh=00_AQAtBrRZSIHue6Wlkt3CfDqhi3pQwicNST65ysw5BFxavw&oe=6A6AF428&_nc_sid=0985b0,
test-data3,true,mittel,§ 130 Abs. 1 StGB,Aufstacheln zum Hass,"Vorschlag, statt ""Juden"" ""Zi0nisten"" zu schreiben, um die Ausgrenzung umzusetzen bzw. das Verbot zu umgehen, deutet auf Zustimmung zur Grundintention der Ausgrenzung hin.",sarah_vibeszz,sarah_vibeszz,51670246765,2026-06-02 03:05:47,0,"Soll er Zi0nisten schreiben. Warum wurde das genehmigt,  dass ein Restaurant Weiße ausschließt auf Grund der Hautfarbe. Genauso wie das Museum",no,17892988821352707,https://www.instagram.com/sarah_vibeszz,https://www.instagram.com/p/DZDH8YstgWl/c/17892988821352707,https://scontent-eze1-1.cdninstagram.com/v/t51.82787-19/650768747_18045003605726766_3274952299687356202_n.jpg?stp=dst-jpg_s150x150_tt6&efg=eyJ2ZW5jb2RlX3RhZyI6InByb2ZpbGVfcGljLmRqYW5nby4xMDgwLmMyIn0&_nc_ht=scontent-eze1-1.cdninstagram.com&_nc_cat=106&_nc_oc=Q6cZ2gFNe3ovFghP3-SWRKb-XNjhHUCjXTY8RotIai0GHs9c1UYH-J6em6X_pG8WJq7fTaA&_nc_ohc=j1Y-gGnvAc4Q7kNvwEB3qwv&_nc_gid=DYsSH24qF7mtulfFktn1Ug&edm=AI-cjbYBAAAA&ccb=7-5&oh=00_AQAzGqUmAHvQxnA4bq8Jk3qwcrPVXhw062tOfV-F7Pbfzw&oe=6A6AFA9D&_nc_sid=0985b0,1545
test-data3,true,mittel,§ 130 Abs. 1 StGB; § 111 StGB,Aufforderung zu Straftaten,"Fordert ein Einreiseverbot ""in jedem Land"" für eine ethnisch/religiös definierte Gruppe (""Yüzden"" im Kontext Juden/Israelis) und damit eine kollektive Willkürmaßnahme gegen die Gruppe.",mehmetsimsek8706,mehmetsimsek8706,49275732158,2026-06-03 00:17:07,0,Yüzden solten im jedem Land Einreise Verbot bekommen,no,18110322928779565,https://www.instagram.com/mehmetsimsek8706,https://www.instagram.com/p/DZDH8YstgWl/c/18110322928779565,https://scontent-eze1-2.cdninstagram.com/v/t51.82787-19/554321582_18048545348644159_402159828541139913_n.jpg?stp=dst-jpg_s150x150_tt6&efg=eyJ2ZW5jb2RlX3RhZyI6InByb2ZpbGVfcGljLmRqYW5nby4xMDgwLmMyIn0&_nc_ht=scontent-eze1-2.cdninstagram.com&_nc_cat=107&_nc_oc=Q6cZ2gHr2ac0w_7niNW8TAkbfY2tgdn5jRwux8cAFcnN0FNAENbwtVx5SFoj18YHyeA-Uts&_nc_ohc=Q_GdE8clqSoQ7kNvwF7CgpH&_nc_gid=pVllpQk4X7RCP9wY38QqJA&edm=AI-cjbYBAAAA&ccb=7-5&oh=00_AQAe4V76p7DhtPw7Qp9b9BBASXkhFtDG8Kyi6qz5TdkSIw&oe=6A6B1C61&_nc_sid=0985b0,3787
test-data3,true,hoch,§ 130 Abs. 1 StGB,Aufstacheln zum Hass,"Vorschlag, statt ""Juden"" ""Israelis unerwünscht"" zu schreiben, gleichsetzung von Zionisten mit Nazis und ausdrückliche Zustimmung zur Ausgrenzung stellt Kollektivverantwortlichmachung und Billigung von Willkürmaßnahmen dar.",artofdude,artofdude,2263569061,2026-06-03 19:09:15,0,"Naja...schlauer wäre gewesen, wenn er ""Israelis unerwünscht "" geschrieben hätte. Denn wenn es um Gaza und den Umgang damit geht, stimme ich ihm im Grunde zu. Was für Nazis gilt, gilt auch für die Zionisten",no,18361002394237548,https://www.instagram.com/artofdude,https://www.instagram.com/p/DZDH8YstgWl/c/18361002394237548,https://scontent-eze1-1.cdninstagram.com/v/t51.82787-19/754143226_18549525826073062_8181437408636347322_n.jpg?stp=dst-jpg_s150x150_tt6&efg=eyJ2ZW5jb2RlX3RhZyI6InByb2ZpbGVfcGljLmRqYW5nby4xMDgwLmMyIn0&_nc_ht=scontent-eze1-1.cdninstagram.com&_nc_cat=110&_nc_oc=Q6cZ2gG7VUUkrxKJZMmEM3W92_80XFzTDkmcz3a8T10Meez9w3luiZwxbxFT2UZTi5XWBr4&_nc_ohc=0OZemKlKQsEQ7kNvwHwfFlJ&_nc_gid=IJ7i9DitmvrG9OEt3azEIw&edm=AI-cjbYBAAAA&ccb=7-5&oh=00_AQChl2FdeI2CzTBkTaRAFJxouP9L2Q9QyMbAkF4E2qrT8A&oe=6A6B1828&_nc_sid=0985b0,4036
data2,,,,,,tsaroev_01,tsaroev_01,51435311543,2026-06-01 21:50:33,0,@s._teph_.muehl._ kennst du sowas wie Hausrecht,no,18046434023561751,https://www.instagram.com/tsaroev_01,https://www.instagram.com/p/DZDH8YstgWl/c/18046434023561751,https://scontent-eze1-2.cdninstagram.com/v/t51.82787-19/750396795_18068122415719544_7439020980462138925_n.jpg?stp=dst-jpg_s150x150_tt6&efg=eyJ2ZW5jb2RlX3RhZyI6InByb2ZpbGVfcGljLmRqYW5nby4xMDgwLmMyIn0&_nc_ht=scontent-eze1-2.cdninstagram.com&_nc_cat=108&_nc_oc=Q6cZ2gHpVG2cFlMZCTWz042t5u-vNjT3_YxRy9Qk17LG0idCMcNn4rH-jr1p0fOZAd2ACT4&_nc_ohc=awAASkNM5GMQ7kNvwGtsx1m&_nc_gid=hcpkN58PEtw6qgHwOtu4wg&edm=AI-cjbYBAAAA&ccb=7-5&oh=00_AQCcW7AW2NRag1QWc4i_iRsfcSCZBHQgqQ3szrMeBH4sEQ&oe=6A6B0CD5&_nc_sid=0985b0,
test-data3,true,mittel,§ 130 Abs. 1 StGB; § 140 StGB,Billigung Willkürmaßnahme,Ausdrückliche Billigung des Hausverbot-Schilds gegen Juden als richtig.,romangs99,romangs99,36972079971,2026-06-01 21:32:17,0,Der Mann hat alles richtig gemacht!!!,no,18095123896958239,https://www.instagram.com/romangs99,https://www.instagram.com/p/DZDH8YstgWl/c/18095123896958239,https://scontent-eze1-2.cdninstagram.com/v/t51.2885-19/101210728_866511163861708_5315630131744604160_n.jpg?stp=dst-jpg_s150x150_tt6&efg=eyJ2ZW5jb2RlX3RhZyI6InByb2ZpbGVfcGljLmRqYW5nby42ODUuYzIifQ&_nc_ht=scontent-eze1-2.cdninstagram.com&_nc_cat=104&_nc_oc=Q6cZ2gEI25Ah52X2_DUvPXOLW0LVRKp1HMo19BDP14oxYpn8NI_jkiRWeNOnXDmwzASjx7k&_nc_ohc=6MtTTfS_FqcQ7kNvwH8C6GS&_nc_gid=_z4GfB8gdLfWzqTJHBulLA&edm=AI-cjbYBAAAA&ccb=7-5&oh=00_AQBr7YIG_k5XRt15ayBro5avnVVHXrLnJy5s4Ni7qbNGEQ&oe=6A6AF0D7&_nc_sid=0985b0,126
test-data3,true,mittel,§ 130 Abs. 1 StGB; § 140 StGB,Billigung Willkürmaßnahme,"""mein Segen hat er"" und Ansprache mit dem (vermuteten) Namen des Täters billigt anerkennend die Tat.",zeliha_iron_90,zeliha_iron_90,3161603080,2026-06-02 01:23:59,0,Der Mann auf die 1. mein Segen hat er. Helal olsun Hans !,no,18067488236398221,https://www.instagram.com/zeliha_iron_90,https://www.instagram.com/p/DZDH8YstgWl/c/18067488236398221,https://scontent-eze1-1.cdninstagram.com/v/t51.82787-19/565974801_18424556551107081_3355859035307488801_n.jpg?stp=dst-jpg_s150x150_tt6&efg=eyJ2ZW5jb2RlX3RhZyI6InByb2ZpbGVfcGljLmRqYW5nby4xMDgwLmMyIn0&_nc_ht=scontent-eze1-1.cdninstagram.com&_nc_cat=109&_nc_oc=Q6cZ2gGxS6S0mFeiim_iEpNQqAAkM_oXWrox0S1v0AIaHYVylAjhfZx_gxcoGlTtRb37hok&_nc_ohc=jA1Kg0GaljYQ7kNvwH80oS6&_nc_gid=22-tlho5iaWT-8CyqMAZ4A&edm=AI-cjbYBAAAA&ccb=7-5&oh=00_AQDUKuaMDF2l19oojsLVIc8EhM-JDu9F9rwWaja1ZeRQxw&oe=6A6AE8A7&_nc_sid=0985b0,1246
test-data3,true,mittel,§ 130 Abs. 1 StGB,Billigung Willkürmaßnahme,Billigt das Vorgehen des Täters gegen Juden als Gruppe ohne Einschränkung.,21st_gentury,21st_gentury,66268031597,2026-06-01 23:04:33,0,Alles richtig gemacht,no,17864222718689663,https://www.instagram.com/21st_gentury,https://www.instagram.com/p/DZDH8YstgWl/c/17864222718689663,https://scontent-eze1-1.cdninstagram.com/v/t51.82787-19/610777628_17921547939215598_5763791986007548263_n.jpg?stp=dst-jpg_s150x150_tt6&efg=eyJ2ZW5jb2RlX3RhZyI6InByb2ZpbGVfcGljLmRqYW5nby4xMDgwLmMyIn0&_nc_ht=scontent-eze1-1.cdninstagram.com&_nc_cat=106&_nc_oc=Q6cZ2gGoRh-mGgodevo4QlLspcX7B8PahW0b8SB6NS1m_8fonqYph2qz5QBeTw_2RxmZW1Y&_nc_ohc=ZxGdEj0s4IcQ7kNvwEHkzNw&_nc_gid=vgJ0G_fMNYvbt8D-6xUDjQ&edm=AI-cjbYBAAAA&ccb=7-5&oh=00_AQA-9s5qVvyMEkyHE-I2ih16ctcrMxe_IUWjgGkp3goSnw&oe=6A6B1A0A&_nc_sid=0985b0,577
test-data3,true,mittel,§ 130 Abs. 1 StGB,Sonstiges,Kombination von Kot-Emoji mit israelischer Flagge (💩🇮🇱💩🇮🇱💩) stellt eine böswillige Verächtlichmachung des Staates Israel/israelischer Menschen dar und kann als menschenwürdeverletzende Herabwürdigung gewertet werden.,realdavidxy,realdavidxy,59189088998,2026-06-02 08:57:01,0,💩🇮🇱💩🇮🇱💩,no,17875081806656081,https://www.instagram.com/realdavidxy,https://www.instagram.com/p/DZDH8YstgWl/c/17875081806656081,https://scontent-eze1-2.cdninstagram.com/v/t51.2885-19/341725482_555977149856035_9019678573709201326_n.jpg?stp=dst-jpg_s150x150_tt6&efg=eyJ2ZW5jb2RlX3RhZyI6InByb2ZpbGVfcGljLmRqYW5nby4xMDgwLmMyIn0&_nc_ht=scontent-eze1-2.cdninstagram.com&_nc_cat=107&_nc_oc=Q6cZ2gHi9t7pzQDeJDEyohUtkJsUiRrRfWIFdFXAXa_ZtzUBezlOM_L_wVlEvCkbGeM3Wwc&_nc_ohc=UxN6G5SJF7kQ7kNvwEzqT62&_nc_gid=_h71Wbk6_bJIrP5VL8rpdw&edm=AI-cjbYBAAAA&ccb=7-5&oh=00_AQAwMV5BHNiESgTdyn4jdPAT5M65eODt3KISqgRv-Aiegw&oe=6A6AE97A&_nc_sid=0985b0,1979
test-data3,true,mittel,§ 130 Abs. 1 StGB; § 140 StGB,Billigung Willkürmaßnahme,Bezeichnet das antisemitische Schild ausdrücklich als 'richtiges Schild' und billigt damit die Willkürmaßnahme.,laufsportlich,laufsportlich,8802597957,2026-06-15 00:31:21,0,Richtiges Schild alles richtig vom Hausbesitzer,no,18595795948061241,https://www.instagram.com/laufsportlich,https://www.instagram.com/p/DZDH8YstgWl/c/18595795948061241,https://scontent-eze1-1.cdninstagram.com/v/t51.82787-19/619750334_18251029108293958_1439224869035074477_n.jpg?stp=dst-jpg_s150x150_tt6&efg=eyJ2ZW5jb2RlX3RhZyI6InByb2ZpbGVfcGljLmRqYW5nby4xMDgwLmMyIn0&_nc_ht=scontent-eze1-1.cdninstagram.com&_nc_cat=110&_nc_oc=Q6cZ2gHRFb-B3tohTWcCxRihPg-ktTlgOlE0Rik0RUKAPRiVzUeDH-iJnFZcnX1tlT9GFnw&_nc_ohc=q8JjfEI0r7QQ7kNvwGocP46&_nc_gid=5paS-sl8DOudsTvMKTYtHg&edm=AI-cjbYBAAAA&ccb=7-5&oh=00_AQBCjqIkH-TysExPIZ3qPFN2yYwGVYbhvSk3inFxQ-POFQ&oe=6A6B1034&_nc_sid=0985b0,4546
test-data3,true,mittel,§ 130 Abs. 1 StGB; § 111 StGB,Aufforderung zu Straftaten,"'Wenn Unrecht zu Recht wird, wird Widerstand zur Pflicht' im Kontext der Verteidigung des antisemitischen Schildes kann als Aufruf zu ähnlichen 'Widerstands'-Handlungen gegen die Rechtsordnung/Gruppe verstanden werden.",thegr8orhan,thegr8orhan,2908778499,2026-06-02 12:47:40,0,"Wenn Unrecht zu Recht wird, wird Widerstand zur Pflicht!",no,18592429273030791,https://www.instagram.com/thegr8orhan,https://www.instagram.com/p/DZDH8YstgWl/c/18592429273030791,https://scontent-eze1-2.cdninstagram.com/v/t51.82787-19/709768607_18464172040098500_8313443537913975945_n.jpg?stp=dst-jpg_s150x150_tt6&efg=eyJ2ZW5jb2RlX3RhZyI6InByb2ZpbGVfcGljLmRqYW5nby4xMDgwLmMyIn0&_nc_ht=scontent-eze1-2.cdninstagram.com&_nc_cat=108&_nc_oc=Q6cZ2gEzLi-XJ68h95Rd6yyRQ7ndEZxMZZCk2bBzyEo3AMJ5rWHZ3sv7D27NW2nrOnJvhGA&_nc_ohc=eYDlTai-d5oQ7kNvwEpyew3&_nc_gid=hbdSeAVv6SC1TEvzFicUPw&edm=AI-cjbYBAAAA&ccb=7-5&oh=00_AQCkkEniDRwymuEJNqgqTgUW5Jlfuk3I6gXK1Lb0G1tSRQ&oe=6A6AEA63&_nc_sid=0985b0,2578
test-data3,true,mittel,§ 130 Abs. 1 StGB,Sonstiges,Verwendung des abwertenden antisemitischen Codeworts 'Goy' im Kontext der Debatte deutet auf abschätzige Gruppenreferenz hin.,davidbaier361,davidbaier361,63169463132,2026-06-02 15:00:40,0,@kusstro guter goy,no,18130798783595769,https://www.instagram.com/davidbaier361,https://www.instagram.com/p/DZDH8YstgWl/c/18130798783595769,https://scontent-eze1-2.cdninstagram.com/v/t51.82787-19/727799329_17973736557111133_8734683306861405289_n.jpg?stp=dst-jpg_s150x150_tt6&efg=eyJ2ZW5jb2RlX3RhZyI6InByb2ZpbGVfcGljLmRqYW5nby41MDAuYzIifQ&_nc_ht=scontent-eze1-2.cdninstagram.com&_nc_cat=101&_nc_oc=Q6cZ2gHeTPG5NmUIN67OwskkgEV31A7o7BU2eqOs5dFH5ojJYhOw8jjLyD2Qtbe3RGQa6E8&_nc_ohc=5vzvrReUwaQQ7kNvwGMc9Sd&_nc_gid=WrB3c6hiObVFQhzxAiQYWQ&edm=AI-cjbYBAAAA&ccb=7-5&oh=00_AQDzFsfbaZIRQtwO-RW0zS4vpSniqdR1Tm9rR-BGbCfJZw&oe=6A6B16C7&_nc_sid=0985b0,2923
test-data3,true,mittel,§ 130 Abs. 1 StGB,Billigung Willkürmaßnahme,"""Ehrenmann"" lobt den wegen Volksverhetzung Verurteilten.",der_westfale_,der_westfale_,64469885098,2026-06-01 23:16:46,0,Ehrenmann,no,17936250729249735,https://www.instagram.com/der_westfale_,https://www.instagram.com/p/DZDH8YstgWl/c/17936250729249735,https://scontent-eze1-1.cdninstagram.com/v/t51.82787-19/670389113_17945788923149099_4143486537936129601_n.jpg?stp=dst-jpg_s150x150_tt6&efg=eyJ2ZW5jb2RlX3RhZyI6InByb2ZpbGVfcGljLmRqYW5nby41NTQuYzIifQ&_nc_ht=scontent-eze1-1.cdninstagram.com&_nc_cat=111&_nc_oc=Q6cZ2gFUKAu33TzZzCgXPLWy2oEhw0YrEuMTQXuS4gQHdVAFgSIiUwqpPaG8Gajvci1cmbU&_nc_ohc=oT8UrScHdncQ7kNvwHbi2sL&_nc_gid=3T7fI1Z1-_EndhbPna-6uQ&edm=AI-cjbYBAAAA&ccb=7-5&oh=00_AQA_CKDCyZV2GT3R7OMPqMpKgMBTD48Uq-CdrVaksTBE6A&oe=6A6B195A&_nc_sid=0985b0,634
test-data3,true,mittel,§ 130 Abs. 1 StGB; § 140 StGB,Billigung Willkürmaßnahme,"Ruft zum Spendensammeln auf, um die Strafe des wegen Volksverhetzung verurteilten Täters zu bezahlen, und unterstützt damit aktiv dessen Tat.",_aco_mma_,_aco_mma_,401231097,2026-06-02 22:42:26,0,Man sollte Spenden sammeln um seine Strafen zu bezahlen,no,17967930987118577,https://www.instagram.com/_aco_mma_,https://www.instagram.com/p/DZDH8YstgWl/c/17967930987118577,https://scontent-eze1-1.cdninstagram.com/v/t51.2885-19/469730742_546277848315065_6165953568423398633_n.jpg?stp=dst-jpg_s150x150_tt6&efg=eyJ2ZW5jb2RlX3RhZyI6InByb2ZpbGVfcGljLmRqYW5nby43NjguYzIifQ&_nc_ht=scontent-eze1-1.cdninstagram.com&_nc_cat=105&_nc_oc=Q6cZ2gERgIR57PGJQjAfagnYllbqOlbkmzVMuJsDtvITSzmZ5DfDmPmqhADXrIgm6K3cTYM&_nc_ohc=aktY5I2R9FgQ7kNvwHbYItn&_nc_gid=HGSqkHt81WSA98SNMaQAvA&edm=AI-cjbYBAAAA&ccb=7-5&oh=00_AQDr9eYay0gaph8-otNQ-GGMqJ4EVzJNqgZ0c5taYwRniA&oe=6A6AF027&_nc_sid=0985b0,3706
test-data3,true,mittel,§ 130 Abs. 1 StGB,Billigung Willkürmaßnahme,"Billigt das Vorgehen des Täters ausdrücklich (""Alles richtig gemacht"") in Bezug auf das antisemitische Hausverbotsschild.",offiziell.adi,offiziell.adi,45008075625,2026-06-02 22:47:49,0,Alles richtig gemacht !! Genau so lass doch die Leute rein lassen wen er möchte was geht es dem Staat an !?,no,18067789013704942,https://www.instagram.com/offiziell.adi,https://www.instagram.com/p/DZDH8YstgWl/c/18067789013704942,https://scontent-eze1-1.cdninstagram.com/v/t51.82787-19/581745525_18090030686499626_3482004623001974329_n.jpg?stp=dst-jpg_s150x150_tt6&efg=eyJ2ZW5jb2RlX3RhZyI6InByb2ZpbGVfcGljLmRqYW5nby4xMDgwLmMyIn0&_nc_ht=scontent-eze1-1.cdninstagram.com&_nc_cat=102&_nc_oc=Q6cZ2gERgIR57PGJQjAfagnYllbqOlbkmzVMuJsDtvITSzmZ5DfDmPmqhADXrIgm6K3cTYM&_nc_ohc=TbqHgNQZzWcQ7kNvwHp23oc&_nc_gid=HGSqkHt81WSA98SNMaQAvA&edm=AI-cjbYBAAAA&ccb=7-5&oh=00_AQAhJZav20DQ8pFwm0LMklX8mBCKpTWbaWjssRy0Cwumag&oe=6A6AEAFD&_nc_sid=0985b0,3711
test-data3,true,mittel,§ 130 Abs. 1 StGB,Billigung Willkürmaßnahme,"Lobt den Täter (""Der Mann hat Eier"") und möchte gezielt dort einkaufen, um das antisemitische Vorgehen zu unterstützen.",mehmetali.alatas,mehmetali.alatas,66519536701,2026-06-02 22:08:14,0,Der Mann hat Eier. Wo ist der Laden? Ich will nur noch da einkaufen.,no,18164545555435749,https://www.instagram.com/mehmetali.alatas,https://www.instagram.com/p/DZDH8YstgWl/c/18164545555435749,https://scontent-eze1-1.cdninstagram.com/v/t51.82787-19/722447679_17941708533216702_8603472548039501889_n.jpg?stp=dst-jpg_s150x150_tt6&efg=eyJ2ZW5jb2RlX3RhZyI6InByb2ZpbGVfcGljLmRqYW5nby45NjAuYzIifQ&_nc_ht=scontent-eze1-1.cdninstagram.com&_nc_cat=106&_nc_oc=Q6cZ2gHksv4wMTzW93XLbo69IrTH2wcGqG4GtT9upmkSVmK1rgnpleZI4lUZNUZK5TMpjh4&_nc_ohc=b1FHdboyisgQ7kNvwGaP23O&_nc_gid=8qzOiQ18w36CjAQqsYrROQ&edm=AI-cjbYBAAAA&ccb=7-5&oh=00_AQDBESiuMbZUIWq_5m5qsW7dHDkO7AeECfRJOOmoQsxXNg&oe=6A6AFF58&_nc_sid=0985b0,3665
test-data3,true,mittel,§ 130 Abs. 1 StGB,Billigung Willkürmaßnahme,"""Richtig so"" billigt im Kontext die Handlung des Verurteilten.",muratbelgeli,muratbelgeli,6025874559,2026-06-01 23:56:32,0,Richtig so,no,18076279277276522,https://www.instagram.com/muratbelgeli,https://www.instagram.com/p/DZDH8YstgWl/c/18076279277276522,https://scontent-eze1-2.cdninstagram.com/v/t51.82787-19/604412363_18353927686202560_9194026795405384212_n.jpg?stp=dst-jpg_s150x150_tt6&efg=eyJ2ZW5jb2RlX3RhZyI6InByb2ZpbGVfcGljLmRqYW5nby4xMDgwLmMyIn0&_nc_ht=scontent-eze1-2.cdninstagram.com&_nc_cat=104&_nc_oc=Q6cZ2gGlu2TtakB1xDbKfi4BNo0-s4dfM1nw6YA9byPcv6ChWsXQQi-QgihF67qfIFPkC0M&_nc_ohc=aS9k5gyUymkQ7kNvwH6ilZE&_nc_gid=87l8pkCwb9zk7FPavy2aYg&edm=AI-cjbYBAAAA&ccb=7-5&oh=00_AQCVN_npfamQI8Hfr48rGfHEO6W_qH2_zRbehUYvkUHc5A&oe=6A6AFD9E&_nc_sid=0985b0,878
test-data3,true,hoch,§ 130 Abs. 1 StGB; § 111 StGB,Aufforderung zu Straftaten,"Ruft ausdrücklich zu Nachahmern auf, die für ihr Hausverbot gegen Juden 'zu Helden' werden sollen, und stellt damit eine Aufforderung zur Wiederholung der als Volksverhetzung gewerteten Tat dar.",knork_glubbe,knork_glubbe,258359251,2026-06-01 22:41:57,0,Dabei der gute Mann nur von seinem Hausrecht Gebrauch gemacht. Hoffentlich finden sich Nachahmer werden zu Helden wie dieser Mann. 😏,no,18067525943382979,https://www.instagram.com/knork_glubbe,https://www.instagram.com/p/DZDH8YstgWl/c/18067525943382979,https://scontent-eze1-2.cdninstagram.com/v/t51.82787-19/535153610_18522378631055252_8321359766896539628_n.jpg?stp=dst-jpg_s150x150_tt6&efg=eyJ2ZW5jb2RlX3RhZyI6InByb2ZpbGVfcGljLmRqYW5nby45NzkuYzIifQ&_nc_ht=scontent-eze1-2.cdninstagram.com&_nc_cat=108&_nc_oc=Q6cZ2gHjU1CXa0atbcX6UYybBpXkP5itw3WH_RE2fJZic57SJLtp3tho5fTusQEhjwZptQY&_nc_ohc=mmB0hFcJ3qsQ7kNvwGjMAZ3&_nc_gid=0RinLjSeXnTeuhoecvJ3xQ&edm=AI-cjbYBAAAA&ccb=7-5&oh=00_AQDjiBpCBk3kswCQL_x2C3fkuzFDLMI0AO4GO4foKQu26A&oe=6A6AFC64&_nc_sid=0985b0,462
test-data3,true,mittel,§ 130 Abs. 1 StGB; § 140 StGB,Billigung Willkürmaßnahme,"""Er hat alles richtig gemacht"" billigt ausdrücklich die diskriminierende Handlung.",egal2008,egal2008,64425621002,2026-06-02 02:08:48,0,Er hat alles richtig gemacht,no,18073267427318437,https://www.instagram.com/egal2008,https://www.instagram.com/p/DZDH8YstgWl/c/18073267427318437,https://scontent-lis1-1.cdninstagram.com/v/t51.2885-19/573323465_1219825463302212_7278921664109726296_n.png?stp=dst-jpg_tt6&efg=eyJ2ZW5jb2RlX3RhZyI6InByb2ZpbGVfcGljLmRqYW5nby4xNTAuYzIifQ&_nc_ht=scontent-lis1-1.cdninstagram.com&_nc_cat=1&_nc_oc=Q6cZ2gEoKGLTLmjcFd7IMQEYqujnIHh2Oz0u3DT4qPBhIKHOTu6x9hwUiR4YuvphuINjPS8&_nc_ohc=vUGxye7DTtYQ7kNvwE9msi9&_nc_gid=CNPj771uB1EEs3pGV1OvYA&edm=APs17CUBAAAA&ccb=7-5&ig_cache_key=YW5vbnltb3VzX3Byb2ZpbGVfcGlj.3-ccb7-5&oh=00_AQDfZcTn8sdJ5Yl7lfaZ8x9YcCWpnA2b7G9VhggIrNi1Ow&oe=6A6B08EA&_nc_sid=10d13b,1415
test-data3,true,mittel,§ 130 Abs. 1 StGB; § 140 StGB,Billigung Willkürmaßnahme,'Bravo hat es alles richtig gemacht' billigt explizit die Willkürmaßnahme gegen Juden als Gruppe.,mira.amiri88,mira.amiri88,45131799768,2026-06-02 15:07:33,0,Bravo hat es alles richtig gemacht,no,18588079444053889,https://www.instagram.com/mira.amiri88,https://www.instagram.com/p/DZDH8YstgWl/c/18588079444053889,https://scontent-eze1-2.cdninstagram.com/v/t51.82787-19/721757586_18110718647511769_4124151630029969707_n.jpg?stp=dst-jpg_s150x150_tt6&efg=eyJ2ZW5jb2RlX3RhZyI6InByb2ZpbGVfcGljLmRqYW5nby4xMDgwLmMyIn0&_nc_ht=scontent-eze1-2.cdninstagram.com&_nc_cat=101&_nc_oc=Q6cZ2gHeTPG5NmUIN67OwskkgEV31A7o7BU2eqOs5dFH5ojJYhOw8jjLyD2Qtbe3RGQa6E8&_nc_ohc=MHNR_H62L6kQ7kNvwGAAU37&_nc_gid=WrB3c6hiObVFQhzxAiQYWQ&edm=AI-cjbYBAAAA&ccb=7-5&oh=00_AQBr0NxU98VRB1azDp7MYpohUbXx8L_05UF1WUcFV_d_Kw&oe=6A6AF384&_nc_sid=0985b0,2942
data2,,,,,,evirneda,evirneda,7601547940,2026-06-01 20:58:39,0,"@alicia_jacobsen_ was ist das denn für eine Logik. Es klappt bei einer Gruppe nicht, dann kann man es bei allen Gruppen ignorieren 🤔 es gibt für Diskriminierung durchaus Geldstrafe, aber du musst den Vorsatz halt nachweisen und das ist schwer aber bei dem Schild ist es was anderes. Da steht es ja klipp und klar",no,18106111439474985,https://www.instagram.com/evirneda,https://www.instagram.com/p/DZDH8YstgWl/c/18106111439474985,https://scontent-eze1-1.cdninstagram.com/v/t51.82787-19/672356525_18323121277251941_4960059824110423362_n.jpg?stp=dst-jpg_s150x150_tt6&efg=eyJ2ZW5jb2RlX3RhZyI6InByb2ZpbGVfcGljLmRqYW5nby4xMDgwLmMyIn0&_nc_ht=scontent-eze1-1.cdninstagram.com&_nc_cat=105&_nc_oc=Q6cZ2gEGBjPhOVlhzrnTWIe8Eu17ukTogRBYe8PN6KCi6pj655slmE5m0ZDQ71zt2MAfnC4&_nc_ohc=STtdoEHLSXQQ7kNvwGHAUxE&_nc_gid=R9EEevujMWhl95QdcquR3A&edm=AI-cjbYBAAAA&ccb=7-5&oh=00_AQAIlCDRvj1bI7Gjd0ND_qqi4d1D3Q2Z7InUMLsD6cJ_aQ&oe=6A6AEB53&_nc_sid=0985b0,
test-data3,true,mittel,§ 130 Abs. 1 StGB,Sonstiges,"""Geil nur 1200? Na dann."" verspottet die Geldstrafe als zu gering und billigt damit implizit die Tat des Ladenbesitzers.",nunoishere,nunoishere,2288969859,2026-06-02 01:52:48,0,Geil nur 1200?  Na dann.,no,18008298500917696,https://www.instagram.com/nunoishere,https://www.instagram.com/p/DZDH8YstgWl/c/18008298500917696,https://scontent-eze1-2.cdninstagram.com/v/t51.82787-19/670773815_18521413621073860_8753050642077946310_n.jpg?stp=dst-jpg_s150x150_tt6&efg=eyJ2ZW5jb2RlX3RhZyI6InByb2ZpbGVfcGljLmRqYW5nby43NjYuYzIifQ&_nc_ht=scontent-eze1-2.cdninstagram.com&_nc_cat=104&_nc_oc=Q6cZ2gHXoHWYLBOSyKmhNnKS1RCJTIU2THY3-jVYWG1slxNbPVrm7HTTYTBxu72g6JeCj7s&_nc_ohc=1s7iPCv11VcQ7kNvwFADgmL&_nc_gid=slhFyn9p4OolA0pPD2P3Mw&edm=AI-cjbYBAAAA&ccb=7-5&oh=00_AQAlzxeYuc0DG1L6YjVPo5_A8QxDUJ5yr5jhxV8FxM-fDw&oe=6A6B0606&_nc_sid=0985b0,1359
test-data3,true,mittel,§ 130 Abs. 1 StGB,Billigung Willkürmaßnahme,"Nutzer kündigt an, selbst ""Israelis"" pauschal nichts verkaufen zu wollen, und billigt damit eine kollektive Willkürmaßnahme gegen eine Gruppe nach demselben Muster wie der verurteilte Ladenbesitzer.",sven.bartocha,sven.bartocha,6219603519,2026-06-03 10:40:39,0,Hätte ich nen Shop würde ich den israelis auch nix verkaufen,no,17941952457213307,https://www.instagram.com/sven.bartocha,https://www.instagram.com/p/DZDH8YstgWl/c/17941952457213307,https://scontent-eze1-1.cdninstagram.com/v/t51.2885-19/335633798_912777569768669_2890608709976274214_n.jpg?stp=dst-jpg_s150x150_tt6&efg=eyJ2ZW5jb2RlX3RhZyI6InByb2ZpbGVfcGljLmRqYW5nby4xMDgwLmMyIn0&_nc_ht=scontent-eze1-1.cdninstagram.com&_nc_cat=105&_nc_oc=Q6cZ2gHc3-fgprct0i8sjehwBXeu5pPfvY6lwB18gSXASkuyxgO1cNGQcbSs9fIsv4xSFSM&_nc_ohc=Q9_VmuFlgxcQ7kNvwF1nInp&_nc_gid=eNc47n5sAq3Asp7HTY4qUw&edm=AI-cjbYBAAAA&ccb=7-5&oh=00_AQAjj9CqelqmMmqdG8vdgOXYiek8j0Mmgnj1OOWoQ7YdJg&oe=6A6AFB10&_nc_sid=0985b0,3918
test-data3,true,mittel,§ 130 Abs. 1 StGB; § 140 StGB,Billigung Willkürmaßnahme,"Fordert, der Ladenbesitzer hätte statt ""Juden"" ""Israelis"" pauschal ausschließen sollen - billigt und erweitert die Willkürmaßnahme kollektiv gegen eine durch Nationalität/Volkszugehörigkeit definierte Gruppe.",i.erkaya,i.erkaya,1570695496,2026-06-02 09:07:07,0,"Er hatte schreiben sollen, dass Israelis keinen Zutritt haben.",no,18096597209264494,https://www.instagram.com/i.erkaya,https://www.instagram.com/p/DZDH8YstgWl/c/18096597209264494,https://scontent-eze1-1.cdninstagram.com/v/t51.2885-19/294951648_2443295359151970_7409056468409150399_n.jpg?stp=dst-jpg_s150x150_tt6&efg=eyJ2ZW5jb2RlX3RhZyI6InByb2ZpbGVfcGljLmRqYW5nby45NTEuYzIifQ&_nc_ht=scontent-eze1-1.cdninstagram.com&_nc_cat=106&_nc_oc=Q6cZ2gFCPh_ssheGUGCYZNOUMykPKQ2d5bK3toPv4etkt0tymGbSl9El7J8EYsi38yjSoGQ&_nc_ohc=k0MRsIjY-poQ7kNvwHGzdRi&_nc_gid=EmjBLA2Ls_dKdfny49VMZQ&edm=AI-cjbYBAAAA&ccb=7-5&oh=00_AQCuLRF_3PmVBsA-kSot6AUVKHkXfmaLncZAAUhDusWogw&oe=6A6B0D4F&_nc_sid=0985b0,2012
test-data3,true,mittel,§ 130 Abs. 1 StGB,Billigung Willkürmaßnahme,"""Tolles Plakat"" billigt ausdrücklich das antisemitische Schild.",v.karadas,v.karadas,2092773050,2026-06-01 23:43:23,0,Tolles Plakat,no,18119339998738057,https://www.instagram.com/v.karadas,https://www.instagram.com/p/DZDH8YstgWl/c/18119339998738057,https://scontent-eze1-2.cdninstagram.com/v/t51.82787-19/568207732_18502192339069051_6484079714791932236_n.jpg?stp=dst-jpg_s150x150_tt6&efg=eyJ2ZW5jb2RlX3RhZyI6InByb2ZpbGVfcGljLmRqYW5nby4xMDgwLmMyIn0&_nc_ht=scontent-eze1-2.cdninstagram.com&_nc_cat=107&_nc_oc=Q6cZ2gFhilJlQ99O1jtrcOJcjPPcfTJolvLXvQipHr-NHxo8hYVf9VDC7jEYfuVoKAU6_cU&_nc_ohc=bm3oHHk_sVUQ7kNvwENyJTz&_nc_gid=8LPNe_VJabXRKNQEViP9sA&edm=AI-cjbYBAAAA&ccb=7-5&oh=00_AQDcxqnoq31UdVE1A1OKv0Oqn_rfaegO4RzQd5YLShWoKw&oe=6A6B13B7&_nc_sid=0985b0,795
test-data3,true,mittel,§ 130 Abs. 1 StGB; § 140 StGB,Billigung Willkürmaßnahme,"Bezeichnung als ""Ehrenmann"" mit Beifalls-Emojis billigt die Willkürmaßnahme gegen Juden.",husnu.ozdemir.12,husnu.ozdemir.12,39640332605,2026-06-02 00:44:55,0,Ehrenmann 🙌👏👏,no,17882026170596773,https://www.instagram.com/husnu.ozdemir.12,https://www.instagram.com/p/DZDH8YstgWl/c/17882026170596773,https://scontent-eze1-2.cdninstagram.com/v/t51.2885-19/116253649_295515771665304_7397569225995262079_n.jpg?stp=dst-jpg_s150x150_tt6&efg=eyJ2ZW5jb2RlX3RhZyI6InByb2ZpbGVfcGljLmRqYW5nby43MDcuYzIifQ&_nc_ht=scontent-eze1-2.cdninstagram.com&_nc_cat=100&_nc_oc=Q6cZ2gGUBBkZuMhRxq7x2IglKC4mP9OpjzLbv8FUsRXll8e1sqdGCLGdsolDw0uMdyXXTKQ&_nc_ohc=i_zfQCF0Y5EQ7kNvwGNtoFu&_nc_gid=wjqp446pF4Nn5R2Coh3Q3A&edm=AI-cjbYBAAAA&ccb=7-5&oh=00_AQCYwKdXhA772Zd4vGskyeVUR7OV5KtJGLX-2qxoBrfOHg&oe=6A6B0859&_nc_sid=0985b0,1098
test-data3,true,mittel,§ 130 Abs. 1 StGB,Billigung Willkürmaßnahme,"""Go Hans!"" als Anfeuerung für den Verurteilten billigt dessen Tat.",shahin88785,shahin88785,78126253815,2026-06-01 23:26:00,0,Go Hans! 🔥🔥,no,18108440585491918,https://www.instagram.com/shahin88785,https://www.instagram.com/p/DZDH8YstgWl/c/18108440585491918,https://scontent-eze1-2.cdninstagram.com/v/t51.82787-19/688217305_17873897526605816_8273838952981565254_n.jpg?stp=dst-jpg_s150x150_tt6&efg=eyJ2ZW5jb2RlX3RhZyI6InByb2ZpbGVfcGljLmRqYW5nby4xMDgwLmMyIn0&_nc_ht=scontent-eze1-2.cdninstagram.com&_nc_cat=108&_nc_oc=Q6cZ2gGIkHaFha-pjjgrMPBRg9vSdfKLQkaP2Aw9DL96V73-gzohNTZHSA_HhKJjhajFjaI&_nc_ohc=JqaQ9SO_GkcQ7kNvwFLF8zv&_nc_gid=7sKxbd0sCPdog9KPBjaBkw&edm=AI-cjbYBAAAA&ccb=7-5&oh=00_AQAULGvgLyYL6JVeaD1ZkjKl8oYbIJH7RAmT--zit7ZF8A&oe=6A6B0220&_nc_sid=0985b0,670
test-data3,true,mittel,§ 130 Abs. 1 StGB,Billigung Willkürmaßnahme,'Hat er gut gemacht' als Zustimmung zur antisemitischen Ausgrenzung.,yxnxs_560,yxnxs_560,80062160437,2026-06-02 12:58:43,0,Hat er gut gemacht👍🔥,no,18021082040672841,https://www.instagram.com/yxnxs_560,https://www.instagram.com/p/DZDH8YstgWl/c/18021082040672841,https://scontent-eze1-1.cdninstagram.com/v/t51.82787-19/711583212_17877974133664438_1168196002642149034_n.jpg?stp=dst-jpg_s150x150_tt6&efg=eyJ2ZW5jb2RlX3RhZyI6InByb2ZpbGVfcGljLmRqYW5nby4xMDgwLmMyIn0&_nc_ht=scontent-eze1-1.cdninstagram.com&_nc_cat=110&_nc_oc=Q6cZ2gF6Q6RFt7xnrGptOchvQ7rvAe-lXEYCVswutgVV2Iw1gRPQue5pPll7S1U2cyKb8Hg&_nc_ohc=jgy6rdRK47QQ7kNvwHFBTqy&_nc_gid=UQSp5_q_w4lgaSB1vxizLA&edm=AI-cjbYBAAAA&ccb=7-5&oh=00_AQC7KUkKBd2lZUgCfb4b5Uq9Jgj9pLemLGpOUGpkfOclsw&oe=6A6B18A3&_nc_sid=0985b0,2614
test-data3,true,mittel,§ 130 Abs. 1 StGB; § 140 StGB,Billigung Willkürmaßnahme,"""Recht hat er"" mit Zustimmungs-Emoji - billigt die Handlung/Aussage des Ladenbesitzers.",mhuf2016,mhuf2016,2941910881,2026-06-02 09:36:50,0,Recht hat er👏,no,17919623454361192,https://www.instagram.com/mhuf2016,https://www.instagram.com/p/DZDH8YstgWl/c/17919623454361192,https://scontent-eze1-1.cdninstagram.com/v/t51.82787-19/703479998_18466948981102882_7675484593813969434_n.jpg?stp=dst-jpg_s150x150_tt6&efg=eyJ2ZW5jb2RlX3RhZyI6InByb2ZpbGVfcGljLmRqYW5nby4xMDgwLmMyIn0&_nc_ht=scontent-eze1-1.cdninstagram.com&_nc_cat=110&_nc_oc=Q6cZ2gGbRO8WY-tpsW3FxqoahkVmtSqwJfiAS1GWAdv1ioQBXDoCJjlkaZKAP1HAJRtPXhg&_nc_ohc=W_rL3iXn-gQQ7kNvwE2pdnY&_nc_gid=RV5Vmzcff-t5KfiSLgAu4Q&edm=AI-cjbYBAAAA&ccb=7-5&oh=00_AQDty_chjH8qMJRm8D59RKerNMneIKhGQHBzwx5lzx7Kew&oe=6A6AEECC&_nc_sid=0985b0,2103
test-data3,true,mittel,§ 130 Abs. 1 StGB,Billigung Willkürmaßnahme,Deutliche Zustimmung ('voll und ganz richtig gemacht') zur antisemitischen Ausgrenzung.,_tom_tekklander_420,_tom_tekklander_420,3868413962,2026-06-02 12:33:26,0,Hat er voll und ganz richtig gemacht,no,18104237807087662,https://www.instagram.com/_tom_tekklander_420,https://www.instagram.com/p/DZDH8YstgWl/c/18104237807087662,https://scontent-eze1-2.cdninstagram.com/v/t51.2885-19/144500177_231119925306188_1390013654090757172_n.jpg?stp=dst-jpg_s150x150_tt6&efg=eyJ2ZW5jb2RlX3RhZyI6InByb2ZpbGVfcGljLmRqYW5nby45NDUuYzIifQ&_nc_ht=scontent-eze1-2.cdninstagram.com&_nc_cat=108&_nc_oc=Q6cZ2gE4ZpSg3K8K4CXgmCgqdhTEgoaENtiVru7wPeBBkWq9BeGWfUto9y6znIxeIKzqXe8&_nc_ohc=bMpbjPmmDuAQ7kNvwEQIgfe&_nc_gid=L-K-GMCp7RfNOsPYRPV20w&edm=AI-cjbYBAAAA&ccb=7-5&oh=00_AQB7F_YR7-P5vKUdhZuVOsv6bmZV4TthrswlrXpBkX2mzQ&oe=6A6B11D3&_nc_sid=0985b0,2540
test-data3,true,mittel,§ 130 Abs. 1 StGB,Sonstiges,"Verwendung des im Antisemitismus-Kontext abwertend gebrauchten Begriffs ""guter goy"" als Code/Anspielung auf jüdische Fremdbestimmung.",tgm_7873,tgm_7873,50703938678,2026-06-02 01:14:21,0,@nicoksn1 guter goy,no,18135147997487458,https://www.instagram.com/tgm_7873,https://www.instagram.com/p/DZDH8YstgWl/c/18135147997487458,https://scontent-eze1-2.cdninstagram.com/v/t51.82787-19/727058868_18073881188690679_2061385089543599863_n.jpg?stp=dst-jpg_s150x150_tt6&efg=eyJ2ZW5jb2RlX3RhZyI6InByb2ZpbGVfcGljLmRqYW5nby4xMDgwLmMyIn0&_nc_ht=scontent-eze1-2.cdninstagram.com&_nc_cat=103&_nc_oc=Q6cZ2gH6UDKODDmbk6JcC87IfF62_aEoEfQCoNyBr0K2IL8FDTiPBE_SkPXMAzaHtGGJ4Xo&_nc_ohc=lG8ihR8ZHRMQ7kNvwEDea4l&_nc_gid=Pjh61R3KJIDq-3mTDpqLaw&edm=AI-cjbYBAAAA&ccb=7-5&oh=00_AQBsrbOqw5pXhY-JOTyJ880qI6LDIYDkN4L8o17g8mJ-TQ&oe=6A6AEFEB&_nc_sid=0985b0,1198
test-data3,true,mittel,§ 130 Abs. 1 StGB,Billigung Willkürmaßnahme,'EHRENMAN' als Auszeichnung für den Täter des antisemitischen Hausverbots billigt dessen Willkürmaßnahme.,tgumustas660,tgumustas660,71448163810,2026-06-02 12:17:13,0,EHRENMAN,no,18078171626385531,https://www.instagram.com/tgumustas660,https://www.instagram.com/p/DZDH8YstgWl/c/18078171626385531,https://instagram.fmid2-1.fna.fbcdn.net/v/t51.2885-19/573323465_1219825463302212_7278921664109726296_n.png?stp=dst-jpg_tt6&efg=eyJ2ZW5jb2RlX3RhZyI6InByb2ZpbGVfcGljLmRqYW5nby4xNTAuYzIifQ&_nc_ht=instagram.fmid2-1.fna.fbcdn.net&_nc_cat=1&_nc_oc=Q6cZ2gHaWeHeifOVQrruFeWpUVrKqLTyorPl_3-ZnExdTJCXNuqPjDoicU4YfQmmrHX0ruEvbwEQaY4ADi2Lkts58FGk&_nc_ohc=vUGxye7DTtYQ7kNvwGIO3n4&_nc_gid=m-A9P4XJ1uAm-IqDPeJD0A&edm=APs17CUBAAAA&ccb=7-5&ig_cache_key=YW5vbnltb3VzX3Byb2ZpbGVfcGlj.3-ccb7-5&oh=00_AQAolVz_-svb4DmXDqT4GF7R5ZEnGDaXhNzJSxvedm0RWQ&oe=6A6B08EA&_nc_sid=10d13b,2502
test-data3,true,mittel,§ 130 Abs. 1 StGB,Verhetzende Beleidigung,"""goyim comment section"" verwendet abwertend den antisemitischen Code ""goyim"" zur Beschreibung der Kommentarspalte im Kontext einer Verschwörungsnarrative.",ayerbse_,ayerbse_,8943838115,2026-06-02 04:54:15,0,goyim comment section,no,18103887817963021,https://www.instagram.com/ayerbse_,https://www.instagram.com/p/DZDH8YstgWl/c/18103887817963021,https://scontent-eze1-1.cdninstagram.com/v/t51.2885-19/90087154_244559289908325_6977560627350863872_n.jpg?stp=dst-jpg_s150x150_tt6&efg=eyJ2ZW5jb2RlX3RhZyI6InByb2ZpbGVfcGljLmRqYW5nby4xMDgwLmMyIn0&_nc_ht=scontent-eze1-1.cdninstagram.com&_nc_cat=109&_nc_oc=Q6cZ2gHW7-wXBrtZg3vrB8iz5sXRICPmu-9TTlbPEaLUn3r80JaF0trJH49hwjM6sMTCWyI&_nc_ohc=zSf--ykRRmoQ7kNvwF9pEUR&_nc_gid=t0AM2WOyNxNBjO_BAX0jUg&edm=AI-cjbYBAAAA&ccb=7-5&oh=00_AQAqdRvHXGvVZzJy8ZYP4mfiWvTF1_ZHukYmIEnpIrLUQg&oe=6A6AE763&_nc_sid=0985b0,1674
test-data3,true,mittel,§ 130 Abs. 1 StGB; § 166 StGB,Religionsbeschimpfung,Vergleicht Islam mit einer zu 'heilenden Geisteskrankheit' und pauschalisiert religionsbezogen abwertend gegen eine Glaubensgemeinschaft.,augen.auf.888,augen.auf.888,4160942614,2026-06-02 17:29:35,0,"@ysn.la05 @gnrs.10 @st.rasser.0805 
❤️‍🔥 Shalom!
- 3 PERFEKTE BEISPIELE -
⠀⠀⠀⠀⠀⠀⠀⠀⠀
🇮🇱 Israel, 🇺🇲 die USA und der 
gesunde Anteil der Iraner 
befreien die Menschen
⠀⠀⠀ ⠀⠀⠀⠀⠀⠀
🔹️ IRAN
- offiziell verkündet 2023:
50.000 von 75.000 moscheen 
wurden geschlossen, 
weil sie erkennen: es ist 🗑
⠀⠀⠀⠀⠀⠀⠀⠀⠀
🔹️ GAZA
hat hamas 2006 gewählt
gaza feierte das massiv:
❗️hamas-massacre.net❗️
gaza wollte Jihad - liebt Mond
gaza bekam Jihad - nun Mond
⠀⠀⠀⠀⠀⠀⠀⠀⠀
🔹️ CHINA
 „Der Islam ist eine Geisteskrankheit, 
die geheilt werden muss.“
(🗑 mullah=Gaza-Mentalität)
https://www.aljazeera.com/opinions/2018/11/28/for-china-islam-is-a-mental-illness-that-needs-to-be-cured
⠀⠀⠀⠀⠀⠀⠀⠀⠀
👑✝️ Gott hat Dich liebevoll 
in Seinem Bild geschaffen 
- erkenne das Original:
❤️‍🔥 Für dich ➢ Johannes 1:12
👑 Jesus ist Gott HalleluJah!",no,18046740035784200,https://www.instagram.com/augen.auf.888,https://www.instagram.com/p/DZDH8YstgWl/c/18046740035784200,https://scontent-eze1-1.cdninstagram.com/v/t51.2885-19/491461744_18386615299142615_8888924164638593504_n.jpg?stp=dst-jpg_s150x150_tt6&efg=eyJ2ZW5jb2RlX3RhZyI6InByb2ZpbGVfcGljLmRqYW5nby4xMDgwLmMyIn0&_nc_ht=scontent-eze1-1.cdninstagram.com&_nc_cat=111&_nc_oc=Q6cZ2gFs3bR71lmkFPVkcbkLKGWeyup2Si3SXQW_osRHdMqn0vV1x_bH-peWTLzME7quwcc&_nc_ohc=0u7HZNRC3wwQ7kNvwF3USYe&_nc_gid=YO830ah7D_7zsu79v_qD-A&edm=AI-cjbYBAAAA&ccb=7-5&oh=00_AQBoRmRLHt6hsKGOP9ri-swiZ3el94_Y5oGzU-RAHzLYZA&oe=6A6B1BED&_nc_sid=0985b0,3236
data2,,,,,,hannah_prxv,hannah_prxv,12994004836,2026-06-02 21:20:05,0,"@beggo.428 wenn du jemanden schlägst und sagst, es ist aber keine Gewalt, bleibt es das genauso trotzdem",no,17880926823598741,https://www.instagram.com/hannah_prxv,https://www.instagram.com/p/DZDH8YstgWl/c/17880926823598741,https://scontent-eze1-2.cdninstagram.com/v/t51.2885-19/118255870_744825492966932_4548370348977863312_n.jpg?stp=dst-jpg_s150x150_tt6&efg=eyJ2ZW5jb2RlX3RhZyI6InByb2ZpbGVfcGljLmRqYW5nby45MDcuYzIifQ&_nc_ht=scontent-eze1-2.cdninstagram.com&_nc_cat=108&_nc_oc=Q6cZ2gE_cNcSO2qfGLAZ8ygOUJsiffrN3BhX-exemmTunhu2kadWKTpLPza4mr_YevnkrKs&_nc_ohc=hf7M-1IP0J0Q7kNvwEE70_7&_nc_gid=RcMBT0Msm-52mftmbJkokg&edm=AI-cjbYBAAAA&ccb=7-5&oh=00_AQAX2UgzeamT8JUTL3jjmOIksZxqgRxXG-X_fWpUSs-Zkg&oe=6A6B0982&_nc_sid=0985b0,
test-data3,true,mittel,§ 130 Abs. 1 StGB,Billigung Willkürmaßnahme,"Bezeichnet das Aushängen des ""Juden haben Hausverbot""-Schilds als ""alles richtig gemacht"" und billigt damit die Willkürmaßnahme gegen Juden als Gruppe.",goodlifee89,goodlifee89,2430487025,2026-06-02 19:00:57,0,Alles richtig gemacht👌,no,17890687359480932,https://www.instagram.com/goodlifee89,https://www.instagram.com/p/DZDH8YstgWl/c/17890687359480932,https://scontent-eze1-1.cdninstagram.com/v/t51.2885-19/429917106_939344657271782_4124192324341581379_n.jpg?stp=dst-jpg_s150x150_tt6&efg=eyJ2ZW5jb2RlX3RhZyI6InByb2ZpbGVfcGljLmRqYW5nby4xMDc2LmMyIn0&_nc_ht=scontent-eze1-1.cdninstagram.com&_nc_cat=102&_nc_oc=Q6cZ2gHCMwqI8f5yLtBEOEZ6vd4B-nthkMQk1xDe0at8I6Vl4BCLb-0KL5WZiyyjVOfpk3k&_nc_ohc=pDD-nRdyGSsQ7kNvwHcjJDf&_nc_gid=dsdtehCxXmeekBtG_A23yQ&edm=AI-cjbYBAAAA&ccb=7-5&oh=00_AQCcS_-aFMGvfB4AFAtoFv427ocxp0TyWcHnWlU0nykUZg&oe=6A6AE9D0&_nc_sid=0985b0,3377
test-data3,true,mittel,§ 130 Abs. 1 StGB,Billigung Willkürmaßnahme,"Behauptet, der Täter habe ""vollkommen Recht"", und billigt damit dessen Handeln gegen Juden.",sanlee568,sanlee568,9405588639,2026-06-01 23:55:18,0,Der hat doch vollkommen Recht,no,17927731554316292,https://www.instagram.com/sanlee568,https://www.instagram.com/p/DZDH8YstgWl/c/17927731554316292,https://scontent-eze1-2.cdninstagram.com/v/t51.2885-19/45647306_758048757873704_4545966426023788544_n.jpg?stp=dst-jpg_s150x150_tt6&efg=eyJ2ZW5jb2RlX3RhZyI6InByb2ZpbGVfcGljLmRqYW5nby40OTQuYzIifQ&_nc_ht=scontent-eze1-2.cdninstagram.com&_nc_cat=108&_nc_oc=Q6cZ2gGlu2TtakB1xDbKfi4BNo0-s4dfM1nw6YA9byPcv6ChWsXQQi-QgihF67qfIFPkC0M&_nc_ohc=zuh-PWbC7mEQ7kNvwH7xueo&_nc_gid=87l8pkCwb9zk7FPavy2aYg&edm=AI-cjbYBAAAA&ccb=7-5&oh=00_AQAQom3Cd_Os8VnARYdA50eickuFrcUK56RFjlsFycRsFA&oe=6A6AEF06&_nc_sid=0985b0,869
test-data3,true,mittel,§ 130 Abs. 1 StGB,Sonstiges,"""nicht gegenüber dem auserwählten Volk"" - abwertende Anspielung/Code auf Juden als angeblich bevorrechtigte Gruppe, im Kontext des Diskurses um das Antisemitismus-Urteil einzuordnen.",erik.8ii,erik.8ii,968204679,2026-06-02 08:59:33,0,@x.ab963 nicbt gegenüber dem auserwählten Volk,no,17953638003145398,https://www.instagram.com/erik.8ii,https://www.instagram.com/p/DZDH8YstgWl/c/17953638003145398,https://scontent-eze1-1.cdninstagram.com/v/t51.2885-19/38478599_510159309422699_6880890319496282112_n.jpg?stp=dst-jpg_s150x150_tt6&efg=eyJ2ZW5jb2RlX3RhZyI6InByb2ZpbGVfcGljLmRqYW5nby4xMDgwLmMyIn0&_nc_ht=scontent-eze1-1.cdninstagram.com&_nc_cat=111&_nc_oc=Q6cZ2gHi9t7pzQDeJDEyohUtkJsUiRrRfWIFdFXAXa_ZtzUBezlOM_L_wVlEvCkbGeM3Wwc&_nc_ohc=whkaD9w0pQgQ7kNvwEc3W8R&_nc_gid=_h71Wbk6_bJIrP5VL8rpdw&edm=AI-cjbYBAAAA&ccb=7-5&oh=00_AQD0So7PGMrTVF-iteY5jnTeb2jRyQ3MKW4RFbQIaW2S1w&oe=6A6B1778&_nc_sid=0985b0,1994
test-data3,true,mittel,§ 130 Abs. 1 StGB,Aufstacheln zum Hass,"""good goy"" - erneuter antisemitischer Code.",fentamangoice,fentamangoice,463751046,2026-06-02 11:26:24,0,@kusstro good goy @patrick_flpvc,no,18116637133693424,https://www.instagram.com/fentamangoice,https://www.instagram.com/p/DZDH8YstgWl/c/18116637133693424,https://scontent-eze1-2.cdninstagram.com/v/t51.82787-19/728369816_18597094639007047_7430890014272403449_n.jpg?stp=dst-jpg_s150x150_tt6&efg=eyJ2ZW5jb2RlX3RhZyI6InByb2ZpbGVfcGljLmRqYW5nby4xMDgwLmMyIn0&_nc_ht=scontent-eze1-2.cdninstagram.com&_nc_cat=107&_nc_oc=Q6cZ2gHO7MG-bpYVI3HQYID0A1hP-w0yKBLexaPI-fIVkQc_uE8IjXhoiGyo65QQwEHeLSc&_nc_ohc=pMClFN3uakQQ7kNvwEIeV6X&_nc_gid=wIGp_SMY_r0uB0dtCACt7A&edm=AI-cjbYBAAAA&ccb=7-5&oh=00_AQB4qPMeVjZg4QktGsngjGLi7ByH_EJ6PLH_J_dtih5lBg&oe=6A6B03EB&_nc_sid=0985b0,2389
test-data3,true,mittel,§ 241 StGB,Bedrohung,"Fordert 'massenhafte Abschiebung' als Reaktion auf Kritiker des Täters, was eine bedrohliche Kollektivmaßnahme gegen eine Personengruppe suggeriert.",maximillian_sgnr,maximillian_sgnr,2695743821,2026-06-02 16:31:20,0,"Wenn ich hier sehe welche und wie viele Leute das Urteil kritisieren und sagen „er hat alles richtig gemacht“, fällt mir nur ein, dass massenhafte Abschiebung vielleicht doch was feines wäre.",no,18190163446374781,https://www.instagram.com/maximillian_sgnr,https://www.instagram.com/p/DZDH8YstgWl/c/18190163446374781,https://scontent-eze1-1.cdninstagram.com/v/t51.2885-19/150924275_265334861622982_8234630080035826048_n.jpg?stp=dst-jpg_s150x150_tt6&efg=eyJ2ZW5jb2RlX3RhZyI6InByb2ZpbGVfcGljLmRqYW5nby43MjAuYzIifQ&_nc_ht=scontent-eze1-1.cdninstagram.com&_nc_cat=110&_nc_oc=Q6cZ2gEhck2eqP_uhlh2_u9MuuY39vTGta5At7uqNLsm_nz2TJwBO9LZ69xEpbv10Knxpfc&_nc_ohc=Loqldtynvu4Q7kNvwE2jOiQ&_nc_gid=hJG0dxyZAm56brOQOKzW1A&edm=AI-cjbYBAAAA&ccb=7-5&oh=00_AQCPfqe2dT3dTVcYSexWOngbO6JR0gwiwdnqKq4hVhLNmg&oe=6A6AF14F&_nc_sid=0985b0,3120
data2,,,,,,coyote1210,coyote1210,194791359,2026-06-03 04:46:45,0,@tamerlan_dulatov nichts würde passieren,no,18074120441303413,https://www.instagram.com/coyote1210,https://www.instagram.com/p/DZDH8YstgWl/c/18074120441303413,https://scontent-iad3-2.cdninstagram.com/v/t51.2885-19/573323465_1219825463302212_7278921664109726296_n.png?stp=dst-jpg_tt6&efg=eyJ2ZW5jb2RlX3RhZyI6InByb2ZpbGVfcGljLmRqYW5nby4yMjQuYzIifQ&_nc_ht=scontent-iad3-2.cdninstagram.com&_nc_cat=1&_nc_oc=Q6cZ2gHfHCRlPvafUV1KuaOXC3N9AHPt_iBUIe2kqs3XwSIz8kwqnapgOo7wZ8SEFAEXrDq7N3vV21AGVnDXouuodl0H&_nc_ohc=vUGxye7DTtYQ7kNvwHfW5Oc&edm=AAAAAAABAAAA&ccb=7-5&ig_cache_key=YW5vbnltb3VzX3Byb2ZpbGVfcGlj.3-ccb7-5&oh=00_AQB-SmyXl--UFCvJQOjSlwNYkmO1tMhELOQ2_VuuLGWGBA&oe=6A6B08EA&_nc_sid=328259,
test-data3,true,mittel,§ 130 Abs. 1 StGB,Billigung Willkürmaßnahme,"Bezeichnet den Täter als ""Guter Mann"" im Kontext der Zustimmung zum Hausverbotsschild und billigt damit die Diskriminierung.",manimanta3,manimanta3,60453037214,2026-06-02 19:06:31,0,"Guter Mann, schlechte Richterin",no,17946495390013647,https://www.instagram.com/manimanta3,https://www.instagram.com/p/DZDH8YstgWl/c/17946495390013647,https://scontent-eze1-1.cdninstagram.com/v/t51.2885-19/449667473_493743933168298_706647070326521774_n.jpg?stp=dst-jpg_s150x150_tt6&efg=eyJ2ZW5jb2RlX3RhZyI6InByb2ZpbGVfcGljLmRqYW5nby45NjAuYzIifQ&_nc_ht=scontent-eze1-1.cdninstagram.com&_nc_cat=110&_nc_oc=Q6cZ2gHCMwqI8f5yLtBEOEZ6vd4B-nthkMQk1xDe0at8I6Vl4BCLb-0KL5WZiyyjVOfpk3k&_nc_ohc=0KFu1G-PEvcQ7kNvwFy7tQz&_nc_gid=dsdtehCxXmeekBtG_A23yQ&edm=AI-cjbYBAAAA&ccb=7-5&oh=00_AQBKc1lbECRAnybgNStqrgUO739PXkb-smx1iHLUVyDbvA&oe=6A6B08F6&_nc_sid=0985b0,3387
test-data3,true,mittel,§ 130 Abs. 1 StGB; § 140 StGB,Billigung Willkürmaßnahme,"""Ehrenmann"" - billigende Zustimmung zur Handlung des Ladenbesitzers.",omarcgnz,omarcgnz,18146663971,2026-06-02 11:23:56,0,Ehrenmann,no,18169438111434058,https://www.instagram.com/omarcgnz,https://www.instagram.com/p/DZDH8YstgWl/c/18169438111434058,https://scontent-eze1-2.cdninstagram.com/v/t51.2885-19/499219743_18092977819607972_2471538518466420340_n.jpg?stp=dst-jpg_s150x150_tt6&efg=eyJ2ZW5jb2RlX3RhZyI6InByb2ZpbGVfcGljLmRqYW5nby4xMDgwLmMyIn0&_nc_ht=scontent-eze1-2.cdninstagram.com&_nc_cat=108&_nc_oc=Q6cZ2gHO7MG-bpYVI3HQYID0A1hP-w0yKBLexaPI-fIVkQc_uE8IjXhoiGyo65QQwEHeLSc&_nc_ohc=ApsXjPhXEtoQ7kNvwFyIU69&_nc_gid=wIGp_SMY_r0uB0dtCACt7A&edm=AI-cjbYBAAAA&ccb=7-5&oh=00_AQBj-nR5NL9G3YvYo0Cyyk5BtrtWj3GrHGvQ6_SMAs0csQ&oe=6A6B1E5F&_nc_sid=0985b0,2373
test-data3,true,mittel,§ 130 Abs. 1 StGB,Billigung Willkürmaßnahme,'Hut ab. Gratuliere dich mein held' als Lob für den Täter der antisemitischen Handlung.,badogluerkan,badogluerkan,75883761972,2026-06-02 14:02:58,0,Hut ab. Gratuliere dich mein held,no,18120782668706730,https://www.instagram.com/badogluerkan,https://www.instagram.com/p/DZDH8YstgWl/c/18120782668706730,https://scontent-eze1-1.cdninstagram.com/v/t51.82787-19/510402339_17843054118529973_4816973295166018479_n.jpg?stp=dst-jpg_s150x150_tt6&efg=eyJ2ZW5jb2RlX3RhZyI6InByb2ZpbGVfcGljLmRqYW5nby4xMDgwLmMyIn0&_nc_ht=scontent-eze1-1.cdninstagram.com&_nc_cat=105&_nc_oc=Q6cZ2gGBIpQyJ40zB-5e2JJNHgpKYQvFbUWoesJlUPrIKpjr71XBTfb2BFPE6kNWzmiZV-E&_nc_ohc=bcWmMCufTyIQ7kNvwG6Mz6x&_nc_gid=1I12LAon-7FddfyBWv8UsA&edm=AI-cjbYBAAAA&ccb=7-5&oh=00_AQCiVkGTr7POd9wtfUk-i7YaPCTjRvRux4sln8cwzXkcNg&oe=6A6AF5CA&_nc_sid=0985b0,2771
test-data3,true,mittel,§ 130 Abs. 1 StGB; § 140 StGB,Billigung Willkürmaßnahme,"Bezeichnet den Täter als zukünftigen 'Held' und suggeriert, die Geschichtsschreibung werde ihn später rechtfertigen, was die Tat verherrlicht und relativiert.",terpboytommy_backup,terpboytommy_backup,73232712599,2026-06-02 13:03:21,0,Ehrenmann 👏 in ein paar Jahren wird man über ihn als Held sprechen... Und dann werden die Geschichtsbücher wieder gefälscht 😂,no,17916530061182160,https://www.instagram.com/terpboytommy_backup,https://www.instagram.com/p/DZDH8YstgWl/c/17916530061182160,https://scontent-eze1-2.cdninstagram.com/v/t51.82787-19/729603394_17906439897440600_7017052437576372580_n.jpg?stp=dst-jpg_s150x150_tt6&efg=eyJ2ZW5jb2RlX3RhZyI6InByb2ZpbGVfcGljLmRqYW5nby4xMDgwLmMyIn0&_nc_ht=scontent-eze1-2.cdninstagram.com&_nc_cat=108&_nc_oc=Q6cZ2gF6Q6RFt7xnrGptOchvQ7rvAe-lXEYCVswutgVV2Iw1gRPQue5pPll7S1U2cyKb8Hg&_nc_ohc=dQE9wsXshEoQ7kNvwGNzpzh&_nc_gid=UQSp5_q_w4lgaSB1vxizLA&edm=AI-cjbYBAAAA&ccb=7-5&oh=00_AQCBMNU5zEkojBKjzbOPO6UNyBA0UsVruH3I5m2NDrdn_g&oe=6A6AF598&_nc_sid=0985b0,2626
test-data3,true,mittel,§ 130 Abs. 1 StGB,Aufstacheln zum Hass,"Pauschale Zuschreibung, ""das Volk"" (Israelis/Juden) quäle andere Menschen und müsse an den Pranger gestellt werden – Kollektivschuldvorwurf gegen eine Gruppe.",dennibalte_0,dennibalte_0,60779910687,2026-06-01 23:05:55,0,"@wenzel_weiden richtig so, man kann die israelische Politik und das Volk was andere Menschen quält, nicht oft genug an den pranger stellen.",no,18228400219315903,https://www.instagram.com/dennibalte_0,https://www.instagram.com/p/DZDH8YstgWl/c/18228400219315903,https://scontent-eze1-2.cdninstagram.com/v/t51.2885-19/361129483_1224538114911396_3068830362121313238_n.jpg?stp=dst-jpg_s150x150_tt6&efg=eyJ2ZW5jb2RlX3RhZyI6InByb2ZpbGVfcGljLmRqYW5nby4xMDgwLmMyIn0&_nc_ht=scontent-eze1-2.cdninstagram.com&_nc_cat=100&_nc_oc=Q6cZ2gGoRh-mGgodevo4QlLspcX7B8PahW0b8SB6NS1m_8fonqYph2qz5QBeTw_2RxmZW1Y&_nc_ohc=K3L6MFG9yncQ7kNvwFaXNb5&_nc_gid=vgJ0G_fMNYvbt8D-6xUDjQ&edm=AI-cjbYBAAAA&ccb=7-5&oh=00_AQDr_2E_sp4XpAqxUDq5ga0DnXtLZuDBlhZJEOhibXoj9A&oe=6A6B1E37&_nc_sid=0985b0,587
data2,,,,,,raicker1001,raicker1001,54266601832,2026-06-01 23:52:04,0,Sein Laden seine Regeln,no,18154853884471217,https://www.instagram.com/raicker1001,https://www.instagram.com/p/DZDH8YstgWl/c/18154853884471217,https://instagram.fada1-12.fna.fbcdn.net/v/t51.2885-19/573323465_1219825463302212_7278921664109726296_n.png?stp=dst-jpg_e0_s150x150_tt6&efg=eyJ2ZW5jb2RlX3RhZyI6InByb2ZpbGVfcGljLmRqYW5nby4xNTAuYzIifQ&_nc_ht=instagram.fada1-12.fna.fbcdn.net&_nc_cat=1&_nc_oc=Q6cZ2gF9D-pNQ0vhILjkDYWTOtNWMwd0gixB4mKLPwE2Df3tY5bZWEfStLx5eg5pW3Vkyn6_jHhaeCkHDpqIs-fQZffH&_nc_ohc=vUGxye7DTtYQ7kNvwGYYrZe&_nc_gid=J5ZQwAXlf5qGrXPsIYi1xQ&edm=APs17CUBAAAA&ccb=7-5&ig_cache_key=YW5vbnltb3VzX3Byb2ZpbGVfcGlj.3-ccb7-5&oh=00_AQD8z1jMYtW0oCgGqSjcxuxYWsdikqfasFx8NLd6egENrg&oe=6A6B08EA&_nc_sid=10d13b,
test-data3,true,mittel,§ 130 Abs. 1 StGB; § 140 StGB,Billigung Willkürmaßnahme,Bezeichnet den Täter als 'Volksheld' und billigt damit dessen Willkürmaßnahme gegen Juden als vorbildhafte Tat.,andi290670,andi290670,5472070424,2026-06-02 14:56:20,0,Ein Volksheld 👏👏👏👏👏,no,17986249331823459,https://www.instagram.com/andi290670,https://www.instagram.com/p/DZDH8YstgWl/c/17986249331823459,https://scontent-eze1-1.cdninstagram.com/v/t51.82787-19/723111028_18418771282182425_2212100923366712730_n.jpg?stp=dst-jpg_s150x150_tt6&efg=eyJ2ZW5jb2RlX3RhZyI6InByb2ZpbGVfcGljLmRqYW5nby4xMDgwLmMyIn0&_nc_ht=scontent-eze1-1.cdninstagram.com&_nc_cat=105&_nc_oc=Q6cZ2gHeTPG5NmUIN67OwskkgEV31A7o7BU2eqOs5dFH5ojJYhOw8jjLyD2Qtbe3RGQa6E8&_nc_ohc=qpzzLjN-i4kQ7kNvwGEOpYh&_nc_gid=WrB3c6hiObVFQhzxAiQYWQ&edm=AI-cjbYBAAAA&ccb=7-5&oh=00_AQAPGEFo0BxgAaWvq8Z52FS1dKxdCAZREYI56ViLuB7c4Q&oe=6A6AFEA5&_nc_sid=0985b0,2917
test-data3,true,mittel,§ 130 Abs. 1 StGB; § 140 StGB,Billigung Willkürmaßnahme,Billigt die Tat ausdrücklich ('er hat alles richtig gemacht') ohne erkennbaren Bezug zum Urteil.,freitag8067,freitag8067,62025320448,2026-06-24 23:43:41,0,Wo ist das Problem…. Er hat alles richtig gemacht,no,18188524684343407,https://www.instagram.com/freitag8067,https://www.instagram.com/p/DZDH8YstgWl/c/18188524684343407,https://scontent-eze1-1.cdninstagram.com/v/t51.82787-19/626265167_17955360222064449_7281413001674209145_n.jpg?stp=dst-jpg_s150x150_tt6&efg=eyJ2ZW5jb2RlX3RhZyI6InByb2ZpbGVfcGljLmRqYW5nby4xMDgwLmMyIn0&_nc_ht=scontent-eze1-1.cdninstagram.com&_nc_cat=109&_nc_oc=Q6cZ2gHTX5slP2BuGB4y8iKdCp-TSYyRV_rVz3g2iRMhRh6c2RyNowtbhTHd0m3Xhv6nFf8&_nc_ohc=ImNYlZuv3HwQ7kNvwFzb0lM&_nc_gid=ajkblY_tNho0CfTo5GwyzA&edm=AI-cjbYBAAAA&ccb=7-5&oh=00_AQCP_-FT5t3glhCKShf7SOjGNVMm86efE8sCgOpUvyzakw&oe=6A6B024D&_nc_sid=0985b0,4587
test-data3,true,mittel,§ 130 Abs. 1 StGB; § 185 StGB,Verhetzende Beleidigung,"""Goy"" wird hier im Kontext als abwertender antisemitischer Code/Beleidigung gegenüber Nicht-Juden bzw. zur Markierung einer Gruppenzugehörigkeit verwendet, was auf eine verhetzende Grundhaltung hindeutet.",achraf_abdullah,achraf_abdullah,246557033,2026-06-01 23:10:21,0,Böser Goy,no,18083347775151788,https://www.instagram.com/achraf_abdullah,https://www.instagram.com/p/DZDH8YstgWl/c/18083347775151788,https://scontent-eze1-1.cdninstagram.com/v/t51.82787-19/559155543_18521581147029034_328515128097399932_n.jpg?stp=dst-jpg_s150x150_tt6&efg=eyJ2ZW5jb2RlX3RhZyI6InByb2ZpbGVfcGljLmRqYW5nby4xMDgwLmMyIn0&_nc_ht=scontent-eze1-1.cdninstagram.com&_nc_cat=110&_nc_oc=Q6cZ2gFUKAu33TzZzCgXPLWy2oEhw0YrEuMTQXuS4gQHdVAFgSIiUwqpPaG8Gajvci1cmbU&_nc_ohc=BRup6QUoHvkQ7kNvwHUqXPL&_nc_gid=3T7fI1Z1-_EndhbPna-6uQ&edm=AI-cjbYBAAAA&ccb=7-5&oh=00_AQAKoz1CY2MHZ533Ml8Qmyc3Bo1oevhotuJunJyeyjsojw&oe=6A6B0263&_nc_sid=0985b0,607
test-data3,true,mittel,§ 130 Abs. 1 StGB,Aufstacheln zum Hass,"""good goy"" – erneuter Einsatz des antisemitischen Codes, der eine angebliche jüdische Kontrolle/Hörigkeit von Nichtjuden unterstellt.",n3vralone,n3vralone,5561301429,2026-06-02 09:43:11,0,@byannie.c good goy,no,17938643985246883,https://www.instagram.com/n3vralone,https://www.instagram.com/p/DZDH8YstgWl/c/17938643985246883,https://scontent-eze1-1.cdninstagram.com/v/t51.82787-19/746002323_18445607575189430_6113739894384353434_n.jpg?stp=dst-jpg_s150x150_tt6&efg=eyJ2ZW5jb2RlX3RhZyI6InByb2ZpbGVfcGljLmRqYW5nby44NzEuYzIifQ&_nc_ht=scontent-eze1-1.cdninstagram.com&_nc_cat=102&_nc_oc=Q6cZ2gGbRO8WY-tpsW3FxqoahkVmtSqwJfiAS1GWAdv1ioQBXDoCJjlkaZKAP1HAJRtPXhg&_nc_ohc=TWHdGidkwMkQ7kNvwFMt0KX&_nc_gid=RV5Vmzcff-t5KfiSLgAu4Q&edm=AI-cjbYBAAAA&ccb=7-5&oh=00_AQD0ylLBbgwf2BuAYZ4cEwqbMli1joItvH1sOWQN4nzpMA&oe=6A6AFD51&_nc_sid=0985b0,2121
test-data3,true,mittel,§ 130 Abs. 1 StGB,Sonstiges,"'Goydschland' ist ein antisemitischer Code-Begriff (Verballhornung mit 'goy') aus rechtsextremen Online-Milieus, der auf eine judenfeindliche Weltsicht anspielt.",50.rthr,50.rthr,48826257817,2026-06-01 22:32:04,0,Goydschland,no,18007520171914111,https://www.instagram.com/50.rthr,https://www.instagram.com/p/DZDH8YstgWl/c/18007520171914111,https://scontent-eze1-1.cdninstagram.com/v/t51.82787-19/559488779_18061270505625818_1540046999810647262_n.jpg?stp=dst-jpg_s150x150_tt6&efg=eyJ2ZW5jb2RlX3RhZyI6InByb2ZpbGVfcGljLmRqYW5nby4xMDgwLmMyIn0&_nc_ht=scontent-eze1-1.cdninstagram.com&_nc_cat=102&_nc_oc=Q6cZ2gFxyvHcYDHwYOqQhbrGyX5lvuRiIzTmLa-IN2H8TGoutZ_mVbngtKkALW63ZFVsAv8&_nc_ohc=WrKH3VBe6AYQ7kNvwFFazk0&_nc_gid=iky_bkw_Yq1PXuLyWlf_fg&edm=AI-cjbYBAAAA&ccb=7-5&oh=00_AQDFLHWmg7znsL-bu7U7owm2x0sOj8caGjokLGaj2mC8Ng&oe=6A6AF259&_nc_sid=0985b0,406
test-data3,true,mittel,§ 130 Abs. 1 StGB; § 140 StGB,Billigung Willkürmaßnahme,Fordert eine staatliche Auszeichnung für den Täter und billigt damit ausdrücklich die Diskriminierung von Juden als Gruppe.,boddenfischer58,boddenfischer58,73830389266,2026-06-02 18:55:22,0,"Das Bundesverdienstkreuz verleihen, sofort",no,17864383956689912,https://www.instagram.com/boddenfischer58,https://www.instagram.com/p/DZDH8YstgWl/c/17864383956689912,https://instagram.fmex39-1.fna.fbcdn.net/v/t51.2885-19/573323465_1219825463302212_7278921664109726296_n.png?stp=dst-jpg_e0_s150x150_tt6&efg=eyJ2ZW5jb2RlX3RhZyI6InByb2ZpbGVfcGljLmRqYW5nby4xNTAuYzIifQ&_nc_ht=instagram.fmex39-1.fna.fbcdn.net&_nc_cat=1&_nc_oc=Q6cZ2gHg42iL27i3sJDCl87llO4GYXXViVg7EF2fHMX9bGZj3tQegC-zu2XIVD7N8VYv22U1-yyVITN7i9NfnDJeYp1a&_nc_ohc=vUGxye7DTtYQ7kNvwEfGJI8&_nc_gid=R4lW-DQKVLVYTVT_IFPZGg&edm=AD35FJ8BAAAA&ccb=7-5&ig_cache_key=YW5vbnltb3VzX3Byb2ZpbGVfcGlj.3-ccb7-5&oh=00_AQDCIufL4U9FFTPoKgOO8MXi5DjlT10jhheZo2nIAqxTBw&oe=6A6B08EA&_nc_sid=f880d0,3366
test-data3,true,mittel,§ 130 Abs. 1 StGB,Billigung Willkürmaßnahme,"Behauptet, der Täter spreche für 'Tausende', und billigt damit dessen antisemitische Aussage als vermeintliche Mehrheitsmeinung.",fuck.is.real,fuck.is.real,32590298336,2026-06-02 13:29:44,0,1  Mann schreibt was 1000de denken.....👏,no,18084012920176913,https://www.instagram.com/fuck.is.real,https://www.instagram.com/p/DZDH8YstgWl/c/18084012920176913,https://scontent-eze1-2.cdninstagram.com/v/t51.82787-19/672340232_18101710343082337_6586056507323681923_n.jpg?stp=dst-jpg_s150x150_tt6&efg=eyJ2ZW5jb2RlX3RhZyI6InByb2ZpbGVfcGljLmRqYW5nby4xMDgwLmMyIn0&_nc_ht=scontent-eze1-2.cdninstagram.com&_nc_cat=101&_nc_oc=Q6cZ2gG_g5EKW-jVsQ_TC4TRYo9pBUGG2ftTk8I50zuYQ8pf41tp3ev1x5Hm_0L8zHzhXGE&_nc_ohc=5OXnsHe4sGgQ7kNvwELQbNa&_nc_gid=13aVa0dDHzHDtscTZsv5RA&edm=AI-cjbYBAAAA&ccb=7-5&oh=00_AQBK8uk8H7CbaOB_OUVAIet5__532UXOxEGJFILkb_-DRQ&oe=6A6B0892&_nc_sid=0985b0,2697
test-data3,true,mittel,§ 130 Abs. 1 StGB,Billigung Willkürmaßnahme,"""hausverbot sollte ganz Deutschland"" - fordert sinngemäß ein flächendeckendes Hausverbot (für Juden/Israelis) in ganz Deutschland, billigt eine Willkürmaßnahme gegen die Gruppe.",kufiyagreywolf12,kufiyagreywolf12,80435427316,2026-06-02 11:09:00,0,hausverbot sollte ganz Deutschland,no,18526239880076196,https://www.instagram.com/kufiyagreywolf12,https://www.instagram.com/p/DZDH8YstgWl/c/18526239880076196,https://scontent-eze1-2.cdninstagram.com/v/t51.82787-19/619543633_17842731747683317_4163875101802607871_n.jpg?stp=dst-jpg_s150x150_tt6&efg=eyJ2ZW5jb2RlX3RhZyI6InByb2ZpbGVfcGljLmRqYW5nby4zOTkuYzIifQ&_nc_ht=scontent-eze1-2.cdninstagram.com&_nc_cat=101&_nc_oc=Q6cZ2gHia8Yh3qoxoqarGyfnQHd_wftAJ5frTE1Bjp13tEazbLrA1ijPDf5pvmfssQ36gBg&_nc_ohc=o1Q_4lmtz-oQ7kNvwHk0mpG&_nc_gid=4mjOLn7T8uS-RCIt-KYuMA&edm=AI-cjbYBAAAA&ccb=7-5&oh=00_AQA9jICnZ7iBs9Zj3-1KzjgvLY1ntZjM1PWHuwTry5vk0Q&oe=6A6B11C5&_nc_sid=0985b0,2338
test-data3,true,mittel,§ 130 Abs. 1 StGB,Sonstiges,"""Bundesrepublik Deutschland ❌️ Bundesrepublik Israel ✅️"" transportiert die antisemitische Verschwörungserzählung einer jüdischen Fremdsteuerung Deutschlands.",mika_boah,mika_boah,48931141200,2026-06-02 03:49:33,0,Bundesrepublik Deutschland ❌️ Bundesrepublik Israel ✅️,no,18092655680339808,https://www.instagram.com/mika_boah,https://www.instagram.com/p/DZDH8YstgWl/c/18092655680339808,https://scontent-eze1-1.cdninstagram.com/v/t51.2885-19/490846697_880499747535918_1449285958692733340_n.jpg?stp=dst-jpg_s150x150_tt6&efg=eyJ2ZW5jb2RlX3RhZyI6InByb2ZpbGVfcGljLmRqYW5nby4xMDgwLmMyIn0&_nc_ht=scontent-eze1-1.cdninstagram.com&_nc_cat=106&_nc_oc=Q6cZ2gHCaL8apFPScLqLlFwVWdYKgn5HSqHgjAExRK42bf9Q2dZ325s9Scxwc9pFMLcg_rk&_nc_ohc=2V_X810Z53UQ7kNvwHVTRFT&_nc_gid=2CwlZ2E4QfQRHmwvmS1HCg&edm=AI-cjbYBAAAA&ccb=7-5&oh=00_AQBVyLYQCHysGj7bbCKIBLEdJpRGHzPdQHhV_JOTSTnf1A&oe=6A6AFBF2&_nc_sid=0985b0,1609
test-data3,true,mittel,§ 130 Abs. 1 StGB; § 140 StGB,Billigung Willkürmaßnahme,"""Geiler typ, bekommt ein orden"" verherrlicht und billigt die diskriminierende Handlung.",der_deutsche007,der_deutsche007,76808984671,2026-06-02 02:15:19,0,"Geiler typ, bekommt ein orden",no,18104655316800750,https://www.instagram.com/der_deutsche007,https://www.instagram.com/p/DZDH8YstgWl/c/18104655316800750,https://scontent-eze1-2.cdninstagram.com/v/t51.82787-19/532962021_17842090227560672_3078370478250146965_n.jpg?stp=dst-jpg_s150x150_tt6&efg=eyJ2ZW5jb2RlX3RhZyI6InByb2ZpbGVfcGljLmRqYW5nby4xMDgwLmMyIn0&_nc_ht=scontent-eze1-2.cdninstagram.com&_nc_cat=108&_nc_oc=Q6cZ2gGSjGYwhjCf_DtX_0dADMae7NxrX0jGxcIU4GQUXCgzhAfVwbTzKGCKIcxTvkO49yA&_nc_ohc=hzP0qv5_Ad0Q7kNvwE1kst6&_nc_gid=dhW5T05g_es3pOEv243sZQ&edm=AI-cjbYBAAAA&ccb=7-5&oh=00_AQCQqu42CZdT8HibDfcPZIXbqgcVGVpudL9A4JE-jkO9XQ&oe=6A6AFC09&_nc_sid=0985b0,1438
data2,,,,,,mhmtfthard,mhmtfthard,65362898326,2026-06-04 09:04:58,0,100% Rechtfertigt👏👏,no,17973528227891812,https://www.instagram.com/mhmtfthard,https://www.instagram.com/p/DZDH8YstgWl/c/17973528227891812,https://scontent-eze1-2.cdninstagram.com/v/t51.82787-19/671056300_17941192533178327_6953489449449345025_n.jpg?stp=dst-jpg_s150x150_tt6&efg=eyJ2ZW5jb2RlX3RhZyI6InByb2ZpbGVfcGljLmRqYW5nby4xMDgwLmMyIn0&_nc_ht=scontent-eze1-2.cdninstagram.com&_nc_cat=107&_nc_oc=Q6cZ2gGUeJcuVmyqGRCM0TfHZl0y1lEhj00N9rIhoSCb2OS9SVl59qKqIKnys0CDVIOYAJQ&_nc_ohc=ro_zFDbQeAoQ7kNvwH9KwIS&_nc_gid=wb4u7MoWyZdllDXqssWUOA&edm=AI-cjbYBAAAA&ccb=7-5&oh=00_AQCu3Rh4MBWYmX-2BtV-5z2jTDSWXRA9LlUjXLrb4Mi50Q&oe=6A6B10A2&_nc_sid=0985b0,
test-data3,true,mittel,§ 130 Abs. 1 StGB; § 140 StGB,Billigung Willkürmaßnahme,"""Alles richtig gemacht"" - billigende Zustimmung zur Handlung des Ladenbesitzers.",holz4425,holz4425,66654203733,2026-06-02 10:56:14,0,Alles richtig gemacht,no,18113746570737201,https://www.instagram.com/holz4425,https://www.instagram.com/p/DZDH8YstgWl/c/18113746570737201,https://instagram.fpoa2-1.fna.fbcdn.net/v/t51.2885-19/573323465_1219825463302212_7278921664109726296_n.png?stp=dst-jpg_e0_s150x150_tt6&efg=eyJ2ZW5jb2RlX3RhZyI6InByb2ZpbGVfcGljLmRqYW5nby4xNTAuYzIifQ&_nc_ht=instagram.fpoa2-1.fna.fbcdn.net&_nc_cat=1&_nc_oc=Q6cZ2gEN5Hifydpj4o51zj-j1t4c-74BltgD2wDBwc3y7cdW0PElXOsB1ZCK9gM15z62yPs&_nc_ohc=vUGxye7DTtYQ7kNvwEviVQr&_nc_gid=wx6wYeYQ081W5-EIgHq1xw&edm=APbti6cBAAAA&ccb=7-5&ig_cache_key=YW5vbnltb3VzX3Byb2ZpbGVfcGlj.3-ccb7-5&oh=00_AQCnWkN3eZnVwnkqf-cpa1jb2vg5oGP_vgrU2wZyCD7f7A&oe=6A6B08EA&_nc_sid=5d520e,2299
test-data3,true,mittel,§ 130 Abs. 1 StGB; § 140 StGB,Billigung Willkürmaßnahme,"Erklärt ausdrücklich, dem Schild und der Aussage des Täters zuzustimmen (""Stimme dem Schild zu. Bin ganz seiner Meinung"") und billigt damit die Ausgrenzung von Juden als Gruppe.",liron.qrj,liron.qrj,44643340997,2026-06-02 01:40:25,0,"Starker Mann. Sollte jedem Besitzer selber überlassen sein, wen er reinlässt und wen nicht. Vor Gericht gelandet nur für seine Meinung und sein Recht sein Hausrecht so zu gestalten wie er will. Stimme dem Schild zu. Bin ganz seiner Meinung",no,18143494351522763,https://www.instagram.com/liron.qrj,https://www.instagram.com/p/DZDH8YstgWl/c/18143494351522763,https://scontent-eze1-1.cdninstagram.com/v/t51.82787-19/753541270_18119668475492998_5882594415995496023_n.jpg?stp=dst-jpg_s150x150_tt6&efg=eyJ2ZW5jb2RlX3RhZyI6InByb2ZpbGVfcGljLmRqYW5nby4xMDgwLmMyIn0&_nc_ht=scontent-eze1-1.cdninstagram.com&_nc_cat=110&_nc_oc=Q6cZ2gE7ph9RLmoqayOiqdvrItJZIFCiBUdqGoAhcaOPdqRWDDhsUm06tXjG1yugRxnz8j8&_nc_ohc=redlX5VBDvoQ7kNvwGQqYLF&_nc_gid=2aWIg5O-dyNAHJF8uLPhXA&edm=AI-cjbYBAAAA&ccb=7-5&oh=00_AQAhkGMk9Lu4l1NREN-wJsH4foUFQE5XIHe0wFnjelTk_w&oe=6A6B0A9F&_nc_sid=0985b0,1313
test-data3,true,mittel,§ 130 Abs. 1 StGB,Billigung Willkürmaßnahme,"""Guter Mann bravo"" billigt die Tat des Verurteilten.",toni._tafilaj,toni._tafilaj,41584695883,2026-06-02 00:02:56,0,Guter Mann bravo,no,18105822820769107,https://www.instagram.com/toni._tafilaj,https://www.instagram.com/p/DZDH8YstgWl/c/18105822820769107,https://scontent-eze1-2.cdninstagram.com/v/t51.82787-19/670858152_18077645051391884_8423907361207608447_n.jpg?stp=dst-jpg_s150x150_tt6&efg=eyJ2ZW5jb2RlX3RhZyI6InByb2ZpbGVfcGljLmRqYW5nby42ODAuYzIifQ&_nc_ht=scontent-eze1-2.cdninstagram.com&_nc_cat=108&_nc_oc=Q6cZ2gFJfIsg4ul4p8ArgfrrkODARU39mR7HzwzsRj38foBDqg2rPNAtTmwedj5o64ris5I&_nc_ohc=H9ExZjJqCLMQ7kNvwGTMH6U&_nc_gid=YrzuNyzzogGfc-a3QYyuaA&edm=AI-cjbYBAAAA&ccb=7-5&oh=00_AQC8J9a-d1EC92iUKXklhVXg_JcQ6hA6-6msBeblzLSp9w&oe=6A6B07C1&_nc_sid=0985b0,923
data2,,,,,,k.u.r.b.e,k.u.r.b.e,6337907409,2026-06-02 14:16:23,0,"Und mein hass auf das deutsche Rechtssystem wächst weiter
Wie war das mit freier Meinung?
Das ist sein laden und damit sein gutes recht.",no,17892718425497832,https://www.instagram.com/k.u.r.b.e,https://www.instagram.com/p/DZDH8YstgWl/c/17892718425497832,https://scontent-eze1-1.cdninstagram.com/v/t51.82787-19/623060091_18337708420211410_5759843729528116502_n.jpg?stp=dst-jpg_s150x150_tt6&efg=eyJ2ZW5jb2RlX3RhZyI6InByb2ZpbGVfcGljLmRqYW5nby4xMDgwLmMyIn0&_nc_ht=scontent-eze1-1.cdninstagram.com&_nc_cat=110&_nc_oc=Q6cZ2gGR5NDZcZt3AnwYBQ0-_507faOIF4avG9vTfV9kiLA_UNqrSBalJ4jl2S4E_1CtZjI&_nc_ohc=kbBIVVUo84MQ7kNvwF9nFsy&_nc_gid=768vrnNyFr9oS5pDNOw9NQ&edm=AI-cjbYBAAAA&ccb=7-5&oh=00_AQDCYPzmLNv_K9jFhHUNrSvJLQKLfdOtbvcHsRDeFDJINw&oe=6A6B0B8A&_nc_sid=0985b0,
test-data3,true,mittel,§ 130 Abs. 1 StGB; § 140 StGB,Billigung Willkürmaßnahme,Fragt nach Spendenmöglichkeiten zur Unterstützung des wegen Volksverhetzung verurteilten Täters.,hassanhasanov,hassanhasanov,975130254,2026-06-02 23:21:03,0,Kann man spenden?,no,18089325833196467,https://www.instagram.com/hassanhasanov,https://www.instagram.com/p/DZDH8YstgWl/c/18089325833196467,https://scontent-eze1-2.cdninstagram.com/v/t51.2885-19/462067034_1249753156475500_2365201412703568995_n.jpg?stp=dst-jpg_s150x150_tt6&efg=eyJ2ZW5jb2RlX3RhZyI6InByb2ZpbGVfcGljLmRqYW5nby44MzQuYzIifQ&_nc_ht=scontent-eze1-2.cdninstagram.com&_nc_cat=104&_nc_oc=Q6cZ2gERgIR57PGJQjAfagnYllbqOlbkmzVMuJsDtvITSzmZ5DfDmPmqhADXrIgm6K3cTYM&_nc_ohc=GknDEVeeFogQ7kNvwHS6Vax&_nc_gid=HGSqkHt81WSA98SNMaQAvA&edm=AI-cjbYBAAAA&ccb=7-5&oh=00_AQCA7BwY3LUFoJ7aUvkvnjAg0B22cHiBPKITZiZaGhtwgA&oe=6A6AFC02&_nc_sid=0985b0,3736
test-data3,true,mittel,§ 130 Abs. 1 StGB; § 140 StGB,Billigung Willkürmaßnahme,"Ausdrückliche Zustimmung zur Willkürmaßnahme gegen Juden (""absolut alles richtig gemacht"") verbunden mit völkischer Aufladung (""jeder waschechter deutsche sollte so drauf sein"").",eazyscorpionking,eazyscorpionking,76777832048,2026-06-02 02:33:10,0,Er ist ein ehrenmann absolut alles richtig gemacht jeder waschechter deutsche sollte so drauf sein,no,18413037727183193,https://www.instagram.com/eazyscorpionking,https://www.instagram.com/p/DZDH8YstgWl/c/18413037727183193,https://scontent-eze1-2.cdninstagram.com/v/t51.82787-19/654015603_17875603956552049_6475099443887122994_n.jpg?stp=dst-jpg_s150x150_tt6&efg=eyJ2ZW5jb2RlX3RhZyI6InByb2ZpbGVfcGljLmRqYW5nby4xMDgwLmMyIn0&_nc_ht=scontent-eze1-2.cdninstagram.com&_nc_cat=101&_nc_oc=Q6cZ2gF_a4wLubVuFKc9lmVVuO0ek2mcL3MzfNjBYDHQAhNZPbVHt24Kr9x-IjEtB6i_jXA&_nc_ohc=uEsAMfy0PkcQ7kNvwF6uWV2&_nc_gid=Gkx8CwvTi_AT9QTvAKx3LA&edm=AI-cjbYBAAAA&ccb=7-5&oh=00_AQCnL45cnjvFSiePU3ykSWt9Cta8wbjUqddFMKkkqljOBQ&oe=6A6AF43E&_nc_sid=0985b0,1476
test-data3,true,mittel,§ 130 Abs. 1 StGB,Billigung Willkürmaßnahme,"""Starker Typ"" lobt den wegen Volksverhetzung Verurteilten für seine Tat.",isabremen47_,isabremen47_,63281058388,2026-06-01 23:40:52,0,Starker typ,no,17949783507188627,https://www.instagram.com/isabremen47_,https://www.instagram.com/p/DZDH8YstgWl/c/17949783507188627,https://scontent-eze1-1.cdninstagram.com/v/t51.82787-19/658391967_17951740608106389_2100835156501985597_n.jpg?stp=dst-jpg_s150x150_tt6&efg=eyJ2ZW5jb2RlX3RhZyI6InByb2ZpbGVfcGljLmRqYW5nby4xMDgwLmMyIn0&_nc_ht=scontent-eze1-1.cdninstagram.com&_nc_cat=109&_nc_oc=Q6cZ2gEqX6wcEJtAx4ryYIx_96ojQ0pVDw4AUmzsp4HU98TbgiKuF00dzJ9c1oncWSADSo0&_nc_ohc=jhw6JRfTWS0Q7kNvwHOEAx_&_nc_gid=AZBrlQ15-Dd3DkRqw0Qf5A&edm=AI-cjbYBAAAA&ccb=7-5&oh=00_AQA44jMIbf56RkoB7e_ZiDwDgpD0HHIazg9QWz9gAr9zCQ&oe=6A6AF224&_nc_sid=0985b0,780
test-data3,true,mittel,§ 130 Abs. 1 StGB,Sonstiges,"'USrael hat euch an den Eiern' als verschwörungsähnliche Anspielung auf angebliche jüdisch-amerikanische Kontrolle über Deutschland, grenzwertige Kollektivzuschreibung.",erfanii_93,erfanii_93,5748033069,2026-06-02 13:26:19,0,"Unsouveränes Deutschland, USrael hat euch sowas von an den Eiern…",no,18101103298876833,https://www.instagram.com/erfanii_93,https://www.instagram.com/p/DZDH8YstgWl/c/18101103298876833,https://scontent-eze1-1.cdninstagram.com/v/t51.82787-19/685071103_18436312024185070_8435565792531339415_n.jpg?stp=dst-jpg_s150x150_tt6&efg=eyJ2ZW5jb2RlX3RhZyI6InByb2ZpbGVfcGljLmRqYW5nby4xMDgwLmMyIn0&_nc_ht=scontent-eze1-1.cdninstagram.com&_nc_cat=110&_nc_oc=Q6cZ2gG_g5EKW-jVsQ_TC4TRYo9pBUGG2ftTk8I50zuYQ8pf41tp3ev1x5Hm_0L8zHzhXGE&_nc_ohc=Gr87HniFsOYQ7kNvwEkKPvU&_nc_gid=13aVa0dDHzHDtscTZsv5RA&edm=AI-cjbYBAAAA&ccb=7-5&oh=00_AQD3YeWVmcHa72j0GNI8RMxbniIpV8AiBnqEoprGjJPlsA&oe=6A6AFC65&_nc_sid=0985b0,2689
test-data3,true,mittel,§ 130 Abs. 1 StGB,Aufstacheln zum Hass,"Bezogen auf Israelis/Juden im Diskussionsthread: Aussage ""sind halt die Wurzel allen Übels"" ist ein klassisches antisemitisches Kollektivstereotyp.",priv_property,priv_property,3837429750,2026-06-01 23:13:27,0,@wenzel_weiden sind halt die Wurzel allen Übels.,no,18099323300470211,https://www.instagram.com/priv_property,https://www.instagram.com/p/DZDH8YstgWl/c/18099323300470211,https://scontent-eze1-2.cdninstagram.com/v/t51.82787-19/543327946_18381311995125751_8195597423010782856_n.jpg?stp=dst-jpg_s150x150_tt6&efg=eyJ2ZW5jb2RlX3RhZyI6InByb2ZpbGVfcGljLmRqYW5nby4xMDgwLmMyIn0&_nc_ht=scontent-eze1-2.cdninstagram.com&_nc_cat=107&_nc_oc=Q6cZ2gFUKAu33TzZzCgXPLWy2oEhw0YrEuMTQXuS4gQHdVAFgSIiUwqpPaG8Gajvci1cmbU&_nc_ohc=xSY4WfTcwCEQ7kNvwHGA1_k&_nc_gid=3T7fI1Z1-_EndhbPna-6uQ&edm=AI-cjbYBAAAA&ccb=7-5&oh=00_AQD-bkLVflAACzLgEwP-Gz6LOdxuu1hererdKgiYqWrfSA&oe=6A6AE798&_nc_sid=0985b0,617
test-data3,true,hoch,§ 130 Abs. 1 StGB; § 166 StGB,Religionsbeschimpfung,"Talmud-Hetze mit dem antisemitischen Kampfbegriff 'Goyim' und Zustimmung ('der Mann hat recht') zur Ausgrenzung von Juden, klassisches antisemitisches Verschwörungsnarrativ.",dennisaydin84,dennisaydin84,53062224395,2026-06-02 13:29:36,0,"Wenn die Leute hier mal wüssten was so alles im Talmud über uns Goyim drinne steht. Was eine verkorkste Welt, der Mann hat recht.",no,17941265328236127,https://www.instagram.com/dennisaydin84,https://www.instagram.com/p/DZDH8YstgWl/c/17941265328236127,https://scontent-eze1-2.cdninstagram.com/v/t51.2885-19/278101089_3150267771882440_127593015821300867_n.jpg?stp=dst-jpg_s150x150_tt6&efg=eyJ2ZW5jb2RlX3RhZyI6InByb2ZpbGVfcGljLmRqYW5nby4zNDkuYzIifQ&_nc_ht=scontent-eze1-2.cdninstagram.com&_nc_cat=108&_nc_oc=Q6cZ2gG_g5EKW-jVsQ_TC4TRYo9pBUGG2ftTk8I50zuYQ8pf41tp3ev1x5Hm_0L8zHzhXGE&_nc_ohc=LMxHvm3pnwMQ7kNvwE-1Cgq&_nc_gid=13aVa0dDHzHDtscTZsv5RA&edm=AI-cjbYBAAAA&ccb=7-5&oh=00_AQCggiD6zgAkjP3Qi8DCZRj9P0-hTIXdkMRCLgffD4-Peg&oe=6A6B017C&_nc_sid=0985b0,2696
test-data3,true,mittel,§ 130 Abs. 1 StGB; § 140 StGB,Billigung Willkürmaßnahme,"""Bester mann"" billigt anerkennend die als Volksverhetzung verurteilte Handlung.",raid_santiago,raid_santiago,200776109,2026-06-02 02:07:07,0,Bester mann,no,18066464453406864,https://www.instagram.com/raid_santiago,https://www.instagram.com/p/DZDH8YstgWl/c/18066464453406864,https://scontent-eze1-1.cdninstagram.com/v/t51.82787-19/658353798_18574598452008110_2960841622203887069_n.jpg?stp=dst-jpg_s150x150_tt6&efg=eyJ2ZW5jb2RlX3RhZyI6InByb2ZpbGVfcGljLmRqYW5nby4xMDgwLmMyIn0&_nc_ht=scontent-eze1-1.cdninstagram.com&_nc_cat=102&_nc_oc=Q6cZ2gGmZljf3BRSkO170gxDqy8p7kf534XqM2D6DhQdi-oNo6Z_QJz8j7mTaiR1Gq8F0s8&_nc_ohc=bXqkdI35Z4cQ7kNvwH0PBfY&_nc_gid=PJ6l6j7NIIk05K7-0E5qPA&edm=AI-cjbYBAAAA&ccb=7-5&oh=00_AQCy7vpx8Imk83WGvXyIuof3C983n5l0Ookb3idFUAd67A&oe=6A6AEB93&_nc_sid=0985b0,1409
test-data3,true,mittel,§ 130 Abs. 1 StGB,Billigung Willkürmaßnahme,"Billigt explizit das Handeln des Ladenbesitzers (""alles richtig gemacht"") und stellt es als gerechtfertigt dar, was die Willkürmaßnahme gegen Juden gutheißt.",rocky_03491,rocky_03491,77819800666,2026-06-02 19:04:30,0,"Er hat alles richtig gemacht. Guter Mann. Hätte er gegen Christen das Gleiche gemacht, wäre gar nichts passiert. Denkt mal drüber nach!",no,18017537150853203,https://www.instagram.com/rocky_03491,https://www.instagram.com/p/DZDH8YstgWl/c/18017537150853203,https://scontent-eze1-1.cdninstagram.com/v/t51.82787-19/607807624_17856744678592667_191080404408252860_n.jpg?stp=dst-jpg_s150x150_tt6&efg=eyJ2ZW5jb2RlX3RhZyI6InByb2ZpbGVfcGljLmRqYW5nby43NTAuYzIifQ&_nc_ht=scontent-eze1-1.cdninstagram.com&_nc_cat=111&_nc_oc=Q6cZ2gHCMwqI8f5yLtBEOEZ6vd4B-nthkMQk1xDe0at8I6Vl4BCLb-0KL5WZiyyjVOfpk3k&_nc_ohc=lk3_dwOur4EQ7kNvwGHeaOC&_nc_gid=dsdtehCxXmeekBtG_A23yQ&edm=AI-cjbYBAAAA&ccb=7-5&oh=00_AQAZrcDoGwH3BMF4Jbdw0q_GP9EPNf09sXXbOjliUbXh_Q&oe=6A6B0780&_nc_sid=0985b0,3382
test-data3,true,mittel,§ 130 Abs. 1 StGB,Sonstiges,"Suggeriert, der Täter hätte durch Nennung von 'Israelis' statt 'Juden' straffrei bleiben können, was auf Zustimmung zur zugrunde liegenden Ausschlussabsicht hindeutet.",meine_zwei_schaetze,meine_zwei_schaetze,5881906138,2026-06-02 15:17:26,0,Vielleicht hätte er Israelis schreiben sollen.,no,18072312791661079,https://www.instagram.com/meine_zwei_schaetze,https://www.instagram.com/p/DZDH8YstgWl/c/18072312791661079,https://scontent-eze1-1.cdninstagram.com/v/t51.2885-19/21041659_181213342423498_8110635281356423168_a.jpg?stp=dst-jpg_s150x150_tt6&efg=eyJ2ZW5jb2RlX3RhZyI6InByb2ZpbGVfcGljLmRqYW5nby4xMDgwLmMyIn0&_nc_ht=scontent-eze1-1.cdninstagram.com&_nc_cat=110&_nc_oc=Q6cZ2gEuWXuH6_xt_8eQlz-nKJDUVA9sbkPbbSK1I59JwDOU3MT7k-VjE-3KdCbFFhh405s&_nc_ohc=s3Z-n91ECi0Q7kNvwGEbrh_&_nc_gid=AmV9HJcF1GPWlAn7gH1xXw&edm=AI-cjbYBAAAA&ccb=7-5&oh=00_AQCH_jZpGoJ_nKerJiPymJ_JfpyD7vTmFOfwgwoNYX9fgQ&oe=6A6B1899&_nc_sid=0985b0,2964
test-data3,true,mittel,§ 130 Abs. 1 StGB,Billigung Willkürmaßnahme,"Behauptet, der Täter spreche für 'Millionen Deutsche', und billigt damit die antisemitische Ausgrenzung als weit verbreitete Meinung.",martin82185,martin82185,80411007660,2026-06-02 13:34:23,0,Der Mann hat Eier... Der sagte genau das was Millionen Deutsche darüber denken👏👏👏👍👍,no,18165134698386804,https://www.instagram.com/martin82185,https://www.instagram.com/p/DZDH8YstgWl/c/18165134698386804,https://instagram.fkna1-1.fna.fbcdn.net/v/t51.2885-19/573323465_1219825463302212_7278921664109726296_n.png?stp=dst-webp&efg=eyJ2ZW5jb2RlX3RhZyI6InByb2ZpbGVfcGljLmRqYW5nby4xNTAuYzIifQ&_nc_ht=instagram.fkna1-1.fna.fbcdn.net&_nc_cat=1&_nc_oc=Q6cZ2gGjafv87WNXHpjegCdW1cyHiA9cbO3Azoj0nu8vyVY92EN6M1mgSz6yv5dxzgQ2Gmg&_nc_ohc=vUGxye7DTtYQ7kNvwHVBnVt&_nc_gid=SnVSJxgRK9eT8phSx-55Wg&edm=AJ9x6zYBAAAA&ccb=7-5&ig_cache_key=YW5vbnltb3VzX3Byb2ZpbGVfcGlj.3-ccb7-5&oh=00_AQC1dioBntmPLDDgr6nXlT9yOqOBSz2_c4P46ggB450a3Q&oe=6A6B08EA&_nc_sid=65462d,2705
test-data3,true,hoch,§ 241 StGB,Bedrohung,"Aufforderung, die Richterin zu ""köpfen"", stellt eine konkrete Gewaltandrohung gegen eine namentlich nicht genannte, aber identifizierbare Amtsträgerin dar.",rudiderrammler,rudiderrammler,50096033036,2026-06-03 07:02:47,0,Die Richterin Köpfen,no,18151313011490163,https://www.instagram.com/rudiderrammler,https://www.instagram.com/p/DZDH8YstgWl/c/18151313011490163,https://scontent-eze1-1.cdninstagram.com/v/t51.2885-19/251879547_2920323108280646_7147269436096691565_n.jpg?stp=dst-jpg_s150x150_tt6&efg=eyJ2ZW5jb2RlX3RhZyI6InByb2ZpbGVfcGljLmRqYW5nby4zMzYuYzIifQ&_nc_ht=scontent-eze1-1.cdninstagram.com&_nc_cat=102&_nc_oc=Q6cZ2gHkE-rTFYa7rSvqOpX0gzxRD79XN5vYjoyA5LYXtxhJU9H9QIfOCGMhk5FjXzy483o&_nc_ohc=wG7eDxvKUZIQ7kNvwFYxuhx&_nc_gid=jqyYX8drCSlaNdWtO3faJQ&edm=AI-cjbYBAAAA&ccb=7-5&oh=00_AQDCiGl9wWhNT4vF9DdDZhiB0L_7mrVKwdnE9jE7_ahhIg&oe=6A6AFE3F&_nc_sid=0985b0,3869
test-data3,true,mittel,§ 130 Abs. 1 StGB,Aufstacheln zum Hass,"Abwertende Kollektivaussage ""die jews können tun was sie wollen"" schreibt der gesamten Gruppe pauschal Sonderrechte/Verantwortung zu und ist als verächtlichmachend einzustufen.",j3nsja3ger,j3nsja3ger,7996348849,2026-06-04 19:59:15,0,Warum sollte er Reue zeigen? Meinungsfreiheit gibt es wohl nicht mehr😅 aber die jews können tun was sie wollen😅,no,18105190030799426,https://www.instagram.com/j3nsja3ger,https://www.instagram.com/p/DZDH8YstgWl/c/18105190030799426,https://scontent-eze1-2.cdninstagram.com/v/t51.2885-19/34313740_1073684532769635_7906674478539603968_n.jpg?stp=dst-jpg_s150x150_tt6&efg=eyJ2ZW5jb2RlX3RhZyI6InByb2ZpbGVfcGljLmRqYW5nby4yMDAuYzIifQ&_nc_ht=scontent-eze1-2.cdninstagram.com&_nc_cat=103&_nc_oc=Q6cZ2gErwch3gqjlHfOb7kGwTcU_eXaPwUKCGHAU1ouv2zutwa1v4hKXQxz5S4kBaLG2Ug8&_nc_ohc=1dGeLwMgJNEQ7kNvwHyLuXu&_nc_gid=9GNMMIgHw6eqUjTjjoj0QQ&edm=AI-cjbYBAAAA&ccb=7-5&oh=00_AQARPfQEcVQFFteuCptDl8kDwOKtQDIVU8Qj8zwe6oWVMQ&oe=6A6AEB19&_nc_sid=0985b0,4195
test-data3,true,mittel,§ 130 Abs. 1 StGB; § 140 StGB,Billigung Willkürmaßnahme,"Bezeichnung des Täters als ""Ehrenmann"" billigt die Willkürmaßnahme gegen Juden.",_altan_89,_altan_89,4078909429,2026-06-02 01:03:45,0,Ehrenmann,no,17907972189240735,https://www.instagram.com/_altan_89,https://www.instagram.com/p/DZDH8YstgWl/c/17907972189240735,https://scontent-eze1-1.cdninstagram.com/v/t51.82787-19/539623948_18379520080133430_981648630387358873_n.jpg?stp=dst-jpg_s150x150_tt6&efg=eyJ2ZW5jb2RlX3RhZyI6InByb2ZpbGVfcGljLmRqYW5nby4xMDI0LmMyIn0&_nc_ht=scontent-eze1-1.cdninstagram.com&_nc_cat=106&_nc_oc=Q6cZ2gET8FYLVDHjLOY2-7WXrnMMuz9M8ysX2H7Um7-yti_cYS1kL2X422U_vhP6P05U-XQ&_nc_ohc=SY5MtORWigQQ7kNvwF84qY0&_nc_gid=Ah3OrgViOGt8eUmGyPxOuw&edm=AI-cjbYBAAAA&ccb=7-5&oh=00_AQCPzTpjKtJfStW942nIUCDVzbsQg1um5FpVPYJwxTl0pA&oe=6A6B1A9E&_nc_sid=0985b0,1153
test-data3,true,mittel,§ 130 Abs. 1 StGB,Billigung Willkürmaßnahme,'Ehrenmann' als Lob für den Täter der antisemitischen Aushängung.,missnumerouno_1,missnumerouno_1,65981030661,2026-06-02 14:36:33,0,Ehrenmann 👏🏾,no,18191426824374286,https://www.instagram.com/missnumerouno_1,https://www.instagram.com/p/DZDH8YstgWl/c/18191426824374286,https://scontent-eze1-2.cdninstagram.com/v/t51.2885-19/472399720_1601791407373951_1327316186100789528_n.jpg?stp=dst-jpg_s150x150_tt6&efg=eyJ2ZW5jb2RlX3RhZyI6InByb2ZpbGVfcGljLmRqYW5nby4xMDgwLmMyIn0&_nc_ht=scontent-eze1-2.cdninstagram.com&_nc_cat=107&_nc_oc=Q6cZ2gGIPZ8-ZhKuHQysFuAhR_hlkDTfEb29CbufMAkTmvkGw9oEMCahO97976yaNrxU_-Q&_nc_ohc=_bEUK0dGYzUQ7kNvwEaP8om&_nc_gid=tFH9vaNpUjdfCKd1GklJ2g&edm=AI-cjbYBAAAA&ccb=7-5&oh=00_AQBfpkHB_P8ek8uqN7cs3NcPlAHk5BAnV4zoUR1ADABo9w&oe=6A6B0C5D&_nc_sid=0985b0,2864
test-data3,true,mittel,§ 130 Abs. 1 StGB; § 140 StGB,Billigung Willkürmaßnahme,Ausdrückliche Zustimmung ('alles richtig gemacht') zur verurteilten Diskriminierungsmaßnahme gegen Juden.,_030ae,_030ae,47145916854,2026-06-01 22:23:43,0,Guter Mann ❤️ alles richtig gemacht,no,17939663754247929,https://www.instagram.com/_030ae,https://www.instagram.com/p/DZDH8YstgWl/c/17939663754247929,https://instagram.fjed2-1.fna.fbcdn.net/v/t51.2885-19/573323465_1219825463302212_7278921664109726296_n.png?stp=dst-jpg_e0_s150x150_tt6&efg=eyJ2ZW5jb2RlX3RhZyI6InByb2ZpbGVfcGljLmRqYW5nby4xNTAuYzIifQ&_nc_ht=instagram.fjed2-1.fna.fbcdn.net&_nc_cat=1&_nc_oc=Q6cZ2gGZfCBBXJu0oUBapXrWy8GnfS7l_udWiUUFN_qPBnXzfe8U5efsaE014xbSvu72ZuDxxYE18LVF16bSrfCz24Jd&_nc_ohc=vUGxye7DTtYQ7kNvwHs6tEY&_nc_gid=e1jPX17uHE1mahaK22Eu1w&edm=AL4D0a4BAAAA&ccb=7-5&ig_cache_key=YW5vbnltb3VzX3Byb2ZpbGVfcGlj.3-ccb7-5&oh=00_AQAjolQUXmNJNi6TWgKKroNNfv09uljUF5SNIUw2aHuzng&oe=6A6B08EA&_nc_sid=9e8221,347
test-data3,true,mittel,§ 130 Abs. 1 StGB,Billigung Willkürmaßnahme,"Bezeichnet den Verurteilten als ""Held"", der eine Statue verdiene – deutliche Billigung/Verherrlichung der Tat.",ernestoseckin,ernestoseckin,4803089981,2026-06-01 23:48:47,0,Ein Held. Er müsste eine Statur erhalten,no,17977311477013055,https://www.instagram.com/ernestoseckin,https://www.instagram.com/p/DZDH8YstgWl/c/17977311477013055,https://scontent-eze1-1.cdninstagram.com/v/t51.82787-19/703281087_18372679873161982_8230400519443966842_n.jpg?stp=dst-jpg_s150x150_tt6&efg=eyJ2ZW5jb2RlX3RhZyI6InByb2ZpbGVfcGljLmRqYW5nby4xMDgwLmMyIn0&_nc_ht=scontent-eze1-1.cdninstagram.com&_nc_cat=110&_nc_oc=Q6cZ2gFhilJlQ99O1jtrcOJcjPPcfTJolvLXvQipHr-NHxo8hYVf9VDC7jEYfuVoKAU6_cU&_nc_ohc=y5xusrQmwXIQ7kNvwG5FgsC&_nc_gid=8LPNe_VJabXRKNQEViP9sA&edm=AI-cjbYBAAAA&ccb=7-5&oh=00_AQAQzedQKcgh-MTgNIEy08GRIP-m5z6UMeOxC2STyUMNJQ&oe=6A6AF33B&_nc_sid=0985b0,830
test-data3,true,mittel,§ 130 Abs. 1 StGB,Billigung Willkürmaßnahme,"Bezeichnet den Täter als ""Held"" im Kontext des antisemitischen Hausverbotsschilds.",phantomus_holow,phantomus_holow,36606952645,2026-06-02 22:26:37,0,Er ist ein Held! Wo ist sein Laden?,no,18116663644805619,https://www.instagram.com/phantomus_holow,https://www.instagram.com/p/DZDH8YstgWl/c/18116663644805619,https://scontent-eze1-1.cdninstagram.com/v/t51.82787-19/726838813_18090221729216646_1710126938517546264_n.jpg?stp=dst-jpg_s150x150_tt6&efg=eyJ2ZW5jb2RlX3RhZyI6InByb2ZpbGVfcGljLmRqYW5nby44ODYuYzIifQ&_nc_ht=scontent-eze1-1.cdninstagram.com&_nc_cat=106&_nc_oc=Q6cZ2gHksv4wMTzW93XLbo69IrTH2wcGqG4GtT9upmkSVmK1rgnpleZI4lUZNUZK5TMpjh4&_nc_ohc=rKiI9RatwgsQ7kNvwGzPh52&_nc_gid=8qzOiQ18w36CjAQqsYrROQ&edm=AI-cjbYBAAAA&ccb=7-5&oh=00_AQD4K1a8O0B-vC08M3oOp1mD-NjhXgP7CalpnsjRjmRjYg&oe=6A6AE711&_nc_sid=0985b0,3687
